designation;prix_vente_FCFA;categorie;DCI;dosage;forme;liste;classe_therapeutique;source_identification;confiance
"2292580 6118000030188 1";"0";"";"";"";"";"";"";"non identifié";"à vérifier"
"3HP KIT GEL DETAIL";"1500";"Médicament";"Amoxicilline + Tinidazole + Omeprazole";"";"Gel";"";"";"identification manuelle (marque)";"moyenne"
"3HP KIT GEL/2+COMP/4 KIT/14";"20800";"Médicament";"Amoxicilline + Tinidazole + Omeprazole";"";"Gélule";"";"";"identification manuelle (marque)";"moyenne"
"8906067081865 8906067081865";"0";"";"";"";"";"";"";"non identifié";"à vérifier"
"9 VIT SOL INJ AMP 10M";"1805";"Médicament";"MULTIVITAMINES";"";"Injectable";"ST";"Supplement vitaminique";"même marque dans la base PHARMACORP";"moyenne"
"A CERUMEN 2ML DOSE B/";"3500";"Médicament";"Tea cocoyl hydrolyse + coco betaine + peg120 methylglucose dioleate";"2ml";"";"ST";"Anticerumen";"même marque dans la base PHARMACORP";"moyenne"
"A PAR SOL AER F/200ML";"17990";"";"";"200ml";"";"";"";"non identifié";"à vérifier"
"A-CERUMEN SOL AURICULAIRE SPRAY FL/40ML";"4780";"Médicament";"Tea cocoyl hydrolyse + coco betaine + peg120 methylglucose dioleate";"40ml";"Spray";"ST";"Anticerumen";"même marque dans la base PHARMACORP";"moyenne"
"ABATOUT A.RAT 140G";"6030";"Hygiène";"";"140g";"";"";"";"hors médicament";"haute"
"ABATOUT A.RAT DETAIL SACHET T/20G";"860";"Hygiène";"";"20g";"Poudre / sachet";"";"";"hors médicament";"haute"
"ABZ 200MG/5ML SUSP BU";"790";"Médicament";"Albendazole";"200mg/5ml";"Suspension buvable";"Liste II";"Antiparasitaire, Antihelminthique";"même marque dans la base PHARMACORP";"moyenne"
"ABZ 400MG CP B/1";"830";"Médicament";"Albendazole";"400mg";"Comprimé";"Liste II";"Antiparasitaire, Antihelminthique";"même marque dans la base PHARMACORP";"moyenne"
"ABZ 400MG CPR B/3";"2110";"Médicament";"Albendazole";"400mg";"Comprimé";"Liste II";"Antiparasitaire, Antihelminthique";"base PHARMACORP";"haute"
"AC NET HUILE MEDIC FL/100ML";"8850";"Cosmétique / dermo";"";"100ml";"";"";"";"hors médicament";"haute"
"AC NET LOTION FLORALE FL/125ML";"8950";"Cosmétique / dermo";"";"125ml";"";"";"";"hors médicament";"haute"
"AC NET LOTION MEDICALE FL/125ML";"10975";"Cosmétique / dermo";"";"125ml";"";"";"";"hors médicament";"haute"
"AC NET SAVON MEDIC PAIN/250G";"3975";"Cosmétique / dermo";"";"250g";"";"";"";"hors médicament";"haute"
"ACARILBIAL SOL EXT F/";"2885";"Médicament";"Benzoate de benzyle";"";"";"ST";"Antiscabieux";"même marque dans la base PHARMACORP";"moyenne"
"ACCU CHEK ACTIVE BDLE B/25";"11260";"Dispositif médical / consommable";"";"";"";"";"";"hors médicament";"haute"
"ACCU CHEK ACTIVE BDLE B/50";"16900";"Dispositif médical / consommable";"";"";"";"";"";"hors médicament";"haute"
"ACCU CHEK ACTIVE LECT GLYC MG/DL KIT";"25485";"Dispositif médical / consommable";"";"";"";"";"";"hors médicament";"haute"
"ACCU CHEK GUIDE LECT GLYC COFFRE T/1";"24500";"Dispositif médical / consommable";"";"";"";"";"";"hors médicament";"haute"
"ACCU CHEK SOFTCLIX LANCETTE B/25";"2665";"Dispositif médical / consommable";"";"";"";"";"";"hors médicament";"haute"
"ACCUZON 1G SOL INJ B/1";"3395";"Médicament";"Ceftriaxone";"1g";"Injectable";"Liste I";"Antibacterien (Cephalosporines 3 generation), Antibiotique";"base PHARMACORP";"haute"
"ACECLO-P COMP.B/10";"2775";"Médicament";"Aceclofenac + Paracetamol";"";"Comprimé";"Liste II";"Antalgique, Antipyrétique, Antiinflammatoire non steroidien";"même marque dans la base PHARMACORP";"moyenne"
"ACEFLAMEX 100MG CP B/10";"2775";"Médicament";"Aceclofenac";"100mg";"Comprimé";"";"";"identification manuelle (marque)";"moyenne"
"ACEFYL SP F/120ML";"1190";"Médicament";"Acefylline piperazine + Diphenydramine chlorhydrate";"45mg/8mg/5mL";"Autre";"Liste II";"Antitussif toux grasse";"base PHARMACORP";"haute"
"ACELAR-PS COMP B/10";"2535";"Médicament";"Aceclofenac + Paracetamol + Serratiopeptidase";"";"Comprimé";"Liste II";"Antalgique, Antipyrétique, Antiinflammatoire non steroidien";"même marque dans la base PHARMACORP";"moyenne"
"ACENLAND 100MG CPR B/";"1580";"Médicament";"Aceclofenac";"100mg";"Comprimé";"";"";"identification manuelle (marque)";"moyenne"
"ACENLAND-P 100/500MG CPR B/10";"1940";"Médicament";"Aceclofenac + Paracetamol";"100mg/500mg";"Comprimé";"Liste II";"Antalgique, Antipyrétique, Antiinflammatoire non steroidien";"base PHARMACORP";"haute"
"ACEPLAT 100MG COMP.B/100";"4700";"Médicament";"Aceclofenac";"100mg";"Comprimé";"";"";"identification manuelle (marque)";"moyenne"
"ACEPLAT 100MG COMP.DETAIL/10";"470";"Médicament";"Aceclofenac";"100mg";"Comprimé";"";"";"identification manuelle (marque)";"moyenne"
"ACESON-D 100MG/80MG CPR B/10";"2080";"Médicament";"Aceclofenac + Drotaverine";"100mg/80mg";"Comprimé";"Liste II";"Antispasmodique, Antiinflammatoire non steroidien";"base PHARMACORP";"haute"
"ACESON-P 100MG/500MG CPR B/10";"1805";"Médicament";"Aceclofenac + Paracetamol";"100mg/500mg";"Comprimé";"Liste II";"Antalgique, Antipyrétique, Antiinflammatoire non steroidien";"base PHARMACORP";"haute"
"ACFAMOL 40MG IV/IM INJ/1+SOL/1";"1805";"Médicament";"Methylprednisolone";"40mg";"Injectable";"Liste I";"Antiinflammatoire steroidien";"même marque dans la base PHARMACORP";"moyenne"
"ACFOL 5MG COMP B/25";"2050";"Médicament";"Acide folique";"5mg";"Comprimé";"ST";"Antianemique";"même marque dans la base PHARMACORP";"moyenne"
"ACFRAN SP F/200ML";"2775";"Médicament";"Fer + Acide folique + Vit B12 + L-lysine";"310mg/0,75mg/3,5mcg/70mg";"Autre";"ST";"Antianemique";"base PHARMACORP";"haute"
"ACIDE FOLIQUE CREAT 5MG CPR B/100";"3050";"Médicament";"Acide folique";"5mg";"Comprimé";"ST";"Antianemique";"base PHARMACORP";"haute"
"ACIDE FOLIQUE CREAT 5MG CPR B/30";"1610";"Médicament";"Acide folique";"5mg";"Comprimé";"ST";"Antianemique";"base PHARMACORP";"haute"
"ACIDE FUSIDIQUE UBI 2% CR T/15G B/12";"18110";"Médicament";"Acide fusidique";"2%";"Crème / pommade / gel";"Liste I";"Antibiotique Antibacterien (Fusidanines)";"base PHARMACORP";"haute"
"ACIDE FUSIQUE UBI 2% CR T/15G B/1 DET";"1510";"Médicament";"Acide fusidique";"2%";"Crème / pommade";"";"";"identification manuelle (marque)";"moyenne"
"ACIDE TRANEXAMIQUE AGT 100MG/ML B/10";"16640";"Médicament";"Acide tranexamique";"100mg";"";"";"";"identification manuelle (marque)";"moyenne"
"ACIDE TRANEXAMIQUE AGT 100MG/ML DETAIL/1";"1665";"Médicament";"Acide tranexamique";"100mg";"";"";"";"identification manuelle (marque)";"moyenne"
"ACIFUS 2% POMMADE T/15G";"2220";"Médicament";"Acide fusidique";"2%";"Crème / pommade";"";"";"identification manuelle (marque)";"moyenne"
"ACINET 1,2G SOL INJ FL/5ML";"3190";"Médicament";"Amoxicilline + Acide clavulanique";"1,2g";"Injectable";"Liste I";"Antibiotique Antibacterien (Penicillines)";"même marque dans la base PHARMACORP";"moyenne"
"ACLAV 100MG/12,5MG PDR SUSP BUV F/30ML";"2495";"Médicament";"Amoxicilline + Acide clavulanique";"100mg/12,5mg";"Suspension buvable";"Liste I";"Antibiotique Antibacterien (Penicillines)";"même marque dans la base PHARMACORP";"moyenne"
"ACLAV 100MG/12,5ML SUSP BUV F/60ML";"4990";"Médicament";"Amoxicilline + Acide clavulanique";"100mg/12,5ml";"Suspension buvable";"Liste I";"Antibiotique Antibacterien (Penicillines)";"même marque dans la base PHARMACORP";"moyenne"
"ACLAV 1G/125MG SACH B/12";"5590";"Médicament";"Amoxicilline + Acide clavulanique";"1g/125mg";"Poudre / sachet";"Liste I";"Antibiotique Antibacterien (Penicillines)";"même marque dans la base PHARMACORP";"moyenne"
"ACLAV 1G/125MG SACH B/16";"8250";"Médicament";"Amoxicilline + Acide clavulanique";"1g/125mg";"Poudre / sachet";"Liste I";"Antibiotique Antibacterien (Penicillines)";"même marque dans la base PHARMACORP";"moyenne"
"ACLAV 1G/200MG INJ B/1";"3190";"Médicament";"Amoxicilline + Acide clavulanique";"1g/200mg";"Injectable";"Liste I";"Antibiotique Antibacterien (Penicillines)";"même marque dans la base PHARMACORP";"moyenne"
"ACLAV 500MG/50MG PDRE SOL INJ F/1";"1940";"Médicament";"Amoxicilline + Acide clavulanique";"500mg/50mg";"Injectable";"Liste I";"Antibiotique Antibacterien (Penicillines)";"base PHARMACORP";"haute"
"ACLAV 500MG/62,5MG SACH B/12";"5545";"Médicament";"Amoxicilline + Acide clavulanique";"500mg/62,5mg";"Poudre / sachet";"Liste I";"Antibiotique Antibacterien (Penicillines)";"même marque dans la base PHARMACORP";"moyenne"
"ACLAV 500MG/62,5MG SACH B/16";"7625";"Médicament";"Amoxicilline + Acide clavulanique";"500mg/62,5mg";"Poudre / sachet";"Liste I";"Antibiotique Antibacterien (Penicillines)";"même marque dans la base PHARMACORP";"moyenne"
"ACLIN GEL T/15G";"4020";"Médicament";"Clindamycine";"1 %";"Crème / pommade / gel";"Liste I";"Antibiotique Antiacneique (Lincosamines)";"base PHARMACORP";"haute"
"ACLOGEL 1,5% GEL T/30";"2355";"Médicament";"Aceclofenac + Huile de lin + Menthol + Methyl salicylate";"1,5%";"Gel";"Liste II";"Antiinflammatoire non steroidien";"même marque dans la base PHARMACORP";"moyenne"
"ACLOP 100MG/500MG CPR B/10";"2270";"Médicament";"Aceclofenac + Paracetamol";"100mg/500mg";"Comprimé";"Liste II";"Antalgique, Antipyrétique, Antiinflammatoire non steroidien";"même marque dans la base PHARMACORP";"moyenne"
"ACLOP 50MG/125MG SUSP BUV F/100ML";"1940";"Médicament";"Aceclofenac + Paracetamol";"50mg/125mg";"Sirop / solution buvable";"Liste II";"Antalgique, Antipyrétique, Antiinflammatoire non steroidien";"base PHARMACORP";"haute"
"ACNEX-NH CR+A.AGE 25G+100G";"9455";"";"";"25g";"Crème / pommade";"";"";"non identifié";"à vérifier"
"ACOFAN 100MG CPR B/30";"1070";"Médicament";"Aceclofenac";"100mg";"Comprimé";"Liste II";"Antiinflammatoire non steroidien";"base PHARMACORP";"haute"
"ACRETIN 0,05% CREME T/30G";"3050";"Médicament";"Isotretinoine";"0,05%";"Crème / pommade";"Liste I";"Antiacneique";"même marque dans la base PHARMACORP";"moyenne"
"ACTICARBINE CP B/42";"1870";"Médicament";"Charbon active + papaverine chlorhydrate";"";"Comprimé";"ST";"Adsorbant intestinal et Antiflatulant";"même marque dans la base PHARMACORP";"moyenne"
"ACTICARBINE CP B/84";"2775";"Médicament";"Charbon active + papaverine chlorhydrate";"";"Comprimé";"ST";"Adsorbant intestinal et Antiflatulant";"même marque dans la base PHARMACORP";"moyenne"
"ACTIGRIP PLUS COMP EFFERV POCHETTE/4";"665";"Médicament";"Paracetamol + Pseudoephedrine + Triprolidine";"";"Comprimé";"";"";"identification manuelle (marque)";"à vérifier"
"ACTILOSA GELULE B/30";"6935";"Médicament";"Probiotiques + Prebiotiques";"";"Gélule";"ST";"";"même marque dans la base PHARMACORP";"moyenne"
"ACTILOSA PDRE SUSP BUV FL/30ML";"4160";"Médicament";"Probiotiques + Prebiotiques";"30ml";"Suspension buvable";"ST";"";"même marque dans la base PHARMACORP";"moyenne"
"ACTILOSA PDRE SUSP BUV SACHET B/10";"3465";"Médicament";"Probiotiques + Prebiotiques";"";"Suspension buvable";"ST";"";"même marque dans la base PHARMACORP";"moyenne"
"ACTIMAG SOL BUV FL/10";"4480";"Médicament";"Magnesium pidolate";"";"";"ST";"Supplement magnesique";"même marque dans la base PHARMACORP";"moyenne"
"ACTINAC 100MG CP B/30";"7625";"Médicament";"Aceclofenac";"100mg";"Comprimé";"Liste II";"Antiinflammatoire non steroidien";"base PHARMACORP";"haute"
"ACTINAC 100MG CPR B/10";"2565";"Médicament";"Aceclofenac";"100mg";"Comprimé";"";"";"identification manuelle (marque)";"moyenne"
"ACTINAC GEL T/30G";"2495";"Médicament";"Aceclofenac";"NR";"Crème / pommade / gel";"Liste II";"Antiinflammatoire non steroidien";"base PHARMACORP";"haute"
"ACTINAC LP 200MG CPR";"3745";"Médicament";"Aceclofenac";"200mg";"Comprimé";"";"";"identification manuelle (marque)";"moyenne"
"ACTINAC PLUS 100/500MG COMP B/20";"5960";"Médicament";"Aceclofenac + Paracetamol";"100/500mg";"Comprimé";"";"";"identification manuelle (marque)";"moyenne"
"ACTINAC PLUS 100MG/500MG CPR 1BL10";"2980";"Médicament";"Aceclofenac + Paracetamol";"100mg/500mg";"Comprimé";"";"";"identification manuelle (marque)";"moyenne"
"ACTINAC PLUS SP 100MG/500MG B/10";"3465";"Médicament";"Aceclofenac + Paracetamol";"100mg/500mg";"Sirop";"";"";"identification manuelle (marque)";"moyenne"
"ACTISKENAN 10MG GEL B/14";"2815";"Médicament";"Morphine";"10mg";"Crème / pommade / gel";"Liste I";"Analgesique Narcotique";"base PHARMACORP";"haute"
"ACTISKENAN 5MG GELULE B/14";"1900";"Médicament";"Morphine";"5mg";"Gélule";"Liste I";"Analgesique Narcotique";"même marque dans la base PHARMACORP";"moyenne"
"ACTISOUFRE SPR F/100ML";"6865";"Médicament";"Soufre + levure saccharomyces cerevisiae + sodium";"100ml";"";"ST";"Rhinites, Rhinopharingites chroniques";"même marque dans la base PHARMACORP";"moyenne"
"ACTOVNZ KIT COMP B/4";"4160";"";"";"";"Comprimé";"";"";"non identifié";"à vérifier"
"ACTOZOL 400MG COMP DETAIL/1";"695";"Médicament";"Albendazole";"400mg";"Comprimé";"Liste II";"Antiparasitaire, Antihelminthique";"même marque dans la base PHARMACORP";"moyenne"
"ACTOZOL 400MG CPR B/10";"6935";"Médicament";"Albendazole";"400mg";"Comprimé";"Liste II";"Antiparasitaire, Antihelminthique";"base PHARMACORP";"haute"
"ACTOZOL 400MG SUSP ORALE F/10ML";"1385";"Médicament";"Albendazole";"400mg";"Sirop / solution buvable";"Liste II";"Antiparasitaire, Antihelminthique";"base PHARMACORP";"haute"
"ACUDROX 250MG/5ML FL/30ML";"2775";"Médicament";"Cefadroxil";"250mg/5ml";"";"Liste I";"Antibacterien (Cephalosporines 1generation), Antibiotique";"même marque dans la base PHARMACORP";"moyenne"
"ACUMOL 100MG/500MG CPR B/20";"4160";"Médicament";"Aceclofenac + Paracetamol";"100mg/500mg";"Comprimé";"Liste II";"Antalgique, Antipyrétique, Antiinflammatoire non steroidien";"même marque dans la base PHARMACORP";"moyenne"
"ACUPAN 20MG SOL INJ AMOP/2ML B/5 AFR";"3770";"Médicament";"Nefopam";"20mg";"Injectable";"Liste I";"Antalgique";"même marque dans la base PHARMACORP";"moyenne"
"ACUPAN 20MG SOL INJ AMP/2ML";"755";"Médicament";"Nefopam";"20mg";"Injectable";"Liste I";"Antalgique";"même marque dans la base PHARMACORP";"moyenne"
"ACURE 20MG/120MG CPR DISP B/6";"1665";"Médicament";"Artemether + Lumefantrine";"20mg/120mg";"Comprimé";"Liste I";"Antipaludique";"même marque dans la base PHARMACORP";"moyenne"
"ACURE 20MG/120MG NN PDR SUSP BUV F/30ML";"1525";"Médicament";"Artemether + Lumefantrine";"20mg/120mg";"Suspension buvable";"Liste I";"Antipaludique";"même marque dans la base PHARMACORP";"moyenne"
"ACURE 40MG/240MG CPR DISP B/6";"2910";"Médicament";"Artemether + Lumefantrine";"40mg/240mg";"Comprimé";"Liste I";"Antipaludique";"même marque dans la base PHARMACORP";"moyenne"
"ACURE 40MG/240MG ENF PDRE SUSP BUV F/30ML";"2220";"Médicament";"Artemether + Lumefantrine";"40mg/240mg";"Suspension buvable";"Liste I";"Antipaludique";"même marque dans la base PHARMACORP";"moyenne"
"ACURE 80MG/480MG CPR B/6";"3190";"Médicament";"Artemether + Lumefantrine";"80mg/480mg";"Comprimé";"Liste I";"Antipaludique";"même marque dans la base PHARMACORP";"moyenne"
"ACURE60MG/360MG ADO PDRE SUSP BUV F/30ML";"2425";"Médicament";"Artemether + Lumefantrine";"60mg/360mg";"Suspension buvable";"Liste I";"Antipaludique";"même marque dans la base PHARMACORP";"moyenne"
"ACYCLOVIR DENK 200MG CPR B/1 DETAIL";"1820";"Médicament";"Aciclovir";"200mg";"Comprimé";"";"";"identification manuelle (marque)";"moyenne"
"ACYCLOVIR DENK 200MG CPR B/25";"9095";"Médicament";"Aciclovir";"200mg";"Comprimé";"";"";"identification manuelle (marque)";"moyenne"
"ACYCLOVIR DENK 5% CR T/7G";"3745";"Médicament";"Aciclovir";"5%";"Crème / pommade";"";"";"identification manuelle (marque)";"moyenne"
"ADALAT LA 30MG COMP.B/30";"12480";"Médicament";"Nifedipine";"30mg";"Comprimé";"Liste I";"Antiangoreux (IC)";"même marque dans la base PHARMACORP";"moyenne"
"ADEPAL COMP B/3X21";"6975";"Médicament";"Levonorgestrel + ethinylestradiol";"";"Comprimé";"Liste I";"Contraceptif oral";"même marque dans la base PHARMACORP";"moyenne"
"ADEPAL COMP.B/21 3400931840640";"2480";"Médicament";"Levonorgestrel + ethinylestradiol";"";"Comprimé";"Liste I";"Contraceptif oral";"même marque dans la base PHARMACORP";"moyenne"
"ADILPARA-SP 50MG/325MG/15MG COMP.B/10";"2355";"Médicament";"Paracetamol + Diclofenac + Serratiopeptidase";"50mg/325mg";"Sirop";"Liste II";"Antalgique, Antipyrétique, Antiinflammatoire non steroidien";"même marque dans la base PHARMACORP";"moyenne"
"ADIONE LP 10MG/10MG CPR B/10";"2010";"Médicament";"Doxylamine succinate + Pyridoxine chlorhydrate";"10mg/10mg";"Comprimé";"ST";"Antiemetique";"base PHARMACORP";"haute"
"ADIONE LP 10MG/10MG CPR B/30";"4785";"Médicament";"Doxylamine succinate + Pyridoxine chlorhydrate";"10mg/10mg";"Comprimé";"ST";"Antiemetique";"même marque dans la base PHARMACORP";"moyenne"
"ADOXIN 10MG/2.5MG COMP.B/10";"2000";"Médicament";"Doxylamine succinate + Pyridoxine chlorhydrate + Acide folique";"10mg/2.5mg";"Comprimé";"Liste II";"Antiemetique";"même marque dans la base PHARMACORP";"moyenne"
"ADRENALINE AGT 1MG/1ML B/10 3400931953173";"11645";"Médicament";"Adrenaline";"1mg/1ml";"";"";"";"DCI citée dans la désignation";"moyenne"
"ADRENALINE AGT 1MG/1ML DETAIL/1";"1175";"Médicament";"Adrenaline";"1mg/1ml";"";"";"";"DCI citée dans la désignation";"moyenne"
"ADRIDE 2MG CPR SEC B/30";"2495";"Médicament";"Glimepiride";"2mg";"Comprimé";"Liste I";"Antidiabetique (sulfonylurees)";"base PHARMACORP";"haute"
"ADRIDE 4MG CP B/30";"4160";"Médicament";"Glimepiride";"4mg";"Comprimé";"";"";"identification manuelle (marque)";"moyenne"
"ADRIDE M 2MG/500MG CPR B/30";"5545";"Médicament";"Glimepiride + Metformine";"2mg/500mg";"Comprimé";"Liste I";"Antidiabetique (Biguanides + Sulfonylurées)";"base PHARMACORP";"haute"
"ADVANCED CLINICALS ACID HYALUR CREME 454G";"15000";"Cosmétique / dermo";"";"454g";"Crème / pommade";"";"";"hors médicament";"haute"
"ADVANCED CLINICALS COLLAGENE CREME 454G";"15000";"Cosmétique / dermo";"";"454g";"Collyre";"";"";"hors médicament";"haute"
"ADVANCED CLINICALS RETINOL CREME 454G";"15000";"Cosmétique / dermo";"";"454g";"Crème / pommade";"";"";"hors médicament";"haute"
"ADVANCED CLINICALS VIT C CREME 454G";"15000";"Cosmétique / dermo";"";"454g";"Crème / pommade";"";"";"hors médicament";"haute"
"ADVIL 200MG COMP B/20";"1470";"Médicament";"Ibuprofene";"200mg";"Comprimé";"Liste II";"Antalgique, Antipyrétique, Antiinflammatoire non steroidien";"même marque dans la base PHARMACORP";"moyenne"
"ADVILMED 20MG/ML SUSP PEDIA F/200ML";"2965";"Médicament";"Ibuprofene";"20mg";"Suspension buvable";"Liste II";"Antalgique, Antipyrétique, Antiinflammatoire non steroidien";"même marque dans la base PHARMACORP";"moyenne"
"ADVILMED 400MG COMP B/20";"2300";"Médicament";"Ibuprofene";"400mg";"Comprimé";"Liste II";"Antalgique, Antipyrétique, Antiinflammatoire non steroidien";"même marque dans la base PHARMACORP";"moyenne"
"AERIUS 5MG COMP B/15";"6200";"Médicament";"Desloratadine";"5mg";"Comprimé";"Liste II";"Antiallergique, Antihistaminique H2";"même marque dans la base PHARMACORP";"moyenne"
"AERIUS 5MG COMP B/7";"3120";"Médicament";"Desloratadine";"5mg";"Comprimé";"Liste II";"Antiallergique, Antihistaminique H2";"même marque dans la base PHARMACORP";"moyenne"
"AERIUS SP F/60ML + CU";"4160";"Médicament";"Desloratadine";"60ml";"Sirop";"Liste II";"Antiallergique, Antihistaminique H2";"même marque dans la base PHARMACORP";"moyenne"
"AFEXIDINE 120MG COMP B/10";"3050";"Médicament";"Fexofenadine";"120mg";"Comprimé";"";"";"identification manuelle (marque)";"moyenne"
"AFINE 500MG COMP POCHETTE/4 DETAIL";"315";"Médicament";"Paracetamol";"500mg";"Comprimé";"";"";"identification manuelle (marque)";"moyenne"
"AFINE 500MG CPR PELL";"6295";"Médicament";"Paracetamol";"500mg";"Comprimé";"";"";"identification manuelle (marque)";"moyenne"
"AFINE C 280/10/100MG PDR EN B/10";"2635";"Médicament";"Paracetamol + Chlorphenamine + Vitamine C";"280/10/100mg";"";"";"";"identification manuelle (marque)";"à vérifier"
"AFINE C 500/25/200MG AD PDR SACH B/10";"2910";"Médicament";"Paracetamol + Chlorpheniramine maleate + VitC";"500mg/25mg/200mg";"Sachet / poudre";"ST";"Antigrippal";"base PHARMACORP";"haute"
"AFSC 1G/1G/150MG KIT CPR B/4";"4300";"Médicament";"Azithromycine + Fluconazole + Secnidazole";"1g/150mg/1g";"Comprimé";"Liste I";"Antifongique, Antiparasitaire, Antibiotique Antibacterien (Macrolides)";"base PHARMACORP";"haute"
"AFTAGEL GEL BUC T/15ML";"2940";"Médicament";"Lidocaine + zinc sulfate";"15ml";"Gélule";"Liste II";"Anesthesique local";"même marque dans la base PHARMACORP";"moyenne"
"AGRADO DEO FRESH FANTASY FOR WOMEN 150ML";"1500";"Cosmétique / dermo";"";"150ml";"";"";"";"hors médicament";"haute"
"AGRADO DEO SWEET LOVE FOR WOMEN 150ML";"1500";"Cosmétique / dermo";"";"150ml";"";"";"";"hors médicament";"haute"
"AGYRAX 25MG COMP B/15";"2150";"Médicament";"Meclozine chlorhydrate";"25mg";"Comprimé";"Liste II";"Antivertigineux Mal des transports";"même marque dans la base PHARMACORP";"moyenne"
"AIDA CREME REGUL ANTI TACHE BRUNES T/40ML";"8610";"Cosmétique / dermo";"";"40ml";"Crème / pommade";"";"";"hors médicament";"haute"
"AIG DIDA UU 40X0,90 COFFRET/100 PCS";"2805";"Dispositif médical / consommable";"";"";"";"";"";"hors médicament";"haute"
"AIG SPINOCAN 20G 0,9X88 B/1";"2135";"Dispositif médical / consommable";"";"20g";"";"";"";"hors médicament";"haute"
"AIG SPINOCAN 22G 0,7X88 B/1";"2120";"Dispositif médical / consommable";"";"22g";"";"";"";"hors médicament";"haute"
"AIG SPINOCAN 25G 0,5X88 B/1";"2120";"Dispositif médical / consommable";"";"25g";"";"";"";"hors médicament";"haute"
"AIRTAL COMP B/10";"3620";"Médicament";"Aceclofenac";"";"Comprimé";"Liste II";"Antiinflammatoire non steroidien";"même marque dans la base PHARMACORP";"moyenne"
"AIRTAL COMP B/40";"12760";"Médicament";"Aceclofenac";"";"Comprimé";"Liste II";"Antiinflammatoire non steroidien";"même marque dans la base PHARMACORP";"moyenne"
"AKARYD 10MG CPR B/20";"3470";"Médicament";"Loratadine";"10mg";"Comprimé";"Liste II";"Antihistaminique, Antiallergique (H1)";"base PHARMACORP";"haute"
"AKEROL 2,5MG/5ML SP F";"3465";"Médicament";"Desloratadine";"2,5mg/5ml";"Sirop";"Liste II";"Antiallergique, Antihistaminique H2";"même marque dans la base PHARMACORP";"moyenne"
"AKEROL 5MG CPR B/20";"4505";"Médicament";"Desloratadine";"5mg";"Comprimé";"Liste II";"Antiallergique, Antihistaminique H2";"même marque dans la base PHARMACORP";"moyenne"
"AKINETON LP 4MG CP B/30";"3760";"Médicament";"Biperidene";"4mg";"Comprimé";"Liste I";"Antiparkinsonien";"même marque dans la base PHARMACORP";"moyenne"
"ALAIRGIX 10MG CP B/7 CPR A SUCER B/7";"3370";"Médicament";"Cetirizine";"10mg";"Comprimé";"Liste II";"Antihistaminique";"même marque dans la base PHARMACORP";"moyenne"
"ALASTH 100MCG INH DOSE F/200";"3120";"Médicament";"Salbutamol";"100mcg";"";"Liste I";"Bronchodilatateur";"même marque dans la base PHARMACORP";"moyenne"
"ALASTH 2MG/5ML SP FL/100ML";"3330";"Médicament";"Salbutamol";"2mg/5ml";"Sirop";"Liste I";"Bronchodilatateur";"même marque dans la base PHARMACORP";"moyenne"
"ALBACT 200MG CP B/10";"2785";"Médicament";"Ofloxacine";"200mg";"Comprimé";"Liste I";"Antibiotique Antibacterien (Quinolone 2 generation)";"base PHARMACORP";"haute"
"ALBELA 400MG CPR DETA";"415";"Médicament";"Albendazole";"400mg";"Comprimé";"Liste II";"Antiparasitaire, Antihelminthique";"même marque dans la base PHARMACORP";"moyenne"
"ALBELA 400MG CROQ B/50";"20800";"Médicament";"Albendazole";"400mg";"";"Liste II";"Antiparasitaire, Antihelminthique";"même marque dans la base PHARMACORP";"moyenne"
"ALBELA 400MG SUSP BUV FL/10ML";"900";"Médicament";"Albendazole";"400mg";"Injectable";"Liste II";"Antiparasitaire, Antihelminthique";"base PHARMACORP";"haute"
"ALBEN 4% SUSP BUV FL/10ML";"1595";"Médicament";"Albendazole";"4%";"Suspension buvable";"Liste II";"Antiparasitaire, Antihelminthique";"même marque dans la base PHARMACORP";"moyenne"
"ALBEN 400MG CPR B/1 SD";"1555";"Médicament";"Albendazole";"400mg";"Comprimé";"Liste II";"Antiparasitaire, Antihelminthique";"même marque dans la base PHARMACORP";"moyenne"
"ALBENDAZOLE LUPHA 400MG COMP B/25";"7375";"Médicament";"Albendazole";"400mg";"Comprimé";"";"";"DCI citée dans la désignation";"moyenne"
"ALBENDAZOLE LUPHA 400MG COMP.B/1";"320";"Médicament";"Albendazole";"400mg";"Comprimé";"";"";"DCI citée dans la désignation";"moyenne"
"ALBENDAZOLE UBI 400MG COMP 50BL1";"6095";"Médicament";"Albendazole";"400mg";"Comprimé";"";"";"DCI citée dans la désignation";"moyenne"
"ALBENDAZOLE UBI 400MG COMP DETAIL";"125";"Médicament";"Albendazole";"400mg";"Comprimé";"";"";"DCI citée dans la désignation";"moyenne"
"ALBIZOL 0,4G SUSP BUV FL/10ML";"695";"Médicament";"Albendazole";"0,4g";"Suspension buvable";"Liste II";"Antiparasitaire, Antihelminthique";"même marque dans la base PHARMACORP";"moyenne"
"ALBIZOL 400MG CPR B/1";"695";"Médicament";"Albendazole";"400mg";"Comprimé";"Liste II";"Antiparasitaire, Antihelminthique";"même marque dans la base PHARMACORP";"moyenne"
"ALCER 40MG CPR B/30";"8320";"Médicament";"Esomeprazole";"40mg";"Comprimé";"";"";"identification manuelle (marque)";"à vérifier"
"ALCER 40MG PDRE INJ B/1 + SOLV F/1";"4855";"Médicament";"Pantoprazole";"40mg";"Injectable";"Liste II";"Antiulcereux (IPP)";"base PHARMACORP";"haute"
"ALCER D 40MG/30MG GEL";"3465";"Médicament";"Esomeprazole + Domperidone";"40mg/30mg";"Gel";"";"";"identification manuelle (marque)";"à vérifier"
"ALCER GEL 225/200/50MG/5ML SUSP BUV200ML";"2775";"Médicament";"Aluminium hydroxyde + Magnesium hydroxyde + Simethicone";"225mg/200mg/50mg/5mL";"Sirop / solution buvable";"ST";"Anti acide, Antiflatulent";"base PHARMACORP";"haute"
"ALCOF-C SP F/100ML";"3135";"Médicament";"Dextromethorphane bromhydrate + Phenylephrine chlorhydrate + Cetirizine + Menthol racemique";"10mg/5mg/5mg/1,5mg";"Autre";"ST";"Antitussif";"base PHARMACORP";"haute"
"ALCOOL 90° 1 LITRE";"9110";"Médicament";"Ethanol";"";"";"";"";"identification manuelle (marque)";"moyenne"
"ALCOOL 90° CPF 125ML 3401573656446";"1445";"Médicament";"Ethanol";"125ml";"";"";"";"identification manuelle (marque)";"moyenne"
"ALCOOL ETHYL 60 CPF 125ML";"1420";"Médicament";"Ethanol";"125ml";"";"";"";"identification manuelle (marque)";"moyenne"
"ALCOOL ETHYL 70 MOD CPF 125ML";"1260";"Médicament";"Ethanol";"125ml";"";"";"";"identification manuelle (marque)";"moyenne"
"ALCOOL ETHYL 95 CPF 1L";"10160";"Médicament";"Ethanol";"";"";"";"";"identification manuelle (marque)";"moyenne"
"ALDACTAZINE CPR B/30 3400935125514";"4605";"Médicament";"Spironolactone + Altizide";"";"Comprimé";"Liste II";"Antihypertenseur (Diuretiques associes)";"même marque dans la base PHARMACORP";"moyenne"
"ALDACTONE 25MG COMP B/30";"4735";"Médicament";"Spironolactone";"25mg";"Comprimé";"Liste II";"Diuretique";"même marque dans la base PHARMACORP";"moyenne"
"ALDACTONE 50MG COMP B/20 3400932725038";"5325";"Médicament";"Spironolactone";"50mg";"Comprimé";"Liste II";"Diuretique";"même marque dans la base PHARMACORP";"moyenne"
"ALDACTONE 75MG MICRON COMP";"8000";"Médicament";"Spironolactone";"75mg";"Comprimé";"Liste II";"Diuretique";"même marque dans la base PHARMACORP";"moyenne"
"ALDOMET 250MG COMP B/30";"2580";"Médicament";"Methyl dopa";"250mg";"Comprimé";"Liste I";"Antihypertenseur (Action centrale)";"même marque dans la base PHARMACORP";"moyenne"
"ALDOMET 500MG COMP B/30";"6075";"Médicament";"Methyl dopa";"500mg";"Comprimé";"Liste I";"Antihypertenseur (Action centrale)";"même marque dans la base PHARMACORP";"moyenne"
"ALEMONT 5MG/10MG CPR PELL B/10";"1315";"Médicament";"Levocetirizine + Montelukast";"5mg/10mg";"Comprimé";"Liste II";"Antiasthmatique, Antiallergique";"base PHARMACORP";"haute"
"ALEPSAL 100MG COMP B/30 3400932896103";"2620";"Médicament";"Phenobarbital + Cafeine anhydre";"100mg";"Comprimé";"Liste II";"Antiepileptique (Barbituriques)";"même marque dans la base PHARMACORP";"moyenne"
"ALEPSAL 150MG COMP B/30";"4090";"Médicament";"Phenobarbital + Cafeine anhydre";"150mg";"Comprimé";"Liste II";"Antiepileptique (Barbituriques)";"même marque dans la base PHARMACORP";"moyenne"
"ALEPSAL 50MG COMP B/30";"1555";"Médicament";"Phenobarbital + Cafeine anhydre";"50mg";"Comprimé";"Liste II";"Antiepileptique (Barbituriques)";"même marque dans la base PHARMACORP";"moyenne"
"ALERBIX 10MG COMP.ORODISP.B/20";"4645";"";"";"10mg";"Comprimé";"";"";"non identifié";"à vérifier"
"ALERBIX 2,5MG/ML S.BUV FL/120ML";"6695";"";"";"2,5mg";"";"";"";"non identifié";"à vérifier"
"ALERCHEK 0,1% COLL F/5ML";"4300";"Médicament";"Olopatadine";"0,1%";"Collyre / ORL";"Liste I";"Antiallergique oculaire";"base PHARMACORP";"haute"
"ALERID CETIRIZ 10MG COMP B/10 WA 3401526215164";"2080";"Médicament";"Cetirizine";"10mg";"Comprimé";"";"";"DCI citée dans la désignation";"moyenne"
"ALEZE COMP B/28";"1000";"Médicament";"Levonorgestrel + Ethinylestradiol";"";"Comprimé";"";"";"identification manuelle (marque)";"à vérifier"
"ALEZE EC 72H COMP B/1";"1690";"Médicament";"Levonorgestrel";"";"Comprimé";"";"";"identification manuelle (marque)";"moyenne"
"ALFACURE 20MG/120MG CPR DISP B/6";"1385";"Médicament";"Artemether + Lumefantrine";"20mg/120mg";"Comprimé";"Liste I";"Antipaludique";"base PHARMACORP";"haute"
"ALFACURE 40MG/240MG CPR B/6";"2080";"Médicament";"Artemether + Lumefantrine";"40mg/240mg";"Comprimé";"Liste I";"Antipaludique";"base PHARMACORP";"haute"
"ALFACURE 80MG/480MG CPR B/6";"2775";"Médicament";"Artemether + Lumefantrine";"80mg/480mg";"Comprimé";"Liste I";"Antipaludique";"base PHARMACORP";"haute"
"ALFAMOX 1G PDRE SUSP BUV SACH B/14";"4645";"Médicament";"Amoxicilline";"1g";"Suspension buvable";"Liste I";"Antibiotique Antibacterien (Penicillines)";"même marque dans la base PHARMACORP";"moyenne"
"ALFAMOX 250MG/5ML PDR";"2775";"Médicament";"Amoxicilline";"250mg/5ml";"";"Liste I";"Antibiotique Antibacterien (Penicillines)";"même marque dans la base PHARMACORP";"moyenne"
"ALFAMOX 500MG PDRE SUSP BUV SACH B/14";"3260";"Médicament";"Amoxicilline";"500mg";"Sirop / solution buvable";"Liste I";"Antibiotique Antibacterien (Penicillines)";"base PHARMACORP";"haute"
"ALFER 100MG CPR B/30";"2775";"Médicament";"Fer + Vitamines";"multidosage";"Comprimé";"ST";"Antianemique";"base PHARMACORP";"haute"
"ALFER SP F/200ML";"2835";"Médicament";"Fer + Vitamines";"multidosage";"Autre";"ST";"Antianemique";"base PHARMACORP";"haute"
"ALFOSA 35MG COMP B/4";"4965";"Médicament";"Acide alendronique";"35mg";"Comprimé";"";"";"identification manuelle (marque)";"à vérifier"
"ALFOSA 70MG CPR B/4";"8320";"Médicament";"Acide alendronique";"70mg";"Comprimé";"Liste I";"Biphosphate (osteosporose)";"base PHARMACORP";"haute"
"ALFUZOSINE LP BGR 10MG CPR B/30";"12245";"Médicament";"Alfuzosine chlorhydrate";"10mg";"Comprimé";"";"";"DCI citée dans la désignation";"moyenne"
"ALGESAL BAUME T/40G";"2955";"Médicament";"Acide salicylique + Diethylamine";"6,54g/3,46g";"Autre";"ST";"Antalgique, Antiinflammatoire non steroidien";"base PHARMACORP";"haute"
"ALGESAL SURACTIVE CREME T/40G";"2955";"Médicament";"Salicylate de diethylamine + Myrtecaine";"40g";"Crème / pommade";"";"";"identification manuelle (marque)";"moyenne"
"ALGESIC 1000MG CPR SEC B/8";"830";"Médicament";"Paracetamol";"1000mg";"Comprimé";"ST";"Antalgique, Antipyrétique";"base PHARMACORP";"haute"
"ALGESIC 500MG CPR SEC B/20";"460";"Médicament";"Paracetamol";"500mg";"Comprimé";"ST";"Antalgique, Antipyrétique";"base PHARMACORP";"haute"
"ALGESIC EXTRA 500/65MG CPR PELL SEC B/16";"1110";"Médicament";"Paracetamol + Cafeine";"500/65mg";"Comprimé";"";"";"identification manuelle (marque)";"moyenne"
"ALGOFENE 20MG/ML SP FL/150ML";"2080";"Médicament";"Ibuprofene";"20mg";"Sirop";"Liste II";"Antalgique, Antipyrétique, Antiinflammatoire non steroidien";"même marque dans la base PHARMACORP";"moyenne"
"ALLCOLD 125MG/2,5MG/1MG/5ML SP FL/100ML";"2080";"Médicament";"Paracetamol + Chlorphenamine + Phenylephrine";"125mg/2,5mg";"Sirop";"";"";"identification manuelle (marque)";"à vérifier"
"ALLCOLD 500MG/5MG/2MG/16MG CPR B/20";"2775";"Médicament";"Paracetamol + Chlorpheniramine + Phenylephrine + Cafeine anhydre";"500mg/2mg/5mg/16mg";"Comprimé";"ST";"Antigrippal";"base PHARMACORP";"haute"
"ALLERCET 10MG COMP/10";"1690";"Médicament";"Cetirizine";"10mg";"Comprimé";"";"";"identification manuelle (marque)";"moyenne"
"ALLERCET SIROP F/100ML";"3050";"Médicament";"Cetirizine";"100ml";"Sirop";"";"";"identification manuelle (marque)";"moyenne"
"ALLERCET-M COMP B/10";"5545";"Médicament";"Levocetirizine + Montelukast";"";"Comprimé";"";"";"identification manuelle (marque)";"moyenne"
"ALLERGIFLASH 0,05% CY UNIDO/03ML B/10";"6405";"Médicament";"Levocabastine chlorhydrate";"0,05%";"";"Liste II";"Antihistaminique, Antiallergique";"même marque dans la base PHARMACORP";"moyenne"
"ALLERGINE 10MG CPR B/15";"4340";"Médicament";"Loratadine";"10mg";"Comprimé";"Liste II";"Antihistaminique, Antiallergique (H1)";"même marque dans la base PHARMACORP";"moyenne"
"ALLERGODIL 0,05% CY FL/6ML";"6225";"Médicament";"Azelastine";"0,05%";"";"ST";"Antiallergique";"même marque dans la base PHARMACORP";"moyenne"
"ALLERGODIL SPRAY NAS FL/17ML";"4020";"Médicament";"Azelastine";"17ml";"Spray";"ST";"Antiallergique";"même marque dans la base PHARMACORP";"moyenne"
"ALLERGUS 0,5MG/ML SP FL/150ML";"4855";"Médicament";"Desloratadine";"0,5mg/mL";"Injectable";"Liste II";"Antiallergique, Antihistaminique H2";"base PHARMACORP";"haute"
"ALLERGUS 5MG CPR PELL B/15";"3175";"Médicament";"Desloratadine";"5mg";"Comprimé";"Liste II";"Antiallergique, Antihistaminique H2";"même marque dans la base PHARMACORP";"moyenne"
"ALLERGYL OPC SP 100ML";"1385";"Médicament";"Promethazine";"100ml";"Sirop";"ST";"Antihistaminique, Antiallergique";"même marque dans la base PHARMACORP";"moyenne"
"ALLERGYL SP F/60ML";"1110";"Médicament";"Promethazine";"60ml";"Sirop";"ST";"Antihistaminique, Antiallergique";"même marque dans la base PHARMACORP";"moyenne"
"ALLESTENE 0.05% GOUTTES SOL BUV FL/30ML";"3050";"Médicament";"Betamethasone";"0.05%";"Gouttes";"Liste I";"Antiinflammatoire steroidien (Glucocorticoide)";"même marque dans la base PHARMACORP";"moyenne"
"ALLESTENE 2MG CPR DISP B/20";"3120";"Médicament";"Betamethasone";"2mg";"Comprimé";"Liste I";"Antiinflammatoire steroidien (Glucocorticoide)";"base PHARMACORP";"haute"
"ALLESTENE 4MG IM SOL INJ AMP/1ML B/3";"3120";"Médicament";"Betamethasone";"4mg";"Injectable";"Liste I";"Antiinflammatoire steroidien (Glucocorticoide)";"base PHARMACORP";"haute"
"ALLESTENE 4MG IM SOL INJ DETAIL/1";"1040";"Médicament";"Betamethasone";"4mg";"Injectable";"Liste I";"Antiinflammatoire steroidien (Glucocorticoide)";"même marque dans la base PHARMACORP";"moyenne"
"ALLNAT 120MG IV PDRE SOL INJ F/1+SOLV";"2800";"Médicament";"Artesunate";"120mg";"Injectable";"Liste I";"Antipaludique";"base PHARMACORP";"haute"
"ALLNAT 60MG IV PDRE SOL INJ F/1+SOLV";"1665";"Médicament";"Artesunate";"60mg";"Injectable";"Liste I";"Antipaludique";"base PHARMACORP";"haute"
"ALLOPURINOL ARROW 100MG COMP.B/28 3400935745989";"1595";"Médicament";"Allopurinol";"100mg";"Comprimé";"";"";"DCI citée dans la désignation";"moyenne"
"ALLOPURINOL ARROW 200MG COMP B/28 3400935746641";"1665";"Médicament";"Allopurinol";"200mg";"Comprimé";"";"";"DCI citée dans la désignation";"moyenne"
"ALLOPURINOL ARROW 300MG COMP B/28";"2360";"Médicament";"Allopurinol";"300mg";"Comprimé";"";"";"DCI citée dans la désignation";"moyenne"
"ALM 20MG/120MG PDRE SUSP BUV FL/60ML";"2150";"Médicament";"Artemether + Lumefantrine";"20mg/120mg";"Suspension buvable";"Liste I";"Antipaludique";"même marque dans la base PHARMACORP";"moyenne"
"ALM DS 80MG/480MG CPR B/6";"2150";"Médicament";"Artemether + Lumefantrine";"80mg/480mg";"Comprimé";"Liste I";"Antipaludique";"base PHARMACORP";"haute"
"ALMAX 1G/7,5ML SUSP BUV FL/225ML";"3090";"Médicament";"Almagate";"1g/7,5ml";"Suspension buvable";"Liste II";"Anti acide";"même marque dans la base PHARMACORP";"moyenne"
"ALMAX FORTE 1,5G SUSP BUV SACH B/30";"4435";"Médicament";"Almagate";"1,5g";"Suspension buvable";"Liste II";"Anti acide";"même marque dans la base PHARMACORP";"moyenne"
"ALMAX FORTE DETAIL/1";"150";"Médicament";"Almagate";"";"";"Liste II";"Anti acide";"même marque dans la base PHARMACORP";"moyenne"
"ALODONT SOL BAIN BOUCHE FL/200ML";"9435";"Médicament";"Cetylpyridinium + chlorobutanol + eugenol";"200ml";"";"ST";"Antiseptique";"même marque dans la base PHARMACORP";"moyenne"
"ALOFACT 100/500MG CPR B/20";"3465";"Médicament";"Aceclofenac + Paracetamol";"100/500mg";"Comprimé";"Liste II";"Antalgique, Antipyrétique, Antiinflammatoire non steroidien";"même marque dans la base PHARMACORP";"moyenne"
"ALOX SUSP BUV F/200ML";"1735";"Médicament";"Aluminiun hydroxyde + Magnesium hydroxyde + Simethicone";"200mg/200mg/20mg";"Sirop / solution buvable";"ST";"Anti acide";"base PHARMACORP";"haute"
"ALOZOL 400MG COMP B/100";"41595";"Médicament";"Albendazole";"400mg";"Comprimé";"Liste II";"Antiparasitaire, Antihelminthique";"même marque dans la base PHARMACORP";"moyenne"
"ALOZOL 400MG CP B/1 DETAIL";"415";"Médicament";"Albendazole";"400mg";"Comprimé";"Liste II";"Antiparasitaire, Antihelminthique";"même marque dans la base PHARMACORP";"moyenne"
"ALPHAGAN 0,2% COLLYRE FL/5ML 3400934547300";"7670";"Médicament";"Brimonidine tartrate";"0,2%";"Collyre";"Liste I";"Antiglaucomateux";"même marque dans la base PHARMACORP";"moyenne"
"ALPHAVIT SP F/120ML";"4610";"Médicament";"MULTIVITAMINES";"120ml";"Sirop";"ST";"Supplement vitaminique";"même marque dans la base PHARMACORP";"moyenne"
"ALPRAZOLAM BGR 0,50 COMP B/30";"2080";"Médicament";"Alprazolam";"";"Comprimé";"";"";"DCI citée dans la désignation";"moyenne"
"ALRAT 0,5MG/ML SP F/60ML";"2500";"Médicament";"Desloratadine";"0,5mg/mL";"Autre";"Liste II";"Antiallergique, Antihistaminique H2";"base PHARMACORP";"haute"
"ALRAT 5MG COMP B/15";"2495";"Médicament";"Desloratadine";"5mg";"Comprimé";"Liste II";"Antiallergique, Antihistaminique H2";"même marque dans la base PHARMACORP";"moyenne"
"ALUCONE SUSP BUV FL/200ML";"3815";"Médicament";"Aluminium hydroxyde + Magnesium hydroxyde + Simethicone";"200ml";"Suspension buvable";"ST";"Anti acide, Antiflatulent";"même marque dans la base PHARMACORP";"moyenne"
"ALUKON 10 TAB 10MG B/28";"7625";"Médicament";"Montelukast";"10mg";"";"Liste II";"Antiallergique Antiasthmatique";"même marque dans la base PHARMACORP";"moyenne"
"ALUKON 4 SACH B/14";"4160";"Médicament";"Montelukast";"";"Poudre / sachet";"Liste II";"Antiallergique Antiasthmatique";"même marque dans la base PHARMACORP";"moyenne"
"ALUKON 5 TAB 5MG B/28";"4435";"Médicament";"Montelukast";"5mg";"";"Liste II";"Antiallergique Antiasthmatique";"même marque dans la base PHARMACORP";"moyenne"
"ALUPHO 10,4G GEL SUSP BUV B/20";"4090";"Médicament";"Aluminium Phosphate";"10,4g";"Suspension buvable";"ST";"Anti acide";"même marque dans la base PHARMACORP";"moyenne"
"ALUPHO 10,4G GEL SUSP BUV DETAIL/1";"205";"Médicament";"Aluminium Phosphate";"10,4g";"Suspension buvable";"ST";"Anti acide";"même marque dans la base PHARMACORP";"moyenne"
"ALVIR 200MG CPR DISP";"2700";"Médicament";"Aciclovir";"200mg";"Comprimé";"Liste I";"Antiviral";"même marque dans la base PHARMACORP";"moyenne"
"ALVIR 200MG CPR DISP B/30";"8030";"Médicament";"Aciclovir";"200mg";"Comprimé";"Liste I";"Antiviral";"même marque dans la base PHARMACORP";"moyenne"
"ALVIR 5% CR T/5G";"3465";"Médicament";"Aciclovir";"5%";"Crème / pommade";"Liste I";"Antiviral";"même marque dans la base PHARMACORP";"moyenne"
"ALVITYL APPETIT SP FL/100ML";"7380";"Médicament";"MULTIVITAMINES";"62,5mg/50mg/1,5mg/2,5mcg/5mL";"Injectable";"ST";"Supplement vitaminique";"base PHARMACORP";"haute"
"ALVITYL CP EFF T/10";"3450";"Nutrition / complément";"Multivitamines";"";"Comprimé";"";"";"identification manuelle (marque)";"moyenne"
"ALVITYL DEFENSES SIROP FL/150ML";"9450";"Nutrition / complément";"Multivitamines";"150ml";"Sirop";"";"";"identification manuelle (marque)";"moyenne"
"ALVITYL EFF B/2X15";"5795";"Nutrition / complément";"Multivitamines";"";"";"";"";"identification manuelle (marque)";"moyenne"
"ALVITYL MAGNESIUM VIT B6 CAPS B/45";"3445";"Médicament";"Magnesium + Vit B6";"300mg/2mg";"Gélule";"ST";"Neuroregulateur";"base PHARMACORP";"haute"
"ALVITYL PLUS CP B/40";"6065";"Nutrition / complément";"Multivitamines";"";"Comprimé";"";"";"identification manuelle (marque)";"moyenne"
"ALVITYL SP AER NF FL/";"6330";"Nutrition / complément";"Multivitamines";"";"Sirop";"";"";"identification manuelle (marque)";"moyenne"
"ALVITYL TONUS COMP EFF B/20";"6835";"Nutrition / complément";"Multivitamines";"";"Comprimé";"";"";"identification manuelle (marque)";"moyenne"
"ALVITYL TONUS CPR EFFERV B/10";"3410";"Nutrition / complément";"Multivitamines";"";"Comprimé";"";"";"identification manuelle (marque)";"moyenne"
"ALVITYL VEINO-DRAINE GELULE B/30";"5860";"Nutrition / complément";"Multivitamines";"";"Gélule";"";"";"identification manuelle (marque)";"moyenne"
"ALVITYL VIT C 1000 COMP EFF B/15";"3105";"Nutrition / complément";"Multivitamines";"";"Comprimé";"";"";"identification manuelle (marque)";"moyenne"
"ALVITYL VITALITE CPR EFFV B/30";"5340";"Nutrition / complément";"Multivitamines";"";"Comprimé";"";"";"identification manuelle (marque)";"moyenne"
"ALVITYL VITALITE TONUS ORANG CPR EFFV/20";"6290";"Nutrition / complément";"Multivitamines";"";"Comprimé";"";"";"identification manuelle (marque)";"moyenne"
"ALZOL 400MG CPR B/1";"1525";"Médicament";"Albendazole";"400mg";"Comprimé";"Liste II";"Antiparasitaire, Antihelminthique";"même marque dans la base PHARMACORP";"moyenne"
"ALZOL 400MG SUSP BUV F/10ML";"1525";"Médicament";"Albendazole";"400mg";"Suspension buvable";"Liste II";"Antiparasitaire, Antihelminthique";"même marque dans la base PHARMACORP";"moyenne"
"AMADAY 10MG B/30";"6655";"Médicament";"Amlodipine";"10mg";"";"";"";"identification manuelle (marque)";"moyenne"
"AMADAY 10MG CPR B/60";"11785";"Médicament";"Amlodipine";"10mg";"Comprimé";"Liste I";"Antihypertenseur, Antiangoreux (IC)";"base PHARMACORP";"haute"
"AMADAY 5MG CPR B/30";"5270";"Médicament";"Amlodipine";"5mg";"Comprimé";"";"";"identification manuelle (marque)";"moyenne"
"AMADAY 5MG CPR B/60";"9015";"Médicament";"Amlodipine";"5mg";"Comprimé";"Liste I";"Antihypertenseur, Antiangoreux (IC)";"base PHARMACORP";"haute"
"AMADAY PL 10MG/4MG CPR B/30";"9705";"Médicament";"Amlodipine + Perindopril";"10mg/4mg";"Comprimé";"";"";"identification manuelle (marque)";"à vérifier"
"AMADAY PL 10MG/8MG CPR B/30";"10055";"Médicament";"Amlodipine + Perindopril";"10mg/8mg";"Comprimé";"";"";"identification manuelle (marque)";"à vérifier"
"AMADAY PL 5MG/4MG CPR B/30";"8665";"Médicament";"Amlodipine + Perindopril";"5mg/4mg";"Comprimé";"";"";"identification manuelle (marque)";"à vérifier"
"AMADAY PL 5MG/8MG CPR B/30";"9370";"Médicament";"Amlodipine + Perindopril";"5mg/8mg";"Comprimé";"";"";"identification manuelle (marque)";"à vérifier"
"AMADAY TRIO 10MG/2,5MG/8MG CPR B/30";"13865";"Médicament";"Perindopril + indapamide + amlodipine";"8mg/2,5mg/10mg";"Comprimé";"Liste I";"Antihypertenseur, Antiangoreux (IEC + DT +IC)";"base PHARMACORP";"haute"
"AMADAY TRIO 10MG/4MG/1,25MG COMP B/30";"12135";"Médicament";"Amlodipine";"10mg/4mg";"Comprimé";"";"";"identification manuelle (marque)";"moyenne"
"AMADAY TRIO 5MG/1,25MG/4MG COMP B/30";"10400";"Médicament";"Amlodipine";"5mg/1,25mg";"Comprimé";"";"";"identification manuelle (marque)";"moyenne"
"AMADAY TRIO 5MG/2,5MG/8MG COMP B/30";"11785";"Médicament";"Amlodipine";"5mg/2,5mg";"Comprimé";"";"";"identification manuelle (marque)";"moyenne"
"AMALFI DEO ALOE VERA ROLL ON 50ML";"1900";"Cosmétique / dermo";"";"50ml";"";"";"";"hors médicament";"haute"
"AMALFI DEO DERMO PROTECT ROLL ON 50ML";"1900";"Cosmétique / dermo";"";"50ml";"";"";"";"hors médicament";"haute"
"AMALFI DEO INFINITI ROLL ON 50ML";"1900";"Cosmétique / dermo";"";"50ml";"";"";"";"hors médicament";"haute"
"AMALFI DEO MEN STRESS CARE ROLL ON 50ML";"1900";"Cosmétique / dermo";"";"50ml";"";"";"";"hors médicament";"haute"
"AMALFI GEL DE DOUCHE ZERO % FL/400ML";"2000";"Cosmétique / dermo";"";"400ml";"Gel";"";"";"hors médicament";"haute"
"AMALFI HUILE ARGAN CORP FL/200ML";"3500";"Cosmétique / dermo";"";"200ml";"";"";"";"hors médicament";"haute"
"AMALFI MEN DEO BLUE WAVES 150ML";"2000";"Cosmétique / dermo";"";"150ml";"";"";"";"hors médicament";"haute"
"AMALFI MEN DEO CHOCO WILD 150ML";"2000";"Cosmétique / dermo";"";"150ml";"";"";"";"hors médicament";"haute"
"AMALFI MEN DEO COOL SEA 150ML";"2000";"Cosmétique / dermo";"";"150ml";"";"";"";"hors médicament";"haute"
"AMALFI MEN DEO EMERALD SKY 150ML";"2000";"Cosmétique / dermo";"";"150ml";"";"";"";"hors médicament";"haute"
"AMALFI MEN DEO FOREST BLACK 150ML";"2000";"Cosmétique / dermo";"";"150ml";"";"";"";"hors médicament";"haute"
"AMALFI MEN DEO GOLDEN PEARL 150ML";"2000";"Cosmétique / dermo";"";"150ml";"";"";"";"hors médicament";"haute"
"AMAPINE 10MG CPR B/30";"7485";"Médicament";"Amlodipine";"10mg";"Comprimé";"";"";"identification manuelle (marque)";"moyenne"
"AMAPINE 5MG CPR B/30";"5545";"Médicament";"Amlodipine";"5mg";"Comprimé";"";"";"identification manuelle (marque)";"moyenne"
"AMAREL 1MG COMP B/30";"4245";"Médicament";"Glimepiride";"1mg";"Comprimé";"Liste I";"Antidiabetique (sulfonylurees)";"même marque dans la base PHARMACORP";"moyenne"
"AMAREL 2MG COMP B/30";"6365";"Médicament";"Glimepiride";"2mg";"Comprimé";"Liste I";"Antidiabetique (sulfonylurees)";"même marque dans la base PHARMACORP";"moyenne"
"AMAREL 3MG COMP B/30";"8320";"Médicament";"Glimepiride";"3mg";"Comprimé";"Liste I";"Antidiabetique (sulfonylurees)";"même marque dans la base PHARMACORP";"moyenne"
"AMAREL 4MG COMP B/30";"13450";"Médicament";"Glimepiride";"4mg";"Comprimé";"Liste I";"Antidiabetique (sulfonylurees)";"même marque dans la base PHARMACORP";"moyenne"
"AMARYL M 2MG/500MG CPR B/30";"8180";"Médicament";"Glimepiride + Metformine";"2mg/500mg";"Comprimé";"Liste I";"Antidiabetique (Biguanides + Sulfonylurées)";"base PHARMACORP";"haute"
"AMATRIX 1000MG SR COMP LP B/30";"2910";"Médicament";"Metformine";"1000mg";"Comprimé";"";"";"identification manuelle (marque)";"moyenne"
"AMATRIX 850MG CPR B/30";"2495";"Médicament";"Metformine chlorhydrate";"850mg";"Comprimé";"Liste I";"Antidiabetique (Biguanides)";"base PHARMACORP";"haute"
"AMATRIX PLUS 500MG/5MG CPR B/30";"4520";"Médicament";"Metformine chlorhydrate + glibenclamide";"500mg/5mg";"Comprimé";"Liste I";"Antidiabetique (Biguanides + Sulfonylurées)";"base PHARMACORP";"haute"
"AMCARD 10MG CPR B/14";"6933";"Médicament";"Amlodipine";"10mg";"Comprimé";"Liste I";"Antihypertenseur, Antiangoreux (IC)";"même marque dans la base PHARMACORP";"moyenne"
"AMCARD 10MG CPR B/28";"9705";"Médicament";"Amlodipine";"10mg";"Comprimé";"Liste I";"Antihypertenseur, Antiangoreux (IC)";"même marque dans la base PHARMACORP";"moyenne"
"AMCARD 5MG CPR B/14";"4160";"Médicament";"Amlodipine";"5mg";"Comprimé";"Liste I";"Antihypertenseur, Antiangoreux (IC)";"même marque dans la base PHARMACORP";"moyenne"
"AMCARD 5MG CPR B/28";"5545";"Médicament";"Amlodipine";"5mg";"Comprimé";"Liste I";"Antihypertenseur, Antiangoreux (IC)";"même marque dans la base PHARMACORP";"moyenne"
"AMEP 5MG COMP B/14";"2705";"Médicament";"Amlodipine";"5mg";"Comprimé";"Liste I";"Antihypertenseur, Antiangoreux (IC)";"même marque dans la base PHARMACORP";"moyenne"
"AMFOCIN 1G/125MG PDRE SUSP BUV SACH B/12";"6335";"Médicament";"Amoxicilline + Acide clavulanique";"1g/125mg";"Suspension buvable";"Liste I";"Antibiotique Antibacterien (Penicillines)";"même marque dans la base PHARMACORP";"moyenne"
"AMFOCIN 1G/200MG PDRE SOL INJ F/1";"2080";"Médicament";"Amoxicilline + Acide clavulanique";"1g/200mg";"Injectable";"Liste I";"Antibiotique Antibacterien (Penicillines)";"base PHARMACORP";"haute"
"AMFOCIN 500/62,5MG CPR B/16";"4645";"Médicament";"Amoxicilline + Acide clavulanique";"500/62,5mg";"Comprimé";"Liste I";"Antibiotique Antibacterien (Penicillines)";"même marque dans la base PHARMACORP";"moyenne"
"AMFOCIN 500/62,5MG P/SUSP BUV FL/60ML";"3465";"Médicament";"Amoxicilline + Acide clavulanique";"500/62,5mg";"Suspension buvable";"Liste I";"Antibiotique Antibacterien (Penicillines)";"même marque dans la base PHARMACORP";"moyenne"
"AMFOCIN 500/62,5MG PDRE SB SACHET B/12";"4435";"Médicament";"Amoxicilline + Acide clavulanique";"500/62,5mg";"Poudre / sachet";"Liste I";"Antibiotique Antibacterien (Penicillines)";"même marque dans la base PHARMACORP";"moyenne"
"AMFOCIN 500/62,5MG PDRE SUSP ORALE F/30ML";"2425";"Médicament";"Amoxicilline + Acide clavulanique";"500/62,5mg";"Suspension buvable";"Liste I";"Antibiotique Antibacterien (Penicillines)";"même marque dans la base PHARMACORP";"moyenne"
"AMFOCIN 875/125MG CPR B/14";"6335";"Médicament";"Amoxicilline + Acide clavulanique";"875/125mg";"Comprimé";"Liste I";"Antibiotique Antibacterien (Penicillines)";"même marque dans la base PHARMACORP";"moyenne"
"AMICOZ 2% CR T/15G";"1385";"Médicament";"Miconazole";"2 %";"Crème / pommade / gel";"Liste I";"Antifongique, Antimycosique, Antiseptique";"base PHARMACORP";"haute"
"AMIFER FORTE 100MG/0,35MG CPR B/30";"4020";"Médicament";"Fer + Acide folique";"100mg/0,35mg";"Comprimé";"ST";"Antianemique";"base PHARMACORP";"haute"
"AMIFER INJ DETAIL B/1";"3330";"Médicament";"Fer";"";"Injectable";"";"";"identification manuelle (marque)";"à vérifier"
"AMIFER IV 100MG SOL INJ AMP/5ML B/5";"16640";"Médicament";"Fer saccharose";"100mg";"Injectable";"ST";"Antianemique";"base PHARMACORP";"haute"
"AMIFER JUNIOR 50MG/5ML SP F/150ML";"3330";"Médicament";"Fer element";"50mg/5mL";"Autre";"ST";"Antianemique";"base PHARMACORP";"haute"
"AMIFER SP F/200ML";"3385";"Médicament";"Fer";"200ml";"Sirop";"";"";"identification manuelle (marque)";"à vérifier"
"AMINOPEP FORTE SP F/200ML";"4785";"Nutrition / complément";"Acides amines";"200ml";"Sirop";"";"";"identification manuelle (marque)";"moyenne"
"AMITRON 500MG GELU B/12";"1385";"";"";"500mg";"Gélule";"";"";"non identifié";"à vérifier"
"AMLACTIN 12% ACIDE LACTIC LAIT COR 567G";"35000";"Cosmétique / dermo";"";"12%";"";"";"";"hors médicament";"haute"
"AMLO DENK 10MG CPR B/10 DETAIL";"2225";"Médicament";"Amlodipine + Hydrochlorothiazide + Valsartan";"10mg";"Comprimé";"";"";"identification manuelle (marque)";"moyenne"
"AMLO DENK 10MG CPR B/50";"11645";"Médicament";"Amlodipine + Hydrochlorothiazide + Valsartan";"10mg";"Comprimé";"";"";"identification manuelle (marque)";"moyenne"
"AMLO DENK 5MG CPR B/50";"9705";"Médicament";"Amlodipine + Hydrochlorothiazide + Valsartan";"5mg";"Comprimé";"";"";"identification manuelle (marque)";"moyenne"
"AMLO VH 10MG/12,5MG/160MG CPR B/30";"16640";"Médicament";"Amlodipine + Hydrochlorothiazide + Valsartan";"10mg/12,5mg";"Comprimé";"";"";"identification manuelle (marque)";"moyenne"
"AMLO VH 10MG/25MG/160MG CPR B/30";"16640";"Médicament";"Amlodipine + Hydrochlorothiazide + Valsartan";"10mg/25mg";"Comprimé";"";"";"identification manuelle (marque)";"moyenne"
"AMLO VH 5MG/12,5MG/160MG CPR B/30";"16640";"Médicament";"Amlodipine + Hydrochlorothiazide + Valsartan";"5mg/12,5mg";"Comprimé";"";"";"identification manuelle (marque)";"moyenne"
"AMLO VH 5MG/25/160MG CPR B/30";"16640";"Médicament";"Amlodipine + Hydrochlorothiazide + Valsartan";"5mg";"Comprimé";"";"";"identification manuelle (marque)";"moyenne"
"AMLO-DENK 5MG COMP. DETAIL";"1830";"Médicament";"Amlodipine + Hydrochlorothiazide + Valsartan";"5mg";"Comprimé";"";"";"identification manuelle (marque)";"moyenne"
"AMLOAS-AT 5MG/50MG COMP.B/30";"5545";"Médicament";"Amlodipine + Atenolol";"5mg/50mg";"Comprimé";"";"";"identification manuelle (marque)";"moyenne"
"AMLOCLASS 10MG CPR B/30";"2175";"Médicament";"Amlodipine";"10mg";"Comprimé";"";"";"identification manuelle (marque)";"moyenne"
"AMLOCLASS 5MG CPR B/30";"1625";"Médicament";"Amlodipine";"5mg";"Comprimé";"";"";"identification manuelle (marque)";"moyenne"
"AMLODIPIN VAL BGR 10/160MG BLIST/10 COMP";"2495";"Médicament";"Amlodipine";"10/160mg";"Comprimé";"";"";"DCI citée dans la désignation";"moyenne"
"AMLODIPIN/VALSARTAN BGR 5/160MG COMP B/30";"8775";"Médicament";"Amlodipine + Valsartan";"5/160mg";"Comprimé";"";"";"DCI citée dans la désignation";"moyenne"
"AMLODIPINE BESILATE 5MG COMP B/10";"3525";"Médicament";"Amlodipine";"5mg";"Comprimé";"";"";"identification manuelle (marque)";"moyenne"
"AMLODIPINE BGR 10MG GEL B/30";"6515";"Médicament";"Amlodipine";"10mg";"Gélule";"";"";"identification manuelle (marque)";"moyenne"
"AMLODIPINE BGR 5MG GELULE B/90";"10400";"Médicament";"Amlodipine";"5mg";"Gélule";"";"";"identification manuelle (marque)";"moyenne"
"AMLODIPINE BIOG 10MG GEL B/90";"12480";"Médicament";"Amlodipine";"10mg";"Gélule";"";"";"identification manuelle (marque)";"moyenne"
"AMLODIPINE BIOG 5MG GEL B/30";"5545";"Médicament";"Amlodipine";"5mg";"Gélule";"";"";"identification manuelle (marque)";"moyenne"
"AMLODIPINE GP 10MG CPR SEC B/60";"6655";"Médicament";"Amlodipine";"10mg";"Comprimé";"";"";"identification manuelle (marque)";"moyenne"
"AMLODIPINE GP 5MG CPR SEC B/60";"3330";"Médicament";"Amlodipine";"5mg";"Comprimé";"";"";"identification manuelle (marque)";"moyenne"
"AMLODIPINE VAL BGR 10MG/160MG B/90";"22185";"Médicament";"Amlodipine";"10mg/160mg";"";"";"";"identification manuelle (marque)";"moyenne"
"AMLODIPINE VALS BGR 5/80MG COMP B/30";"7680";"Médicament";"Amlodipine";"5/80mg";"Comprimé";"";"";"identification manuelle (marque)";"moyenne"
"AMLODIPINE VIR 10MG CPR B/30";"4165";"Médicament";"Amlodipine";"10mg";"Comprimé";"";"";"identification manuelle (marque)";"moyenne"
"AMLODIPINE VIR 5MG CPR B/30";"3465";"Médicament";"Amlodipine";"5mg";"Comprimé";"";"";"identification manuelle (marque)";"moyenne"
"AMLODIPINE/VALSARTAN BGR 10/160MG COMP.B/";"8775";"Médicament";"Amlodipine + Valsartan";"10/160mg";"Comprimé";"";"";"identification manuelle (marque)";"moyenne"
"AMLOKIR 10MG COMP B/30";"1735";"Médicament";"Amlodipine";"10mg";"Comprimé";"";"";"identification manuelle (marque)";"moyenne"
"AMLONEX 10MG COMP.B/100";"8320";"Médicament";"Amlodipine";"10mg";"Comprimé";"";"";"identification manuelle (marque)";"moyenne"
"AMLONEX 10MG CP DETAIL B/10";"830";"Médicament";"Amlodipine";"10mg";"Comprimé";"";"";"identification manuelle (marque)";"moyenne"
"AMLONEX AT 5MG/50MG CPR B/100";"13865";"Médicament";"Amlodipine + Atenolol";"5mg/50mg";"Comprimé";"";"";"identification manuelle (marque)";"moyenne"
"AMLONEX AT 5MG+50MG COMP,DETAIL B/10";"1385";"Médicament";"Amlodipine + Atenolol";"5mg";"Comprimé";"";"";"identification manuelle (marque)";"moyenne"
"AMLONG 10MG CPR B/30";"5825";"Médicament";"Amlodipine";"10mg";"Comprimé";"";"";"identification manuelle (marque)";"moyenne"
"AMLONG 5MG CPR B/30";"3190";"Médicament";"Amlodipine";"5mg";"Comprimé";"";"";"identification manuelle (marque)";"moyenne"
"AMLOPERIN 10MG/10MG COMP B/30";"13865";"Médicament";"Amlodipine + Perindopril";"10mg/10mg";"Comprimé";"";"";"identification manuelle (marque)";"moyenne"
"AMLOPERIN 10MG/10MG COMP.B/10";"3050";"Médicament";"Amlodipine + Perindopril";"10mg/10mg";"Comprimé";"";"";"identification manuelle (marque)";"moyenne"
"AMLOPERIN 10MG/10MG COMP/B/100";"30505";"Médicament";"Amlodipine + Perindopril";"10mg/10mg";"Comprimé";"";"";"identification manuelle (marque)";"moyenne"
"AMLOPERIN 10MG/5MG CPR B/30";"12480";"Médicament";"Amlodipine + Perindopril";"10mg/5mg";"Comprimé";"";"";"identification manuelle (marque)";"moyenne"
"AMLOPERIN 5MG/10MG CPR B/30";"11095";"Médicament";"Amlodipine + Perindopril";"5mg/10mg";"Comprimé";"";"";"identification manuelle (marque)";"moyenne"
"AMLOPERIN 5MG/5MG CPR B/30";"9705";"Médicament";"Amlodipine + Perindopril";"5mg/5mg";"Comprimé";"";"";"identification manuelle (marque)";"moyenne"
"AMLOPRES 10MG CPR B/100";"15250";"Médicament";"Amlodipine";"10mg";"Comprimé";"";"";"identification manuelle (marque)";"moyenne"
"AMLOR 10MG GELU B/30";"16015";"Médicament";"Amlodipine";"10mg";"Gélule";"";"";"identification manuelle (marque)";"moyenne"
"AMLOR 5MG GELU B/30";"12800";"Médicament";"Amlodipine";"5mg";"Gélule";"";"";"identification manuelle (marque)";"moyenne"
"AMLOSARTAN 5MG/50MG CPR PELL B/30";"6450";"Médicament";"Amlodipine + Losartan";"5mg/50mg";"Comprimé";"";"";"identification manuelle (marque)";"moyenne"
"AMLOSTAR 10MG CPR B/30";"6935";"Médicament";"Amlodipine";"10mg";"Comprimé";"";"";"identification manuelle (marque)";"moyenne"
"AMLOSTAR 5MG CPR B/30";"4020";"Médicament";"Amlodipine";"5mg";"Comprimé";"";"";"identification manuelle (marque)";"moyenne"
"AMLOSTAR PLUS 5MG/50MG CPR B/30";"9705";"Médicament";"Amlodipine + Atenolol";"5mg/50mg";"Comprimé";"";"";"identification manuelle (marque)";"moyenne"
"AMLOSTRIDES-T 10MG/40MG CP B/30 8902501026324";"8805";"Médicament";"Amlodipine + Telmisartan";"10mg/40mg";"Comprimé";"";"";"identification manuelle (marque)";"à vérifier"
"AMLOSTRIDES-T 5MG/40MG CP B/30 8902501021220";"6865";"Médicament";"Amlodipine + Telmisartan";"5mg/40mg";"Comprimé";"";"";"identification manuelle (marque)";"à vérifier"
"AMLOSTRIDES-T 5MG/80MG CP B/30 8902501026300";"10330";"Médicament";"Amlodipine + Telmisartan";"5mg/80mg";"Comprimé";"";"";"identification manuelle (marque)";"à vérifier"
"AMLOTEL 10MG/80MG CP B/30 3000000637227";"7420";"Médicament";"Amlodipine + Telmisartan";"10mg/80mg";"Comprimé";"";"";"identification manuelle (marque)";"moyenne"
"AMLOTEL 5MG/40MG CP PELL B/30 3000000637074";"4675";"Médicament";"Amlodipine + Telmisartan";"5mg/40mg";"Comprimé";"";"";"identification manuelle (marque)";"moyenne"
"AMLOTENSINE 10MG CPR B/30";"4575";"Médicament";"Amlodipine";"10mg";"Comprimé";"";"";"identification manuelle (marque)";"moyenne"
"AMLOTENSINE 5MG CPR B/30";"2775";"Médicament";"Amlodipine";"5mg";"Comprimé";"";"";"identification manuelle (marque)";"moyenne"
"AMLOVIE 10MG CPR B/30";"4160";"Médicament";"Amlodipine";"10mg";"Comprimé";"";"";"identification manuelle (marque)";"moyenne"
"AMLOVIE 5MG CPR B/30";"2625";"Médicament";"Amlodipine";"5mg";"Comprimé";"";"";"identification manuelle (marque)";"moyenne"
"AMODEX 250MG PDRE SIROP F/60ML AFR";"1385";"Médicament";"Amoxicilline";"250mg";"Sirop";"";"";"identification manuelle (marque)";"moyenne"
"AMODEX 500MG GELULE B/12";"1430";"Médicament";"Amoxicilline";"500mg";"Gélule";"";"";"identification manuelle (marque)";"moyenne"
"AMOXI DENK 1000MG CPR B/10";"2955";"Médicament";"Amoxicilline";"1000mg";"Comprimé";"";"";"identification manuelle (marque)";"moyenne"
"AMOXI-DENK 500MG CPR 2BL10";"3260";"Médicament";"Amoxicilline";"500mg";"Comprimé";"";"";"identification manuelle (marque)";"moyenne"
"AMOXICIL UBI 125MG PDRE SUSP F/60ML";"1205";"Médicament";"Amoxicilline";"125mg";"Suspension buvable";"";"";"DCI citée dans la désignation";"moyenne"
"AMOXICIL UBI 250MG/5MG PDR SUSP F/60ML";"1380";"Médicament";"Amoxicilline";"250mg/5mg";"Suspension buvable";"";"";"DCI citée dans la désignation";"moyenne"
"AMOXICILL BGR 1G CP DISP B/6";"1595";"Médicament";"Amoxicilline";"1g";"Comprimé";"";"";"DCI citée dans la désignation";"moyenne"
"AMOXICILLIN SANDOZ 500MG DET BLISTER/10";"780";"Médicament";"Amoxicilline";"500mg";"";"";"";"DCI citée dans la désignation";"moyenne"
"AMOXICILLINE BGR 1G COMP.DISP.B/14 3400935744630";"2775";"Médicament";"Amoxicilline";"1g";"Comprimé";"";"";"identification manuelle (marque)";"moyenne"
"AMOXICILLINE CREA 100";"1995";"Médicament";"Amoxicilline";"";"";"";"";"identification manuelle (marque)";"moyenne"
"AMOXICILLINE CREACIL 500MG GEL B/12";"1955";"Médicament";"Amoxicilline";"500mg";"Gélule";"";"";"identification manuelle (marque)";"moyenne"
"AMOXICILLINE IG 250MG CPR DISP B/20";"2405";"Médicament";"Amoxicilline";"250mg";"Comprimé";"";"";"identification manuelle (marque)";"moyenne"
"AMOXICILLINE UBI 500MG GEL 10 BL12";"11230";"Médicament";"Amoxicilline";"500mg";"Gel";"";"";"identification manuelle (marque)";"moyenne"
"AMOXICILLINE UBI 500MG GEL DETAIL";"1125";"Médicament";"Amoxicilline";"500mg";"Gel";"";"";"identification manuelle (marque)";"moyenne"
"AMOXICLA-M 1000/200MG IV SOL INJ F/1+SOLV";"2290";"Médicament";"Amoxicilline + Acide clavulanique";"1000/200mg";"Injectable";"";"";"identification manuelle (marque)";"moyenne"
"AMOXICLAV DENK 1000/125MG SACH B/12";"7280";"Médicament";"Amoxicilline + Acide clavulanique";"1000/125mg";"Poudre / sachet";"";"";"identification manuelle (marque)";"moyenne"
"AMOXICLAV DENK 1000MG/125MG PDRE SACH B/8";"5200";"Médicament";"Amoxicilline + Acide clavulanique";"1000mg/125mg";"Poudre / sachet";"";"";"identification manuelle (marque)";"moyenne"
"AMOXICLAV DENK 500MG/62,5MG CPR B/16";"4855";"Médicament";"Amoxicilline + Acide clavulanique";"500mg/62,5mg";"Comprimé";"";"";"identification manuelle (marque)";"moyenne"
"AMPICILLINE CREA 500 GEL B/10";"1790";"Médicament";"Ampicilline";"500g";"Injectable";"";"";"identification manuelle (marque)";"moyenne"
"AMPICILLINE UBI 500MG GEL BLIS/10 DETAIL";"965";"Médicament";"Ampicilline";"500mg";"Injectable";"";"";"identification manuelle (marque)";"moyenne"
"AMPICILLINE UBI 500MG GELULE B/120";"9625";"Médicament";"Ampicilline";"500mg";"Injectable";"";"";"identification manuelle (marque)";"moyenne"
"AMPLEX 1000MG/125MG CPR B/14";"6240";"Médicament";"Amoxicilline + Acide clavulanique";"1000mg/125mg";"Injectable";"";"";"identification manuelle (marque)";"moyenne"
"AMPLEX 100MG/12,5MG PDRE SUSP BUV F/60ML";"3050";"Médicament";"Amoxicilline + Acide clavulanique";"100mg/12,5mg";"Injectable";"";"";"identification manuelle (marque)";"moyenne"
"AMPLEX 1G/200MG+SOL V 20ML B/1";"2870";"Médicament";"Amoxicilline + Acide clavulanique";"1g/200mg";"Injectable";"";"";"identification manuelle (marque)";"moyenne"
"AMPLEX DS 250/31,25MG PDR SUSP BUV F/60ML";"4130";"Médicament";"Amoxicilline + Acide clavulanique";"250/31,25mg";"Injectable";"";"";"identification manuelle (marque)";"moyenne"
"AMRIZOLE-N 500MG/100000UI OVULE B/10";"2010";"Médicament";"Metronidazole + Nystatine";"500mg";"Ovule";"";"";"identification manuelle (marque)";"moyenne"
"AMSTAN 10MG/160MG COMP B/30";"15600";"Médicament";"Amlodipine + Valsartan";"10mg/160mg";"Comprimé";"";"";"identification manuelle (marque)";"moyenne"
"AMTIBA 500MG CPR B/4";"860";"";"";"500mg";"Comprimé";"";"";"non identifié";"à vérifier"
"AMUCHINA 5 FL/250ML";"2330";"Médicament";"Hypochlorite de sodium";"250ml";"";"";"";"identification manuelle (marque)";"moyenne"
"AMVA DENK 5MG/160MG CPR PELL B/28";"9925";"Médicament";"Amlodipine + Valsartan";"5mg/160mg";"Comprimé";"Liste I";"Antihypertenseur (IC + ARAII)";"même marque dans la base PHARMACORP";"moyenne"
"AMVA DENK 5MG/80MG COMP PELL B/28";"8505";"Médicament";"Amlodipine + Valsartan";"5mg/80mg";"Comprimé";"Liste I";"Antihypertenseur (IC + ARAII)";"même marque dans la base PHARMACORP";"moyenne"
"AMVA-DENK 10/160MG COMP.B/28";"12480";"Médicament";"Amlodipine + Valsartan";"10/160mg";"Comprimé";"Liste I";"Antihypertenseur (IC + ARAII)";"même marque dans la base PHARMACORP";"moyenne"
"AMZVAL 10/160/12,5MG CPR B/30";"11090";"Médicament";"Amlodipine + Hydrochlorothiazide + Valsartan";"10mg/12,5mg/160mg";"Comprimé";"Liste I";"Antihypertenseur (IC + DT + ARAII)";"base PHARMACORP";"haute"
"AMZVAL 10/160/25MG COMP B/30";"11090";"Médicament";"Amlodipine + Hydrochlorothiazide + Valsartan";"10/160/25mg";"Comprimé";"Liste I";"Antihypertenseur (IC + DT + ARAII)";"même marque dans la base PHARMACORP";"moyenne"
"AMZVAL 5/160/12,5MG COMP B/30";"11095";"Médicament";"Amlodipine + Hydrochlorothiazide + Valsartan";"5/160/12,5mg";"Comprimé";"Liste I";"Antihypertenseur (IC + DT + ARAII)";"même marque dans la base PHARMACORP";"moyenne"
"AMZVAL 5/160/25MG COMP B/30";"11095";"Médicament";"Amlodipine + Hydrochlorothiazide + Valsartan";"5/160/25mg";"Comprimé";"Liste I";"Antihypertenseur (IC + DT + ARAII)";"même marque dans la base PHARMACORP";"moyenne"
"ANACA3 DRAINEUR 4EN1 SOL BUV F/250ML";"17000";"Nutrition / complément";"";"250ml";"";"";"";"hors médicament";"haute"
"ANACA3 LE GEL MINCEUR T/150ML";"27900";"Nutrition / complément";"";"150ml";"Gel";"";"";"hors médicament";"haute"
"ANACA3 VENTRE PLAT GEL B/60";"26400";"Nutrition / complément";"";"";"Gélule";"";"";"hors médicament";"haute"
"ANAFRANIL 10MG COMP B/60";"2720";"Médicament";"Clomipramine";"10mg";"Comprimé";"Liste I";"Antidepresseur, Antidepresseur (Imipraminique)";"même marque dans la base PHARMACORP";"moyenne"
"ANAFRANIL 25MG COMP B/50";"4175";"Médicament";"Clomipramine";"25mg";"Comprimé";"Liste I";"Antidepresseur, Antidepresseur (Imipraminique)";"même marque dans la base PHARMACORP";"moyenne"
"ANAFRANIL 75MG COMP B/20";"4675";"Médicament";"Clomipramine";"75mg";"Comprimé";"Liste I";"Antidepresseur, Antidepresseur (Imipraminique)";"même marque dans la base PHARMACORP";"moyenne"
"ANASTROZOLE BGR 1MG COMP B/30";"33275";"Médicament";"Anastrazole";"1mg";"Comprimé";"Liste I";"Anticancereux";"même marque dans la base PHARMACORP";"moyenne"
"ANCOOL SUSP BUV F/170ML";"4005";"Médicament";"Aluminium hydroxyde + Magnesium hydroxyde + Simethicone + Oxethazaine";"300mg/150mg/125mg/10mg";"Sirop / solution buvable";"ST";"Anti acide";"base PHARMACORP";"haute"
"ANDOL 1000MG CPR EFFV B/8";"1055";"Médicament";"Paracetamol";"1000mg";"Comprimé";"ST";"Antalgique, Antipyrétique";"base PHARMACORP";"haute"
"ANDOL 500MG CPR B/20";"735";"Médicament";"Paracetamol";"500mg";"Comprimé";"ST";"Antalgique, Antipyrétique";"même marque dans la base PHARMACORP";"moyenne"
"ANDOL 500MG CPR EFFV B/16";"1025";"Médicament";"Paracetamol";"500mg";"Comprimé";"ST";"Antalgique, Antipyrétique";"base PHARMACORP";"haute"
"ANDROCUR 50MG CPR B/20";"12865";"Médicament";"Cyproterone acetate";"50mg";"Comprimé";"Liste I";"Antineoplasique, Antiandrogene";"même marque dans la base PHARMACORP";"moyenne"
"ANDROCUR 50MG CPR BT2";"12500";"Médicament";"Cyproterone acetate";"50mg";"Comprimé";"Liste I";"Antineoplasique, Antiandrogene";"même marque dans la base PHARMACORP";"moyenne"
"ANDROTARDYL 250MG IM A.1ML BT1";"7765";"Médicament";"Testosterone enanthate";"250mg";"Autre";"Liste I";"Androgene";"base PHARMACORP";"haute"
"ANGINOVAG AERO/10ML";"2815";"Médicament";"Acide beta glycyrrhetinique + dequalinium + tyrothricine + hydrocortisone + lidocaine";"10ml";"Spray";"ST";"Antalgique, Antiseptique";"même marque dans la base PHARMACORP";"moyenne"
"ANGISPRAY COLLUT SOL PULV BUC FL/40ML 3400930425657";"10915";"Médicament";"Chlorhexidine gluconate + Lidocaine chlorhydrate";"40ml";"Collyre";"ST";"Antalgique, Antiseptique";"même marque dans la base PHARMACORP";"moyenne"
"ANNEAU DENTITION ETOILE BEBE STAR";"3375";"Dispositif médical / consommable";"";"";"";"";"";"hors médicament";"haute"
"ANOMEX PDE PROCTOLOGIE T/30G";"3465";"Médicament";"Hydrocortisone acetate + Lidocaine + Zinc oxyde + Allantoine";"0,25%/3%/5%/5%";"Autre";"Liste I";"Antihemorroidaire";"base PHARMACORP";"haute"
"ANOMEX SUPPO B/10";"6240";"Médicament";"Hydrocortisone acetate + Lidocaine + Zinc oxyde + Allantoine";"0,5%/3%/0,25%/5%";"Suppositoire / ovule";"Liste I";"Antihemorroidaire";"base PHARMACORP";"haute"
"ANTADYS 100MG CPR B/15";"3145";"Médicament";"Flurbiprofene";"100mg";"Comprimé";"Liste II";"Antiinflammatoire non steroidien";"même marque dans la base PHARMACORP";"moyenne"
"ANTALGEX-T 37,5MG/325MG GEL B/20";"2370";"Médicament";"Tramadol chlorhydrate + Paracetamol";"37,5mg/325mg";"Gélule";"Liste I";"Analgesique, Antalgique";"même marque dans la base PHARMACORP";"moyenne"
"ANTEPROST GELULE B/50";"21635";"Médicament";"Caesalpinia bonduc + Fagara xanthoxyloides + Garcinia kola + Imperata cylindrica";"";"Gélule";"Liste I";"Hypertrophie benigne de la prostate";"même marque dans la base PHARMACORP";"moyenne"
"ANTH UVMUNE 400CREME SPF50+ 50ML";"15130";"Cosmétique / dermo";"";"50ml";"Crème / pommade";"";"";"hors médicament";"haute"
"ANTHOLOGY PARIS PARFUM 100ML";"25000";"Cosmétique / dermo";"";"100ml";"";"";"";"hors médicament (filtre)";"moyenne"
"ANTIBIO SYNALAR GTTE AURIC 10ML";"1985";"";"";"10ml";"Gouttes";"";"";"non identifié";"à vérifier"
"ANTICID PLUS 250MG/350MG/50MG SP F/200ML";"2150";"Médicament";"Aluminium hydroxyde + Magnesium hydroxyde + Simethicone";"250mg/350mg";"Sirop";"ST";"Anti acide, Antiflatulent";"même marque dans la base PHARMACORP";"moyenne"
"ANTIDOL 500MG CPR B/20";"790";"Médicament";"Paracetamol";"500mg";"Comprimé";"ST";"Antalgique, Antipyrétique";"même marque dans la base PHARMACORP";"moyenne"
"ANTIGRIPPINE VIT C CPR B/12";"1870";"Médicament";"Paracetamol + cafeine + codeine + vit c";"";"Comprimé";"ST";"Rhume et etat grippal";"même marque dans la base PHARMACORP";"moyenne"
"ANTIHEMORROIDAL PDE T/30G";"3495";"Médicament";"Hydrocortisone + Benzocaine + Neomycine + Acide tannique";"30g";"";"Liste I";"Antihemorroidaire";"même marque dans la base PHARMACORP";"moyenne"
"ANTINOREX 2MG SIROP FL/125ML";"1495";"Médicament";"Cyproheptadine";"2mg";"Sirop";"ST";"Antihistaminique, Stimulant de l'appetit, Antiallergique";"même marque dans la base PHARMACORP";"moyenne"
"ANTINOREX 4MG COMP B/30";"2080";"Médicament";"Cyproheptadine";"4mg";"Comprimé";"ST";"Antihistaminique, Stimulant de l'appetit, Antiallergique";"même marque dans la base PHARMACORP";"moyenne"
"ANUA CREME SOLAIRE 50SPF+++ FL/50ML+10ML";"12000";"Cosmétique / dermo";"";"50ml";"Crème / pommade";"";"";"hors médicament";"haute"
"ANY 2 CR T/25G";"13750";"Cosmétique / dermo";"";"25g";"Crème / pommade";"";"";"hors médicament";"haute"
"ANY PLEIN AIR T/25G";"8860";"Cosmétique / dermo";"";"25g";"";"";"";"hors médicament";"haute"
"ANY SAVON PAIN 100G";"6385";"Cosmétique / dermo";"";"100g";"";"";"";"hors médicament";"haute"
"APAZIDE 200MG GEL B/16";"2910";"Médicament";"Nifuroxazide";"200mg";"Gélule";"Liste II";"Antidiarrheique, Antiinfectieux intestinal";"même marque dans la base PHARMACORP";"moyenne"
"APDROPS CY FL/3ML";"3120";"Médicament";"Moxifloxacine";"5mg";"Injectable";"Liste I";"Antibiotique Antibacterien (Fluoroquinolone)";"base PHARMACORP";"haute"
"APDROPS CY FL/5ML";"3465";"Médicament";"Moxifloxacine";"5ml";"";"";"";"identification manuelle (marque)";"moyenne"
"APDROPS DX COLL F/3ML";"3815";"Médicament";"Dexamethasone + Moxifloxacine";"3ml";"Collyre";"";"";"identification manuelle (marque)";"moyenne"
"APDROPS DX COLLYRE FL/5ML";"4160";"Médicament";"Dexamethasone + Moxifloxacine";"5ml";"Collyre";"";"";"identification manuelle (marque)";"moyenne"
"APDYL-H SIROP 100ML";"1900";"Médicament";"Extraits de Adhatoda vasica + Glycyrrhiza glabra + Piper longum +Alpinia galanga +";"100ml";"Sirop";"ST";"Antitussif, Expectorant";"même marque dans la base PHARMACORP";"moyenne"
"APEXIME 200MG/5ML SUSP BUV F/15ML";"4160";"Médicament";"Azithromycine";"200mg/5ml";"Suspension buvable";"Liste I";"Antibiotique Antibacterien (Macrolides)";"même marque dans la base PHARMACORP";"moyenne"
"APEXIME 250MG CPR PELL B/6";"5545";"Médicament";"Azithromycine";"250mg";"Comprimé";"Liste I";"Antibiotique Antibacterien (Macrolides)";"même marque dans la base PHARMACORP";"moyenne"
"APEXIME 500MG CPR PELL B/3";"5545";"Médicament";"Azithromycine";"500mg";"Comprimé";"Liste I";"Antibiotique Antibacterien (Macrolides)";"même marque dans la base PHARMACORP";"moyenne"
"APFLU 500/25/200MG PDRE SUSP BUV SACH/10";"2495";"Médicament";"Paracetamol + Chlorpheniramine maleate + VitC";"500mg/25mg/200mg";"Sirop / solution buvable";"ST";"Antigrippal";"base PHARMACORP";"haute"
"APFLU JUNIOR SP FL/100ML";"1385";"Médicament";"Paracetamol + Chlorpheniramine maleate + VitC";"100ml";"Sirop";"ST";"Antigrippal";"même marque dans la base PHARMACORP";"moyenne"
"APHTEX GEL T/25G";"1735";"Médicament";"Acide Hyaluronique + Aloe vera + Mauve + Altea";"multidosage";"Crème / pommade / gel";"ST";"Antiseptique";"base PHARMACORP";"haute"
"APLENE 150MG GELULE B/30";"6935";"Médicament";"Pregabaline";"150mg";"Gélule";"";"";"identification manuelle (marque)";"moyenne"
"APLENE 75 MG GELULE B/15X2";"5390";"Médicament";"Pregabaline";"75mg";"Gélule";"";"";"identification manuelle (marque)";"moyenne"
"APLENE M 75MG/0.75MG GELULE B/30";"8320";"Médicament";"Pregabaline + Methylcobalamine";"75mg/0.75mg";"Gélule";"";"";"identification manuelle (marque)";"moyenne"
"APLENE M 75MG/1,5MG GELULE B/30";"9705";"Médicament";"Pregabaline + Methylcobalamine";"75mg/1,5mg";"Gélule";"";"";"identification manuelle (marque)";"moyenne"
"APMALT 100MG/2ML SOL INJ AMP B/5";"13865";"Médicament";"Fer hydroxyde de polymaltose";"100mg/2mL";"Injectable";"ST";"Antianemique";"base PHARMACORP";"haute"
"APMALT EFT 100MG CPR EFFV B/12";"4160";"Médicament";"Fer hydroxyde de polymaltose";"100mg";"Comprimé";"ST";"Antianemique";"base PHARMACORP";"haute"
"APMALT SP FL/200ML";"5895";"Médicament";"Fer (hydroxyde polymaltose)";"200ml";"Sirop";"";"";"identification manuelle (marque)";"moyenne"
"APOTEL MAX 10MG/ML SOL PERF F/100ML";"2220";"Médicament";"Paracetamol";"10mg/Ml";"Injectable";"ST";"Antalgique, Antipyrétique";"base PHARMACORP";"haute"
"APPETINE VIT SP 100ML";"3995";"Médicament";"Cyproheptadine + Vitamines";"100ml";"Sirop";"ST";"Stimulant de l'appetit";"même marque dans la base PHARMACORP";"moyenne"
"APPYLAND SP FL/200ML";"3605";"";"";"200ml";"Sirop";"";"";"non identifié";"à vérifier"
"APRAMOL 1G CPR EFFV B/8";"1250";"Médicament";"Paracetamol";"1g";"Comprimé";"ST";"Antalgique, Antipyrétique";"même marque dans la base PHARMACORP";"moyenne"
"APRAMOL 500MG COMP B/2X10";"900";"Médicament";"Paracetamol";"500mg";"Comprimé";"ST";"Antalgique, Antipyrétique";"même marque dans la base PHARMACORP";"moyenne"
"APRAMOL 500MG CP EFF B/16";"1275";"Médicament";"Paracetamol";"500mg";"Comprimé";"ST";"Antalgique, Antipyrétique";"même marque dans la base PHARMACORP";"moyenne"
"APROVASC 300/10MG CPR B/28";"22185";"Médicament";"Irbesartan + Amlodipine";"300/10mg";"Comprimé";"Liste I";"Antihypertenseur (ARAII + IC)";"même marque dans la base PHARMACORP";"moyenne"
"APROVASC 300/5MG CPR B/28";"20850";"Médicament";"Irbesartan + Amlodipine";"300mg/5mg";"Comprimé";"Liste I";"Antihypertenseur (ARAII + IC)";"base PHARMACORP";"haute"
"APROVEL 150MG COMP B/30 3400938014792";"6810";"Médicament";"Irbesartan";"150mg";"Comprimé";"Liste I";"Antihypertenseur (ARAII), Vasodilatateur";"même marque dans la base PHARMACORP";"moyenne"
"APROVEL 300MG RM CP B/28";"19965";"Médicament";"Irbesartan";"300mg";"Comprimé";"Liste I";"Antihypertenseur (ARAII), Vasodilatateur";"même marque dans la base PHARMACORP";"moyenne"
"AQUALARM UP INTENS UNIDOS B/30";"5860";"Médicament";"Acide hyaluronique";"";"";"ST";"Substitut lacrymal";"même marque dans la base PHARMACORP";"moyenne"
"AQUALARM UP INTENSIV SOL OPHT FL/10ML";"5725";"Médicament";"Acide hyaluronique";"10ml";"";"ST";"Substitut lacrymal";"même marque dans la base PHARMACORP";"moyenne"
"AQUAREVA LAIT HYDRATANT 24H F/400ML";"14140";"Cosmétique / dermo";"";"400ml";"";"";"";"hors médicament";"haute"
"ARBITEL 80MG CPR B/30";"6240";"Médicament";"Telmisartan";"80mg";"Comprimé";"Liste I";"Antihypertenseur (ARAII)";"même marque dans la base PHARMACORP";"moyenne"
"ARBITEL AM 40MG/5MG CPR ENR B/30";"6935";"Médicament";"Telmisartan";"40mg/5mg";"Comprimé";"Liste I";"Antihypertenseur (ARAII)";"même marque dans la base PHARMACORP";"moyenne"
"ARCOXIA 120MG COMP B/7";"6795";"Médicament";"Etoricoxib";"120mg";"Comprimé";"Liste I";"Antiinflammatoire non steroidien";"même marque dans la base PHARMACORP";"moyenne"
"ARCOXIA 60MG CPR B/7";"5350";"Médicament";"Etoricoxib";"60mg";"Comprimé";"Liste I";"Antiinflammatoire non steroidien";"même marque dans la base PHARMACORP";"moyenne"
"ARCOXIA 90MG CPR B/7";"6725";"Médicament";"Etoricoxib";"90mg";"Comprimé";"Liste I";"Antiinflammatoire non steroidien";"même marque dans la base PHARMACORP";"moyenne"
"ARGILE VERT T/400G 0012 3326100000038";"13170";"Cosmétique / dermo";"";"400g";"";"";"";"hors médicament";"haute"
"ARGILE VERTE VELAY DENTIFRICE T/75ML";"5445";"Cosmétique / dermo";"";"75ml";"";"";"";"hors médicament";"haute"
"ARGILE VERTE VELAY PATE T/400G";"6760";"Cosmétique / dermo";"";"400g";"";"";"";"hors médicament";"haute"
"ARGILE VERTE VELAY PDR ULT VENTIL B/300G";"4615";"Cosmétique / dermo";"";"300g";"";"";"";"hors médicament";"haute"
"ARIXA 10MG COMP B/30";"16640";"Médicament";"Rivaroxaban";"10mg";"Comprimé";"Liste I";"Antithrombotique";"même marque dans la base PHARMACORP";"moyenne"
"ARIXA 15MG COMP PELL B/30";"25650";"Médicament";"Rivaroxaban";"15mg";"Comprimé";"Liste I";"Antithrombotique";"même marque dans la base PHARMACORP";"moyenne"
"ARIXA 20MG COMP PELL B/30";"27730";"Médicament";"Rivaroxaban";"20mg";"Comprimé";"Liste I";"Antithrombotique";"même marque dans la base PHARMACORP";"moyenne"
"ARKO COENZYME Q10 GELULE B/45";"12000";"Médicament";"Coenzyme Q10 + Coenzymes Q10";"10g";"Gélule";"";"";"DCI citée dans la désignation";"moyenne"
"ARKOG ARTICHAUT BIO GELULE B/40";"10305";"Médicament";"Artichaut";"";"Gélule";"";"";"DCI citée dans la désignation";"moyenne"
"ARKOPHARM PASSIFLORE GELUL BIO FL/45";"4950";"Nutrition / complément";"Passiflore";"";"Gélule";"";"";"identification manuelle (marque)";"moyenne"
"ARNICAN CREME DERM 4% T/50G";"2480";"Médicament";"Arnica";"4%";"Crème / pommade";"ST";"Antalgique";"même marque dans la base PHARMACORP";"moyenne"
"ARNICAN GEL T/50G NF";"2485";"Médicament";"Arnica";"50g";"Gel";"ST";"Antalgique";"même marque dans la base PHARMACORP";"moyenne"
"AROMA BAUME CR T/50G";"9500";"Cosmétique / dermo";"";"50g";"Crème / pommade";"";"";"hors médicament";"haute"
"AROMA ZONE ACID AZELAIQUE SERUM FL/30ML";"12500";"Cosmétique / dermo";"";"30ml";"";"";"";"hors médicament";"haute"
"AROMA ZONE ANTI IMPERFECTION GELULE B/60";"22500";"Cosmétique / dermo";"";"";"Injectable";"";"";"hors médicament";"haute"
"AROMA ZONE BAUME RELIPIDANT FL/200ML";"14500";"Cosmétique / dermo";"";"200ml";"";"";"";"hors médicament";"haute"
"AROMA ZONE CILS SERUM T/6ML";"6500";"Cosmétique / dermo";"";"6ml";"";"";"";"hors médicament";"haute"
"AROMA ZONE CONTOUR DES YEUX SERUM FL/15ML";"10000";"Cosmétique / dermo";"";"15ml";"";"";"";"hors médicament";"haute"
"AROMA ZONE DEO SOLID PALMAROSA BIO 45G";"9500";"Cosmétique / dermo";"";"45g";"";"";"";"hors médicament";"haute"
"AROMA ZONE GEL NATIF ALOE VERA FL/30ML";"13000";"Cosmétique / dermo";"";"30ml";"Gel";"";"";"hors médicament";"haute"
"AROMA ZONE GOUTTES ILLUMINATRICES 10ML";"6500";"Cosmétique / dermo";"";"10ml";"Gouttes";"";"";"hors médicament";"haute"
"AROMA ZONE HLE BARBE AC HYALU FL/50ML";"13000";"Cosmétique / dermo";"";"50ml";"";"";"";"hors médicament";"haute"
"AROMA ZONE HUIL PRECI VERGETURES FL/100ML";"15500";"Cosmétique / dermo";"";"100ml";"";"";"";"hors médicament";"haute"
"AROMA ZONE ILLUMINATOR GOUTTES 10ML";"7000";"Cosmétique / dermo";"";"10ml";"Gouttes";"";"";"hors médicament";"haute"
"AROMA ZONE MACA POUDRE 200G";"20000";"Cosmétique / dermo";"";"200g";"Poudre / sachet";"";"";"hors médicament";"haute"
"AROMA ZONE NIACINAMIDE SERUM FL/100ML";"13000";"Cosmétique / dermo";"";"100ml";"";"";"";"hors médicament";"haute"
"AROMA ZONE NIACINAMIDE TONER FL/100ML";"17500";"Cosmétique / dermo";"";"100ml";"";"";"";"hors médicament";"haute"
"AROMA ZONE RETINAL SERUM FL/30ML";"13500";"Cosmétique / dermo";"";"30ml";"";"";"";"hors médicament";"haute"
"AROMA ZONE SAVON CHARBON DETOX 100G";"7500";"Cosmétique / dermo";"";"100g";"";"";"";"hors médicament";"haute"
"AROMA ZONE SAVON EXFOLIANT 100G";"7500";"Cosmétique / dermo";"";"100g";"";"";"";"hors médicament";"haute"
"AROMA ZONE SAVON PURIFIANT HLE ESSEN 100G";"7500";"Cosmétique / dermo";"";"100g";"";"";"";"hors médicament";"haute"
"AROMA ZONE SAVON REGENERAN HLE ESSEN 100G";"7500";"Cosmétique / dermo";"";"100g";"";"";"";"hors médicament";"haute"
"AROMA ZONE VIT B12 PREBIOT SERUM 30ML";"12500";"Cosmétique / dermo";"";"30ml";"";"";"";"hors médicament";"haute"
"AROMA ZONE VIT C POUDRE 200G";"20000";"Cosmétique / dermo";"";"200g";"Poudre / sachet";"";"";"hors médicament";"haute"
"AROMA ZONE VITC 10% RECHARGE/SACHET/30ML";"11000";"Cosmétique / dermo";"";"10%";"Poudre / sachet";"";"";"hors médicament";"haute"
"AROMA-ZONE AC GLYCOLIC SERUM 30ML";"13000";"Cosmétique / dermo";"";"30ml";"";"";"";"hors médicament";"haute"
"AROMA-ZONE AC HYALURONIC SERUM 30ML";"10000";"Cosmétique / dermo";"";"30ml";"";"";"";"hors médicament";"haute"
"AROMA-ZONE BAKUCHIOL SERUM 30ML";"13000";"Cosmétique / dermo";"";"30ml";"";"";"";"hors médicament";"haute"
"AROMA-ZONE COLLAGENE PURE SERUM 30ML";"11500";"Cosmétique / dermo";"";"30ml";"Collyre";"";"";"hors médicament";"haute"
"AROMA-ZONE NIACINAMIDE SERUM 30ML";"13000";"Cosmétique / dermo";"";"30ml";"";"";"";"hors médicament";"haute"
"AROMA-ZONE VIT C SERUM 30ML";"13000";"Cosmétique / dermo";"";"30ml";"";"";"";"hors médicament";"haute"
"ARPHOS MAGN BUV AMP 10ML B/20";"4980";"Médicament";"Magnesium gluconate + calcium glycerophosphate";"10ml";"Injectable";"ST";"Asthenie";"même marque dans la base PHARMACORP";"moyenne"
"ARSIQUINIFORME 250MG COMP B/15";"2995";"";"";"250mg";"Comprimé";"";"";"non identifié";"à vérifier"
"ARTANE 2MG COMP B/50 3400930066874";"2165";"Médicament";"Trihexyphenidyle chlorhydrate";"2mg";"Comprimé";"Liste I";"Antiparkinsonien";"même marque dans la base PHARMACORP";"moyenne"
"ARTANE 5MG COMP B/20 3400930066935";"2315";"Médicament";"Trihexyphenidyle chlorhydrate";"5mg";"Comprimé";"Liste I";"Antiparkinsonien";"même marque dans la base PHARMACORP";"moyenne"
"ARTECOM CP PELL B/8";"4855";"";"";"";"Comprimé";"";"";"non identifié";"à vérifier"
"ARTECOM PDRE S.BUV FL/60ML";"3880";"";"";"60ml";"Poudre / sachet";"";"";"non identifié";"à vérifier"
"ARTEFAN 180/1080MG SUSP 60ML";"4020";"Médicament";"Artemether + Lumefantrine";"180/1080mg";"Suspension buvable";"Liste I";"Antipaludique";"même marque dans la base PHARMACORP";"moyenne"
"ARTEFAN 20/120 COMP.B/24";"3465";"Médicament";"Artemether + Lumefantrine";"";"Comprimé";"Liste I";"Antipaludique";"même marque dans la base PHARMACORP";"moyenne"
"ARTEFAN 20/120MG CPR DISP B/6";"1040";"Médicament";"Artemether + Lumefantrine";"20/120mg";"Comprimé";"Liste I";"Antipaludique";"même marque dans la base PHARMACORP";"moyenne"
"ARTEFAN 20MG/120MG PDRE SUSP BUV F/30ML";"1385";"Médicament";"Artemether + Lumefantrine";"20mg/120mg";"Sirop / solution buvable";"Liste I";"Antipaludique";"base PHARMACORP";"haute"
"ARTEFAN 40/240 CP BLIST B/6";"2080";"Médicament";"Artemether + Lumefantrine";"";"Comprimé";"Liste I";"Antipaludique";"même marque dans la base PHARMACORP";"moyenne"
"ARTEFAN 40/240MG CPR B/12";"3470";"Médicament";"Artemether + Lumefantrine";"40/240mg";"Comprimé";"Liste I";"Antipaludique";"même marque dans la base PHARMACORP";"moyenne"
"ARTEFAN 40MG/240MG PDRE SUSP BUV F/30ML";"2080";"Médicament";"Artemether + Lumefantrine";"40mg/240mg";"Sirop / solution buvable";"Liste I";"Antipaludique";"base PHARMACORP";"haute"
"ARTEFAN 60/360MG CPR B/6";"3535";"Médicament";"Artemether + Lumefantrine";"60mg/360mg";"Comprimé";"Liste I";"Antipaludique";"base PHARMACORP";"haute"
"ARTEFAN 60MG/360MG PDRE SUSP BUV F/30ML";"3120";"Médicament";"Artemether + Lumefantrine";"60mg/360mg";"Sirop / solution buvable";"Liste I";"Antipaludique";"base PHARMACORP";"haute"
"ARTEFAN 80/480 CP ETU";"3465";"Médicament";"Artemether + Lumefantrine";"";"Comprimé";"Liste I";"Antipaludique";"même marque dans la base PHARMACORP";"moyenne"
"ARTEFAN 80MG/480MG PDRE SUSP BUV F/30ML";"3465";"Médicament";"Artemether + Lumefantrine";"80mg/480mg";"Sirop / solution buvable";"Liste I";"Antipaludique";"base PHARMACORP";"haute"
"ARTEFAN DT 40MG/240MG CPR DISP B/6";"1735";"Médicament";"Artemether + Lumefantrine";"40mg/240mg";"Comprimé";"Liste I";"Antipaludique";"base PHARMACORP";"haute"
"ARTEGEN 120MG PDRE SOL INJ F/1+SOLV/2";"2775";"Médicament";"Artesunate";"120mg";"Injectable";"Liste I";"Antipaludique";"base PHARMACORP";"haute"
"ARTEGEN 60MG IM/IV PDR S.INJ/1";"1385";"Médicament";"Artesunate";"60mg";"Injectable";"Liste I";"Antipaludique";"même marque dans la base PHARMACORP";"moyenne"
"ARTEJECT 80MG/ML SOL INJ AMP B/6";"4855";"Médicament";"Artemether";"80mg/mL";"Injectable";"Liste I";"Antipaludique";"base PHARMACORP";"haute"
"ARTELAC COLL F/10ML";"1940";"Médicament";"Hypromellose (Hydroxypropylmethylcellulose )";"10ml";"Collyre";"ST";"Substitut lacrymal";"même marque dans la base PHARMACORP";"moyenne"
"ARTEMETHER UBI 80MG AMP INJ B/10";"11550";"Médicament";"Artemether";"80mg";"Injectable";"";"";"DCI citée dans la désignation";"moyenne"
"ARTESIANE 100MG AMP INJ B/10";"11620";"Médicament";"Artemether";"100mg";"Injectable";"Liste I";"Antipaludique";"base PHARMACORP";"haute"
"ARTESIANE 20MG AMP INJ B/10";"6765";"Médicament";"Artemether";"20mg";"Injectable";"Liste I";"Antipaludique";"base PHARMACORP";"haute"
"ARTESIANE 40MG SUPPOGEL B/6";"3175";"Médicament";"Artemether";"40mg";"Suppositoire";"Liste I";"Antipaludique";"même marque dans la base PHARMACORP";"moyenne"
"ARTESIANE 40MG/ML AMP INJ B/10";"7490";"Médicament";"Artemether";"40mg/mL";"Injectable";"Liste I";"Antipaludique";"base PHARMACORP";"haute"
"ARTESIANE 80MG AMP INJ B/5";"6335";"Médicament";"Artemether";"80mg/mL";"Injectable";"Liste I";"Antipaludique";"base PHARMACORP";"haute"
"ARTESIANE300MG KIT INJ AMP3ML+SER+TAMP/1";"3800";"Médicament";"Artemether";"300mg";"Injectable";"Liste I";"Antipaludique";"base PHARMACORP";"haute"
"ARTESUN 120MG PDRE SUSP INJ B/1";"3080";"Médicament";"Artesunate";"120mg";"Injectable";"";"";"DCI citée dans la désignation";"moyenne"
"ARTESUN 30MG IV SOL INJ B/1";"970";"Médicament";"Artesunate";"30mg";"Injectable";"";"";"DCI citée dans la désignation";"moyenne"
"ARTESUN 60MG SOL INJ B/1";"1525";"Médicament";"Artesunate";"60mg";"Injectable";"";"";"DCI citée dans la désignation";"moyenne"
"ARTESUPPO 100 B/6";"2800";"Médicament";"Artesunate";"";"Suppositoire";"Liste I";"Antipaludique";"même marque dans la base PHARMACORP";"moyenne"
"ARTESUPPO-200 200MG B/6 3000000573624";"3465";"Médicament";"Artesunate";"200mg";"Suppositoire";"Liste I";"Antipaludique";"même marque dans la base PHARMACORP";"moyenne"
"ARTESUPPO-50 50MG SUPPO B/6";"1885";"Médicament";"Artesunate";"50mg";"Suppositoire / ovule";"Liste I";"Antipaludique";"base PHARMACORP";"haute"
"ARTHEL 80/480MG COMP B/6";"3765";"Médicament";"Artemether + Lumefantrine";"80/480mg";"Comprimé";"";"";"identification manuelle (marque)";"moyenne"
"ARTHEPA PLUS 80MG/480MG COMP B/6";"2635";"Médicament";"Artemether + Lumefantrine";"80mg/480mg";"Comprimé";"Liste I";"Antipaludique";"même marque dans la base PHARMACORP";"moyenne"
"ARTHRO ACTIVE DENK PDRE SOL BUV STICK/14";"16845";"Médicament";"Collagene + Acide hyaluronique + Extrait de cynorrhodon + Vit C + Vit K";"4,5g/50mg/500mg/40mg/75mcg";"Sirop / solution buvable";"ST";"Complement alimentaire";"base PHARMACORP";"haute"
"ARTHROCINE 200MG COMP B/30";"8260";"Médicament";"Sulindac";"200mg";"Comprimé";"Liste II";"Antiinflammatoire non steroidien";"même marque dans la base PHARMACORP";"moyenne"
"ARTIFLEX GEL B/30";"7205";"Médicament";"Poudres carapace crustace + cartilage de poisson + harpagophytum + reine des pres + prele + vitb12";"";"Gélule";"ST";"Complement alimentaire";"même marque dans la base PHARMACORP";"moyenne"
"ARTILARMES 0,5% CY FL/10ML";"3050";"Médicament";"Carmellose sodique";"0,5%";"";"ST";"Substitut lacrymal";"même marque dans la base PHARMACORP";"moyenne"
"ARTILEX 180MG/1080MG SUSP BUV F/60ML";"2220";"Médicament";"Artemether + Lumefantrine";"180mg/1080mg";"Suspension buvable";"Liste I";"Antipaludique";"même marque dans la base PHARMACORP";"moyenne"
"ARTILEX 20MG/120MG CPR DISP B/6";"1180";"Médicament";"Artemether + Lumefantrine";"20mg/120mg";"Comprimé";"Liste I";"Antipaludique";"base PHARMACORP";"haute"
"ARTILEX 40MG/240MG CPR DISP B/6";"2080";"Médicament";"Artemether + Lumefantrine";"40mg/240mg";"Comprimé";"Liste I";"Antipaludique";"base PHARMACORP";"haute"
"ARTILEX 60MG/360MG CPR DISP B/6";"2290";"Médicament";"Artemether + Lumefantrine";"60mg/360mg";"Comprimé";"Liste I";"Antipaludique";"base PHARMACORP";"haute"
"ARTILEX 80MG/480MG CPR DISP B/6";"2635";"Médicament";"Artemether + Lumefantrine";"80mg/480mg";"Comprimé";"Liste I";"Antipaludique";"même marque dans la base PHARMACORP";"moyenne"
"ARTILEX MALARIA TEST DETAIL B/1";"1000";"Médicament";"Artemether + Lumefantrine";"";"";"Liste I";"Antipaludique";"même marque dans la base PHARMACORP";"moyenne"
"ARTILEX MALARIA TEST KIT B/25";"17330";"Médicament";"Artemether + Lumefantrine";"";"";"Liste I";"Antipaludique";"même marque dans la base PHARMACORP";"moyenne"
"ARTILEX SPRAY ANTI MOUSTIQUE FL/50ML";"2235";"Médicament";"Artemether + Lumefantrine";"50ml";"Spray";"Liste I";"Antipaludique";"même marque dans la base PHARMACORP";"moyenne"
"ARTISON 120MG IM/IV PDR INJ/1+SOLV/2 B/1";"2495";"Médicament";"Artesunate";"60mg";"Injectable";"Liste I";"Antipaludique";"base PHARMACORP";"haute"
"ARTISON 60MG IM/IV PDR INJ/1+SOLV/2 B/1";"1665";"Médicament";"Artesunate";"60mg";"Injectable";"Liste I";"Antipaludique";"base PHARMACORP";"haute"
"ARTISON IV/IM INJ F/60MG";"1700";"Médicament";"Artesunate";"60mg";"Injectable";"Liste I";"Antipaludique";"même marque dans la base PHARMACORP";"moyenne"
"ARTIZ DP 80/480MG CPR B/6";"2775";"Médicament";"Artemether + Lumefantrine";"80mg/480mg";"Comprimé";"Liste I";"Antipaludique";"base PHARMACORP";"haute"
"ARTIZ FORTE 40MG/240MG CPR B/12";"3465";"Médicament";"Artemether + Lumefantrine";"40mg/240mg";"Comprimé";"Liste I";"Antipaludique";"base PHARMACORP";"haute"
"ARTIZ SUSP BUV F/60ML";"3465";"Médicament";"Artemether + Lumefantrine";"180mg/1080mg/60mL";"Sirop / solution buvable";"Liste I";"Antipaludique";"base PHARMACORP";"haute"
"ARTLUF 180/1080MG PDRE SUSP BUV F/60ML";"2080";"Médicament";"Artemether + Lumefantrine";"180mg/1080mg/60mL";"Sirop / solution buvable";"Liste I";"Antipaludique";"base PHARMACORP";"haute"
"ARTLUF FORTE 80/480MG CPR B/6";"3465";"Médicament";"Artemether + Lumefantrine";"80mg/480mg";"Comprimé";"Liste I";"Antipaludique";"base PHARMACORP";"haute"
"ARTRIM 15/90MG SUSP BUV F/60ML";"3465";"Médicament";"Artemether + Lumefantrine";"15/90mg";"Suspension buvable";"Liste I";"Antipaludique";"même marque dans la base PHARMACORP";"moyenne"
"ARTRIM GH 40/240MG B/12";"2775";"Médicament";"Artemether + Lumefantrine";"40/240mg";"";"Liste I";"Antipaludique";"même marque dans la base PHARMACORP";"moyenne"
"ARTRIM GH 40/240MG COMP B/6";"2010";"Médicament";"Artemether + Lumefantrine";"40/240mg";"Comprimé";"Liste I";"Antipaludique";"même marque dans la base PHARMACORP";"moyenne"
"ARTRIM GH 80MG/480MG CPR B/6";"1525";"Médicament";"Artemether + Lumefantrine";"80mg/480mg";"Comprimé";"Liste I";"Antipaludique";"même marque dans la base PHARMACORP";"moyenne"
"ARTUM DP 80MG/480MG COMP.B6";"3545";"Médicament";"Artemether + Lumefantrine";"80mg/480mg";"Comprimé";"Liste I";"Antipaludique";"même marque dans la base PHARMACORP";"moyenne"
"ARTUM PDR SUSP BUV FL/60ML";"2290";"Médicament";"Artemether + Lumefantrine";"60ml";"Suspension buvable";"Liste I";"Antipaludique";"même marque dans la base PHARMACORP";"moyenne"
"ASARTEM-P 40MG/320MG COMP PELL SEC B/9";"3705";"Médicament";"Artenimol + Piperaquine";"40mg/320mg";"Comprimé";"";"";"identification manuelle (marque)";"moyenne"
"ASARTEM-P 90MG/720MG PDRE SUSP BUV/60ML";"3705";"Médicament";"Artenimol + Piperaquine";"90mg/720mg";"Suspension buvable";"";"";"identification manuelle (marque)";"moyenne"
"ASCABIOL LIQ US EXT FL 125ML";"4185";"Médicament";"Benzoate de benzyle + sulfirame";"125ml";"";"ST";"Antiscabieux";"même marque dans la base PHARMACORP";"moyenne"
"ASEF KIT 150MG/1G/1G CPR B/4";"5285";"Médicament";"Fluconazole + Azithromycine + Secnidazole";"150mg/1g/1g";"Comprimé";"Liste I";"Antifongique Antibiotique Antibacterien (Macrolides) Antiparasitaire";"base PHARMACORP";"haute"
"ASMETAMOL 250MG/5ML SUSP BUV F/100ML";"1745";"Médicament";"Paracetamol";"250mg/5mL";"Sirop / solution buvable";"ST";"Antalgique, Antipyrétique";"base PHARMACORP";"haute"
"ASMETHER-L 80/480MG COMP B/6";"2495";"Médicament";"Artemether + Lumefantrine";"80/480mg";"Comprimé";"Liste I";"Antipaludique";"même marque dans la base PHARMACORP";"moyenne"
"ASMOCEFT 1G PDRE SOL INJ B/1";"1930";"Médicament";"Ceftriaxone";"1g";"Injectable";"";"";"identification manuelle (marque)";"moyenne"
"ASMOCLAV 100/12,5MG PDRE SUSP BUV 60ML";"6950";"Médicament";"Amoxicilline + Acide clavulanique";"100/12,5mg";"Suspension buvable";"Liste I";"Antibiotique Antibacterien (Penicillines)";"même marque dans la base PHARMACORP";"moyenne"
"ASMOCOLD 500/5/2/30MG COMP B/80";"7320";"Médicament";"Paracetamol + Cafeine + Phenylephrine + Chlorphenamine";"500/5/2/30mg";"Comprimé";"";"";"identification manuelle (marque)";"moyenne"
"ASMOCOLD 500/5/2/30MG COMP BLIST/4 DETAIL";"375";"Médicament";"Paracetamol + Cafeine + Phenylephrine + Chlorphenamine";"500/5/2/30mg";"Comprimé";"";"";"identification manuelle (marque)";"moyenne"
"ASMOFLAM 100MG/162,5MG SUSP BUV FL/60ML";"2470";"Médicament";"Ibuprofene + Paracetamol";"100mg/162,5mg";"Suspension buvable";"Liste II";"Antalgique, Antipyrétique, Antiinflammatoire non steroidien";"même marque dans la base PHARMACORP";"moyenne"
"ASMOFLAM 400MG/325MG COMP B/20";"4160";"Médicament";"Ibuprofene + Paracetamol";"400mg/325mg";"Comprimé";"Liste II";"Antalgique, Antipyrétique, Antiinflammatoire non steroidien";"même marque dans la base PHARMACORP";"moyenne"
"ASMOFLOX-OZ 200MG/500MG COMP B/20";"9215";"Médicament";"Ofloxacine + Ornidazole";"200mg/500mg";"Comprimé";"";"";"identification manuelle (marque)";"moyenne"
"ASMORIDE 2MG COMP.B/30";"2775";"Médicament";"Glimepiride";"2mg";"Comprimé";"Liste I";"Antidiabetique (sulfonylurees)";"même marque dans la base PHARMACORP";"moyenne"
"ASMOXIME 100MG/5ML PDRE SUSP BUV FL/60ML";"6060";"Médicament";"Cefixime";"100mg/5ml";"Suspension buvable";"Liste I";"Antibiotique Antibacterien (Cephalosporines 3 generation)";"même marque dans la base PHARMACORP";"moyenne"
"ASOMEX 2,5MG CPR B/50";"6280";"Médicament";"Amlodipine";"2,5mg";"Comprimé";"";"";"identification manuelle (marque)";"moyenne"
"ASOMEX 5MG CPR B/50";"10885";"Médicament";"Amlodipine";"5mg";"Comprimé";"";"";"identification manuelle (marque)";"moyenne"
"ASOMEX-D 2,5/12,5MG COMP B/30";"6155";"Médicament";"Amlodipine + Hydrochlorothiazide";"2,5/12,5mg";"Comprimé";"";"";"identification manuelle (marque)";"à vérifier"
"ASPEGIC (FR) 100MG NN PDRE SOL BUV SACH B";"2335";"Médicament";"Acetyl salicylate de lysine";"100mg";"Poudre / sachet";"ST";"Antalgique, Antiagregant plaquettaire, Antipyrétique, Antiinflammatoire non steroidien";"même marque dans la base PHARMACORP";"moyenne"
"ASPEGIC 1000 PDR ORAL SACH B/20";"3215";"Médicament";"Acetyl salicylate de lysine";"";"Poudre / sachet";"ST";"Antalgique, Antiagregant plaquettaire, Antipyrétique, Antiinflammatoire non steroidien";"même marque dans la base PHARMACORP";"moyenne"
"ASPEGIC 100MG NN PDRE SOL BUV SACH B/20";"1440";"Médicament";"Acetyl salicylate de lysine";"100mg";"Poudre / sachet";"ST";"Antalgique, Antiagregant plaquettaire, Antipyrétique, Antiinflammatoire non steroidien";"même marque dans la base PHARMACORP";"moyenne"
"ASPEGIC 250 PDRE ORAL SACH B/20";"1955";"Médicament";"Acetyl salicylate de lysine";"";"Poudre / sachet";"ST";"Antalgique, Antiagregant plaquettaire, Antipyrétique, Antiinflammatoire non steroidien";"même marque dans la base PHARMACORP";"moyenne"
"ASPEGIC 500 PDRE BUV SACH B/20";"1900";"Médicament";"Acetyl salicylate de lysine";"";"Poudre / sachet";"ST";"Antalgique, Antiagregant plaquettaire, Antipyrétique, Antiinflammatoire non steroidien";"même marque dans la base PHARMACORP";"moyenne"
"ASPIRIN CARDIO CPR GASTRO RESIST B/30";"1915";"Médicament";"Acide acetylsalicylique";"";"Comprimé";"";"";"identification manuelle (marque)";"moyenne"
"ASPIRINE ARROW 100MG COMP B/30";"2250";"Médicament";"Acide acetylsalicylique";"100mg";"Comprimé";"";"";"identification manuelle (marque)";"moyenne"
"ASPIRINE UPSA 1G CPR EFFV B/20";"2900";"Médicament";"Acide acetylsalicylique";"1g";"Comprimé";"";"";"identification manuelle (marque)";"moyenne"
"ASPIRINE UPSA VIT C CPD EFFV T/10 B/2";"1290";"Médicament";"Acide acetylsalicylique + Acide ascorbique";"";"Comprimé";"";"";"identification manuelle (marque)";"moyenne"
"ASPRO 500MG CPR EFF B/20";"2110";"Médicament";"Acide acetyl salicylique";"500mg";"Comprimé";"ST";"Antalgique, Antiagregant plaquettaire, Antipyrétique, Antiinflammatoire non steroidien";"même marque dans la base PHARMACORP";"moyenne"
"ASTAPH 125 MG/5ML SP F/60ML";"2330";"Médicament";"Flucloxacilline";"125mg/5ml";"Sirop";"Liste I";"Antibiotique Antibacterien (Penicillines)";"même marque dans la base PHARMACORP";"moyenne"
"ASTAPH 250 MG SP F/60ML";"3355";"Médicament";"Flucloxacilline";"250mg";"Sirop";"Liste I";"Antibiotique Antibacterien (Penicillines)";"même marque dans la base PHARMACORP";"moyenne"
"ASTAPH 250MG/5ML PDRE SUSP BUV F/100ML";"4855";"Médicament";"Flucloxacilline";"250mg/5ml";"Suspension buvable";"Liste I";"Antibiotique Antibacterien (Penicillines)";"même marque dans la base PHARMACORP";"moyenne"
"ASTAPH 500MG GEL B/12";"4160";"Médicament";"Flucloxacilline";"500mg";"Gélule";"Liste I";"Antibiotique Antibacterien (Penicillines)";"même marque dans la base PHARMACORP";"moyenne"
"ASTAPH 500MG GEL B/24";"4855";"Médicament";"Flucloxacilline";"500mg";"Gélule";"Liste I";"Antibiotique Antibacterien (Penicillines)";"même marque dans la base PHARMACORP";"moyenne"
"ASTER RAINE GAMME VISAGE 4 ITEMS";"86000";"Cosmétique / dermo";"";"";"";"";"";"hors médicament";"haute"
"ASTER RAINE LAIT CORP UNIFIANT FL/500ML";"39000";"Cosmétique / dermo";"";"500ml";"";"";"";"hors médicament";"haute"
"ASTER RAINE SAVON CURCUMA 153G";"9000";"Cosmétique / dermo";"";"153g";"";"";"";"hors médicament";"haute"
"ASTHALEX 2MG/5MG SP F/100ML";"2495";"Médicament";"Salbutamol";"2mg/5mg";"Sirop";"Liste I";"Bronchodilatateur";"même marque dans la base PHARMACORP";"moyenne"
"ASTRIAM RETARD 80MG/2ML INJ B/1";"4440";"";"";"80mg/2ml";"Injectable";"";"";"non identifié";"à vérifier"
"ASU DENK FIXED DOSE CPR B/3";"3090";"Médicament";"Artesunate + Sulfamethoxypyrazine + Pyrimethamine";"";"Comprimé";"Liste I";"Antipaludique";"même marque dans la base PHARMACORP";"moyenne"
"ATACAND 16MG COMP.SECABLES B/28";"23820";"Médicament";"Candesartan cilexetil";"16mg";"Comprimé";"Liste I";"Antihypertenseur (ARAII)";"même marque dans la base PHARMACORP";"moyenne"
"ATACAND 8MG COMP SEC B/30";"22100";"Médicament";"Candesartan cilexetil";"8mg";"Comprimé";"Liste I";"Antihypertenseur (ARAII)";"même marque dans la base PHARMACORP";"moyenne"
"ATARAX 25MG DRAG B/30";"2260";"Médicament";"Hydroxyzine";"25mg";"Comprimé";"Liste I";"Anxiolytique, Antiprurigineux";"même marque dans la base PHARMACORP";"moyenne"
"ATARAX SP FL/200ML";"2190";"Médicament";"Hydroxyzine";"200ml";"Sirop";"Liste I";"Anxiolytique, Antiprurigineux";"même marque dans la base PHARMACORP";"moyenne"
"ATENOLOL 100MG COMP B/30 3400937543378";"6255";"Médicament";"Atenolol";"100mg";"Comprimé";"";"";"DCI citée dans la désignation";"moyenne"
"ATENOLOL BIOGARAN 50MG CPR SEC B/30";"3065";"Médicament";"Atenolol";"50mg";"Comprimé";"Liste I";"Antiarythmique, Antihypertenseur, Antiangoreux";"base PHARMACORP";"haute"
"ATENOLOL DENK 50MG CPR DETAIL";"760";"Médicament";"Atenolol";"50mg";"Comprimé";"";"";"DCI citée dans la désignation";"moyenne"
"ATENOLOL DENK 50MG CPR/100BL";"7600";"Médicament";"Atenolol";"50mg";"Comprimé";"";"";"DCI citée dans la désignation";"moyenne"
"ATENOLOL SDZ 100MG COMP B/30";"5310";"Médicament";"Atenolol";"100mg";"Comprimé";"";"";"DCI citée dans la désignation";"moyenne"
"ATEPADENE 30MG GELU T/30";"5560";"Médicament";"Adenosine triphosphate";"30mg";"Gélule";"ST";"Antidorsalgique";"même marque dans la base PHARMACORP";"moyenne"
"ATMAX 200MG/5ML SUSP F/15ML";"4160";"Médicament";"Azithromycine";"200mg/5ml";"Suspension buvable";"Liste I";"Antibiotique Antibacterien (Macrolides)";"même marque dans la base PHARMACORP";"moyenne"
"ATMAX 500MG CPR PELL B/3";"5270";"Médicament";"Azithromycine";"500mg";"Comprimé";"Liste I";"Antibiotique Antibacterien (Macrolides)";"base PHARMACORP";"haute"
"ATODERM CR CORPS PS PPE/500ML";"11980";"Cosmétique / dermo";"";"500ml";"Crème / pommade";"";"";"hors médicament";"haute"
"ATODERM CR T/200ML";"8330";"Cosmétique / dermo";"";"200ml";"Crème / pommade";"";"";"hors médicament";"haute"
"ATODERM CR ULTRA NOUR SANS PARF T/200ML";"11500";"Cosmétique / dermo";"";"200ml";"Crème / pommade";"";"";"hors médicament";"haute"
"ATODERM CREME ULTRA NOURRISSANTE F/500ML";"18730";"Cosmétique / dermo";"";"500ml";"Crème / pommade";"";"";"hors médicament";"haute"
"ATODERM GEL DOUCH FL POMP 1L";"15895";"Cosmétique / dermo";"";"";"Crème / pommade";"";"";"hors médicament";"haute"
"ATODERM HUILE DCHE FL/1L";"22800";"Cosmétique / dermo";"";"";"";"";"";"hors médicament";"haute"
"ATODERM INTENSIV BME APAIS VIS/CORP500ML";"29480";"Cosmétique / dermo";"";"500ml";"";"";"";"hors médicament";"haute"
"ATODERM PAIN SURGRAS 150G";"5500";"Cosmétique / dermo";"";"150g";"";"";"";"hors médicament";"haute"
"ATODERM PP BAUME T/200ML 3401399373817";"12980";"Cosmétique / dermo";"";"200ml";"";"";"";"hors médicament";"haute"
"ATOREX 10MG CPR B/30";"6515";"Médicament";"Atorvastatine";"10mg";"Comprimé";"Liste I";"Hypocholesterolemiant (Statines)";"même marque dans la base PHARMACORP";"moyenne"
"ATOREX 20MG CPR B/30";"8970";"Médicament";"Atorvastatine";"20mg";"Comprimé";"Liste I";"Hypocholesterolemiant (Statines)";"même marque dans la base PHARMACORP";"moyenne"
"ATORFIT 10MG CP B/30";"6380";"Médicament";"Atorvastatine";"10mg";"Comprimé";"";"";"identification manuelle (marque)";"moyenne"
"ATORFIT 20MG CP B/30";"8460";"Médicament";"Atorvastatine";"20mg";"Comprimé";"Liste I";"Hypocholesterolemiant (Statines)";"base PHARMACORP";"haute"
"ATORFIT 40MG COMP B/30";"9565";"Médicament";"Atorvastatine";"40mg";"Comprimé";"";"";"identification manuelle (marque)";"moyenne"
"ATROMAX COMP B/3";"4575";"Médicament";"Azithromycine";"";"Comprimé";"Liste I";"Antibiotique Antibacterien (Macrolides)";"même marque dans la base PHARMACORP";"moyenne"
"ATROPINE AGT 0,50MG 1ML AMP DETAIL";"830";"Médicament";"Atropine sulfate";"0,50mg";"Injectable";"";"";"DCI citée dans la désignation";"moyenne"
"ATROPINE AGT 0.50MG 1ML AMP.B/10";"8320";"Médicament";"Atropine sulfate";"0.50mg";"Injectable";"";"";"DCI citée dans la désignation";"moyenne"
"ATROPINE ALC 0,5% COLLYRE FL/10ML";"3105";"Médicament";"Atropine sulfate";"0,5%";"Collyre";"";"";"DCI citée dans la désignation";"moyenne"
"ATROPINE ALC 1% COLLYRE FL/10ML";"3370";"Médicament";"Atropine sulfate";"1%";"Collyre";"";"";"DCI citée dans la désignation";"moyenne"
"ATROPINE REN 0.5MG 1ML AMP B/10";"9006";"Médicament";"Atropine sulfate";"0.5mg";"Injectable";"";"";"DCI citée dans la désignation";"moyenne"
"ATROPINE REN 0.5MG 1ML DETAIL";"900";"Médicament";"Atropine sulfate";"0.5mg";"";"";"";"DCI citée dans la désignation";"moyenne"
"ATSTAT 10MG CPR B/30";"3400";"Médicament";"Atorvastatine";"10mg";"Comprimé";"Liste I";"Hypocholesterolemiant (Statines)";"même marque dans la base PHARMACORP";"moyenne"
"ATSTAT 20MG CPR B/30";"4165";"Médicament";"Atorvastatine";"20mg";"Comprimé";"Liste I";"Hypocholesterolemiant (Statines)";"même marque dans la base PHARMACORP";"moyenne"
"ATURGYL NAS SOL FL NEB 15ML";"1815";"Médicament";"Oxymetazoline";"15ml";"";"Liste II";"Decongestif nasal";"même marque dans la base PHARMACORP";"moyenne"
"AUDISPRAY AD SS GAZ SPRAY FL/50ML";"6100";"Dispositif médical / consommable";"Eau de mer";"50ml";"Suspension buvable";"";"";"identification manuelle (marque)";"moyenne"
"AUDISPRAY SOL AUR ENF SPRAY FL/25ML";"7120";"Dispositif médical / consommable";"Eau de mer";"25ml";"Spray";"";"";"identification manuelle (marque)";"moyenne"
"AUDISPRAY ULTRA SPRAY FL/20ML";"6990";"Dispositif médical / consommable";"Eau de mer";"20ml";"Spray";"";"";"identification manuelle (marque)";"moyenne"
"AUDRAN HUILE ARGAN ECLAIRC FL/150ML";"9000";"Cosmétique / dermo";"";"150ml";"";"";"";"hors médicament";"haute"
"AUDRAN HUILE GLYCERINEE FL/150ML";"9000";"Cosmétique / dermo";"";"150ml";"";"";"";"hors médicament";"haute"
"AUDRAN LAIT HYDRATANT FL/400ML";"11000";"Cosmétique / dermo";"";"400ml";"";"";"";"hors médicament";"haute"
"AUDRAN TEINT CLAIR NOIX DE COCO FL/400ML";"13500";"Cosmétique / dermo";"";"400ml";"";"";"";"hors médicament";"haute"
"AUGMACILLIN 200MG PDR SUSP F/60ML";"2745";"Médicament";"Amoxicilline + Acide clavulanique";"200mg";"Suspension buvable";"Liste I";"Antibiotique Antibacterien (Penicillines)";"même marque dans la base PHARMACORP";"moyenne"
"AUGMACILLIN 400MG PDRE SUSP F/60ML";"4230";"Médicament";"Amoxicilline + Acide clavulanique";"400mg/57mg";"Sirop / solution buvable";"Liste I";"Antibiotique Antibacterien (Penicillines)";"base PHARMACORP";"haute"
"AUGMENTIN 100MG BB PDRE/SP 30ML";"2885";"Médicament";"Amoxicilline + Acide clavulanique";"100mg";"Sirop";"Liste I";"Antibiotique Antibacterien (Penicillines)";"même marque dans la base PHARMACORP";"moyenne"
"AUGMENTIN 100MG ENF PDRE/SP 60ML";"5240";"Médicament";"Amoxicilline + Acide clavulanique";"100mg";"Sirop";"Liste I";"Antibiotique Antibacterien (Penicillines)";"même marque dans la base PHARMACORP";"moyenne"
"AUGMENTIN 1G PDRE SUSP BUV SACH B/12";"8375";"Médicament";"Amoxicilline + Acide clavulanique";"1g";"Suspension buvable";"Liste I";"Antibiotique Antibacterien (Penicillines)";"même marque dans la base PHARMACORP";"moyenne"
"AUGMENTIN 500MG CPR PELL B/16";"5950";"Médicament";"Amoxicilline + Acide clavulanique";"500mg";"Comprimé";"Liste I";"Antibiotique Antibacterien (Penicillines)";"même marque dans la base PHARMACORP";"moyenne"
"AUGOCIN COLLYRE F/10ML";"1555";"Médicament";"Gentamicine";"10ml";"Collyre";"Liste I";"Antibiotique Antibacterien (Aminosides)";"même marque dans la base PHARMACORP";"moyenne"
"AUREOMYCIN SPECIA 3% PDE T/15G";"1735";"Médicament";"Chlortetracycline";"3%";"";"";"";"identification manuelle (marque)";"moyenne"
"AUREOMYCINE VALDA 1% PDE OPHT T/15G";"415";"Médicament";"Chlortetracycline chlorhydrate";"1%";"";"Liste I";"Antibiotique Antibacterien (Cyclines)";"même marque dans la base PHARMACORP";"moyenne"
"AUREOMYCINE VALDA 3% PDE DERM T/15G";"625";"Médicament";"Chlortetracycline chlorhydrate";"3%";"";"Liste I";"Antibiotique Antibacterien (Cyclines)";"même marque dans la base PHARMACORP";"moyenne"
"AURICULARUM SUSP AURIC PDR+SOLV/10ML";"5725";"Médicament";"Oxytetracycline chlorhydrate + polymyxine b sulfate + nystatine + dexamethasone";"10ml";"Suspension buvable";"Liste I";"Antifongique, Antiinfectieux, Antiinflammatoire steroidien";"même marque dans la base PHARMACORP";"moyenne"
"AUROMOX DUO 1G/125MG COMP B/14";"7625";"Médicament";"Amoxicilline + Acide clavulanique";"1g/125mg";"Comprimé";"Liste I";"Antibiotique Antibacterien (Penicillines)";"même marque dans la base PHARMACORP";"moyenne"
"AUROMOX DUO 500MG/62,5MG CPR PELL B/14";"6240";"Médicament";"Amoxicilline + Acide clavulanique";"500mg/62,5mg";"Comprimé";"Liste I";"Antibiotique Antibacterien (Penicillines)";"base PHARMACORP";"haute"
"AUROMOX DUO FORTE S.BUV FL/60ML";"4855";"Médicament";"Amoxicilline + Acide clavulanique";"60ml";"";"Liste I";"Antibiotique Antibacterien (Penicillines)";"même marque dans la base PHARMACORP";"moyenne"
"AUROMOX DUO PDR S.BUV FL/60ML";"4160";"Médicament";"Amoxicilline + Acide clavulanique";"60ml";"";"Liste I";"Antibiotique Antibacterien (Penicillines)";"même marque dans la base PHARMACORP";"moyenne"
"AUROTHER 20MG/120MG COMP DISP B/6 3401081546598";"1385";"Médicament";"Artemether + Lumefantrine";"20mg/120mg";"Comprimé";"Liste I";"Antipaludique";"même marque dans la base PHARMACORP";"moyenne"
"AUROTHER 40MG/240MG CPR B/12";"3120";"Médicament";"Artemether + Lumefantrine";"40mg/240mg";"Comprimé";"Liste I";"Antipaludique";"base PHARMACORP";"haute"
"AUROTHER 80MG/480MG CPR B/6";"3120";"Médicament";"Artemether + Lumefantrine";"80mg/480mg";"Comprimé";"Liste I";"Antipaludique";"base PHARMACORP";"haute"
"AUROTHRIN 200MG/5ML SP F/15ML";"3120";"Médicament";"Azithromycine";"200mg/5mL";"Autre";"Liste I";"Antibiotique Antibacterien (Macrolides)";"base PHARMACORP";"haute"
"AUROTHRIN 500MG CPR PELL B/3";"5545";"Médicament";"Azithromycine";"500mg";"Comprimé";"Liste I";"Antibiotique Antibacterien (Macrolides)";"base PHARMACORP";"haute"
"AUTOTENSIOMETRE TORM BRAS MAM B/1";"40325";"Dispositif médical / consommable";"";"";"";"";"";"hors médicament";"haute"
"AVAMYS 27,5MCG/DOSE PULV 120";"2800";"Médicament";"Fluticasone propionate";"27,5mcg";"";"Liste I";"Antiinflammatoire steroidien, Decongestif nasal, Antiasthmatique (Glucocorticoide)";"même marque dans la base PHARMACORP";"moyenne"
"AVAMYS 27,5MCG/DOSE PULV 120 (F)";"7955";"Médicament";"Fluticasone propionate";"27,5mcg";"";"Liste I";"Antiinflammatoire steroidien, Decongestif nasal, Antiasthmatique (Glucocorticoide)";"même marque dans la base PHARMACORP";"moyenne"
"AVAS 10MG CPR PELL B/30";"5825";"Médicament";"Atorvastatine";"10mg";"Comprimé";"Liste I";"Hypocholesterolemiant (Statines)";"même marque dans la base PHARMACORP";"moyenne"
"AVAS 20MG CPR PELL B/30";"7625";"Médicament";"Atorvastatine";"20mg";"Comprimé";"Liste I";"Hypocholesterolemiant (Statines)";"même marque dans la base PHARMACORP";"moyenne"
"AVAZIR 0,3% COLL F/10ML";"2330";"Médicament";"Tobramycine";"0,3%";"Collyre";"Liste I";"Antiinfectieux, Antibacterien (Aminosides et apparentes)";"même marque dans la base PHARMACORP";"moyenne"
"AVELOX 400MG CPR B/5";"3495";"Médicament";"Moxifloxacine";"400mg";"Comprimé";"Liste I";"Antibiotique Antibacterien (Fluoroquinolone)";"même marque dans la base PHARMACORP";"moyenne"
"AVENE CICALFATE+CREME 40ML";"8675";"Cosmétique / dermo";"";"40ml";"Crème / pommade";"";"";"hors médicament";"haute"
"AVENE CICALFLATE SPRAY FL/100ML";"9090";"Cosmétique / dermo";"";"100ml";"Spray";"";"";"hors médicament";"haute"
"AVENE CLEAN EAU MICELLAIRE F/400ML FA";"12970";"Cosmétique / dermo";"";"400ml";"";"";"";"hors médicament";"haute"
"AVENE CLEAN GEL T/200ML FA";"10920";"Cosmétique / dermo";"";"200ml";"Gel";"";"";"hors médicament";"haute"
"AVENE CLEAN SAVON 100G";"4430";"Cosmétique / dermo";"";"100g";"";"";"";"hors médicament";"haute"
"AVENE CLEANANCE GEL NETTOYANT 400ML";"13015";"Cosmétique / dermo";"";"400ml";"Gel";"";"";"hors médicament";"haute"
"AVENE FLUIDE SOLAIRE SPF50+ T/50ML";"14455";"Cosmétique / dermo";"";"50ml";"";"";"";"hors médicament";"haute"
"AVENE XERACALM AD PAIN 100G";"5560";"Cosmétique / dermo";"";"100g";"";"";"";"hors médicament";"haute"
"AVENE XERACALM NUTR LAIT F/400ML";"19320";"Cosmétique / dermo";"";"400ml";"";"";"";"hors médicament";"haute"
"AVENIR PLUS";"197675";"";"";"";"";"";"";"non identifié";"à vérifier"
"AVIANA KIT 150MG/1G/1G B/4";"5545";"Médicament";"Fluconazole + Azithromycine + Secnidazole";"150mg/1g";"";"Liste I";"Antifongique Antibiotique Antibacterien (Macrolides) Antiparasitaire";"même marque dans la base PHARMACORP";"moyenne"
"AVSAR 10MG/160MG CPR B/28";"15085";"Médicament";"Amlodipine + Valsartan";"10mg/160mg";"Comprimé";"Liste I";"Antihypertenseur (IC + ARAII)";"base PHARMACORP";"haute"
"AXABAN DENK 5MG COMP B/60";"34665";"Médicament";"Apixaban";"5mg";"Comprimé";"Liste I";"Anticoagulant";"même marque dans la base PHARMACORP";"moyenne"
"AXE DEODORANT DARK TEMPTATION 48H 150ML";"1750";"Cosmétique / dermo";"";"150ml";"";"";"";"hors médicament";"haute"
"AXE DEODORANT MUSK 48H 150ML";"1750";"Cosmétique / dermo";"";"150ml";"";"";"";"hors médicament";"haute"
"AXOL PROCTO SUPPO B/10";"7960";"Médicament";"Escine + Menthol + Vitis vinifera + Glycosaminoglycanes + Mimosa tenuiflora + Myrtille + Acide glycyrrhetinique";"multidosage";"Suppositoire / ovule";"ST";"Antihemorroidaire";"base PHARMACORP";"haute"
"AZEE 500MG COMP B/3";"4160";"Médicament";"Azithromycine";"500mg";"Comprimé";"Liste I";"Antibiotique Antibacterien (Macrolides)";"même marque dans la base PHARMACORP";"moyenne"
"AZI-ONCE 200MG/5ML PDRE SUSP BUV F/15ML";"3745";"Médicament";"Azithromycine";"200mg/5mL";"Sirop / solution buvable";"Liste I";"Antibiotique Antibacterien (Macrolides)";"base PHARMACORP";"haute"
"AZI-ONCE 250MG GEL B/6";"5130";"Médicament";"Azithromycine";"250mg";"Crème / pommade / gel";"Liste I";"Antibiotique Antibacterien (Macrolides)";"base PHARMACORP";"haute"
"AZIBACT 500MG CP B/3";"3465";"Médicament";"Azithromycine";"500mg";"Comprimé";"Liste I";"Antibiotique Antibacterien (Macrolides)";"base PHARMACORP";"haute"
"AZIC 250MG CPR PELL B/6";"2775";"Médicament";"Azithromycine";"250mg";"Comprimé";"Liste I";"Antibiotique Antibacterien (Macrolides)";"base PHARMACORP";"haute"
"AZIC 500MG CPR PELL B/3";"2775";"Médicament";"Azithromycine";"250mg";"Comprimé";"Liste I";"Antibiotique Antibacterien (Macrolides)";"base PHARMACORP";"haute"
"AZICURE 200MG/5ML SUSP ORAL F/15ML";"3950";"Médicament";"Azithromycine";"200mg/5ml";"Suspension buvable";"Liste I";"Antibiotique Antibacterien (Macrolides)";"même marque dans la base PHARMACORP";"moyenne"
"AZICURE 250MG COMP B/6";"3950";"Médicament";"Azithromycine";"250mg";"Comprimé";"Liste I";"Antibiotique Antibacterien (Macrolides)";"même marque dans la base PHARMACORP";"moyenne"
"AZICURE 500MG CPR B/3";"3950";"Médicament";"Azithromycine";"500mg";"Comprimé";"Liste I";"Antibiotique Antibacterien (Macrolides)";"même marque dans la base PHARMACORP";"moyenne"
"AZIENT 500MG CPR PELL B/3";"5385";"Médicament";"Azithromycine";"500mg";"Comprimé";"Liste I";"Antibiotique Antibacterien (Macrolides)";"même marque dans la base PHARMACORP";"moyenne"
"AZIK 40MG SUSP FL 22,5ML";"2675";"Médicament";"Azithromycine";"40mg";"Suspension buvable";"Liste I";"Antibiotique Antibacterien (Macrolides)";"même marque dans la base PHARMACORP";"moyenne"
"AZIK 500MG CPR B/3";"2855";"Médicament";"Azithromycine";"500mg";"Comprimé";"Liste I";"Antibiotique Antibacterien (Macrolides)";"base PHARMACORP";"haute"
"AZILIN 200MG/5ML S.BUV F/30ML";"3465";"Médicament";"Azithromycine";"200mg/5ml";"";"Liste I";"Antibiotique Antibacterien (Macrolides)";"même marque dans la base PHARMACORP";"moyenne"
"AZILIN 500MG COMP B/3";"4160";"Médicament";"Azithromycine";"500mg";"Comprimé";"Liste I";"Antibiotique Antibacterien (Macrolides)";"même marque dans la base PHARMACORP";"moyenne"
"AZINEX 40MG/ML SUSP BUV F/15ML";"2775";"Médicament";"Azithromycine";"40mg";"Suspension buvable";"Liste I";"Antibiotique Antibacterien (Macrolides)";"même marque dans la base PHARMACORP";"moyenne"
"AZINEX 500MG CPR PELL B/3";"4160";"Médicament";"Azithromycine";"500mg";"Comprimé";"Liste I";"Antibiotique Antibacterien (Macrolides)";"même marque dans la base PHARMACORP";"moyenne"
"AZIOCIN 500MG CPR B/3";"3465";"Médicament";"Azithromycine";"500mg";"Comprimé";"Liste I";"Antibiotique Antibacterien (Macrolides)";"base PHARMACORP";"haute"
"AZIREN 500MG CPR B/3";"3050";"Médicament";"Azithromycine";"500mg";"Comprimé";"Liste I";"Antibiotique Antibacterien (Macrolides)";"base PHARMACORP";"haute"
"AZISER 500MG COMP.B/3";"2270";"Médicament";"Azithromycine";"500mg";"Injectable";"";"";"identification manuelle (marque)";"moyenne"
"AZIT 500MG COMP. SEC B/3";"5225";"Médicament";"Azithromycine";"500mg";"Comprimé";"Liste I";"Antibiotique Antibacterien (Macrolides)";"même marque dans la base PHARMACORP";"moyenne"
"AZIT PDR SUSP 200MG F/15ML";"2550";"Médicament";"Azithromycine";"200mg";"Suspension buvable";"Liste I";"Antibiotique Antibacterien (Macrolides)";"même marque dans la base PHARMACORP";"moyenne"
"AZITHRIN DRY PDRE SUSP BUV F/15ML";"2775";"Médicament";"Azithromycine";"200mg/5mL";"Sirop / solution buvable";"Liste I";"Antibiotique Antibacterien (Macrolides)";"base PHARMACORP";"haute"
"AZITHRIN STRIDES 250MG CP B/6";"3190";"Médicament";"Azithromycine";"250mg";"Comprimé";"Liste I";"Antibiotique Antibacterien (Macrolides)";"même marque dans la base PHARMACORP";"moyenne"
"AZITHRIN STRIDES 500MG CP B/3";"3880";"Médicament";"Azithromycine";"500mg";"Comprimé";"Liste I";"Antibiotique Antibacterien (Macrolides)";"même marque dans la base PHARMACORP";"moyenne"
"AZITHRO 100MG PDRE SUSP BUV SACH B/3";"1940";"Médicament";"Azithromycine";"100mg";"Sirop / solution buvable";"Liste I";"Antibiotique Antibacterien (Macrolides)";"base PHARMACORP";"haute"
"AZITHRO 200MG PDRE SUSP BUV SACH B/3";"2775";"Médicament";"Azithromycine";"200mg";"Sirop / solution buvable";"Liste I";"Antibiotique Antibacterien (Macrolides)";"base PHARMACORP";"haute"
"AZITHRO 500MG GEL B/3";"4435";"Médicament";"Azithromycine";"500mg";"Crème / pommade / gel";"Liste I";"Antibiotique Antibacterien (Macrolides)";"base PHARMACORP";"haute"
"AZITHRO DENK 250MG CPR B/6";"4160";"Médicament";"Azithromycine";"250mg";"Comprimé";"Liste I";"Antibiotique Antibacterien (Macrolides)";"base PHARMACORP";"haute"
"AZITHRO DENK 500MG CPR B/3";"4855";"Médicament";"Azithromycine";"500mg";"Comprimé";"";"";"DCI citée dans la désignation";"moyenne"
"AZITHROFAV 250MG CPR PELL B/6";"3055";"Médicament";"Azithromycine";"250mg";"Comprimé";"Liste I";"Antibiotique Antibacterien (Macrolides)";"base PHARMACORP";"haute"
"AZITHROFAV 500MG CPR PELL B/3";"3745";"Médicament";"Azithromycine";"500mg";"Comprimé";"Liste I";"Antibiotique Antibacterien (Macrolides)";"base PHARMACORP";"haute"
"AZITHROMYCINE 500MG COMP BLIST B/3";"1985";"Médicament";"Azithromycine";"500mg";"Comprimé";"";"";"DCI citée dans la désignation";"moyenne"
"AZITHROMYCINE VIR 500MG CPR PELL B/3";"4160";"Médicament";"Azithromycine";"500mg";"Comprimé";"";"";"DCI citée dans la désignation";"moyenne"
"AZITRINE 250MG CPR B/6";"2775";"Médicament";"Azithromycine";"250mg";"Comprimé";"Liste I";"Antibiotique Antibacterien (Macrolides)";"même marque dans la base PHARMACORP";"moyenne"
"AZITRINE 500MG CPR B/3";"5340";"Médicament";"Azithromycine";"500mg";"Comprimé";"Liste I";"Antibiotique Antibacterien (Macrolides)";"même marque dans la base PHARMACORP";"moyenne"
"AZITRINE 600MG PDRE SUSP BUV F/15ML";"2775";"Médicament";"Azithromycine";"600mg";"Suspension buvable";"Liste I";"Antibiotique Antibacterien (Macrolides)";"même marque dans la base PHARMACORP";"moyenne"
"AZIWOOD 500MG COMP.B/3";"3745";"Médicament";"Azithromycine";"500mg";"Comprimé";"Liste I";"Antibiotique Antibacterien (Macrolides)";"même marque dans la base PHARMACORP";"moyenne"
"AZIX 500MG CP B/3";"6655";"Médicament";"Azithromycine";"500mg";"Comprimé";"Liste I";"Antibiotique Antibacterien (Macrolides)";"même marque dans la base PHARMACORP";"moyenne"
"AZODERM CREME";"1385";"";"";"";"Crème / pommade";"";"";"non identifié";"à vérifier"
"AZOGEN 200MG/5ML SUSP BUV FL/15ML";"2540";"Médicament";"Azithromycine";"200mg/5ml";"Suspension buvable";"Liste I";"Antibiotique Antibacterien (Macrolides)";"même marque dans la base PHARMACORP";"moyenne"
"AZOGEN 500 GELULE B/3";"2955";"Médicament";"Azithromycine";"500g";"Gélule";"Liste I";"Antibiotique Antibacterien (Macrolides)";"même marque dans la base PHARMACORP";"moyenne"
"AZOPT 1% COLLYRE FL/5ML";"14060";"Médicament";"Brinzolamide";"1%";"Collyre";"Liste I";"Antiglaucomateux";"même marque dans la base PHARMACORP";"moyenne"
"AZYTER 15MG/G COLL (F) UNIDOSE B/6";"5545";"Médicament";"Azithromycine";"15mg";"Collyre";"Liste I";"Antibiotique Antibacterien (Macrolides)";"même marque dans la base PHARMACORP";"moyenne"
"AZYTER 15MG/G COLL SOL UNID B/6";"5545";"Médicament";"Azithromycine";"15mg";"Collyre";"Liste I";"Antibiotique Antibacterien (Macrolides)";"même marque dans la base PHARMACORP";"moyenne"
"B VIT FORT CP B/20";"1750";"Médicament";"Vit B1B6B12";"";"Comprimé";"ST";"Neuropathie";"même marque dans la base PHARMACORP";"moyenne"
"B VIT FORT CP UNITE";"610";"Médicament";"Vit B1B6B12";"";"Comprimé";"ST";"Neuropathie";"même marque dans la base PHARMACORP";"moyenne"
"B-COLEN SP FL/200ML";"3065";"Médicament";"MULTIVITAMINES";"200ml";"Sirop";"ST";"Supplement vitaminique";"même marque dans la base PHARMACORP";"moyenne"
"B-VIT FORT CPR B/100";"6100";"Médicament";"Vit B1B6B12";"";"Comprimé";"ST";"Neuropathie";"même marque dans la base PHARMACORP";"moyenne"
"BABYBIO CEREALES 3 FRUITS 220G";"3005";"Nutrition / complément";"";"220g";"";"";"";"hors médicament";"haute"
"BABYBIO CEREALES VANILLE 220G";"2945";"Nutrition / complément";"";"220g";"";"";"";"hors médicament";"haute"
"BABYBIO COMPOT POMME/BANANE 130G";"1335";"Nutrition / complément";"";"130g";"Comprimé";"";"";"hors médicament";"haute"
"BABYBIO COMPOTE POIRE POT/130G/1";"1430";"Nutrition / complément";"";"130g";"Comprimé";"";"";"hors médicament";"haute"
"BABYBIO COMPOTE POMME/FRAISE POT/130G/1";"1430";"Nutrition / complément";"";"130g";"Comprimé";"";"";"hors médicament";"haute"
"BABYBIO COMPOTE POMME/MANGUE POT/130G/1";"1335";"Nutrition / complément";"";"130g";"Comprimé";"";"";"hors médicament";"haute"
"BABYBIO COMPOTE POMME/MYRTILLPOT/130G/1";"1000";"Nutrition / complément";"";"130g";"Comprimé";"";"";"hors médicament";"haute"
"BABYBIO COMPOTE POMME/PRUNEAUPOT/130G/1";"1430";"Nutrition / complément";"";"130g";"Comprimé";"";"";"hors médicament";"haute"
"BABYBIO LAIT OPTIMA 1 400G";"6560";"Nutrition / complément";"";"400g";"";"";"";"hors médicament";"haute"
"BABYBIO LAIT OPTIMA 2 400G";"6340";"Nutrition / complément";"";"400g";"";"";"";"hors médicament";"haute"
"BABYBIO LAIT OPTIMA 3 BIO 400G";"6250";"Nutrition / complément";"";"400g";"";"";"";"hors médicament";"haute"
"BABYBIO NUIT CAR/CRG/BUT 200G";"1620";"Nutrition / complément";"";"200g";"";"";"";"hors médicament";"haute"
"BABYBIO POT POIS/PDT/SMN 200G";"1985";"Nutrition / complément";"";"200g";"";"";"";"hors médicament";"haute"
"BABYBIO PUREE CAROT/BUTTER/RIZ POT200G/1";"800";"Nutrition / complément";"";"200g";"";"";"";"hors médicament";"haute"
"BABYBIO PUREE CAROTT/POTIMAR POT/130G/1";"1280";"Nutrition / complément";"";"130g";"";"";"";"hors médicament";"haute"
"BABYBIO PUREE LEGUMES VERTS POT/130G/1";"1280";"Nutrition / complément";"";"130g";"";"";"";"hors médicament";"haute"
"BABYBIO PUREE LEGUMES/SAUMON POT/200G/1";"1000";"Nutrition / complément";"";"200g";"";"";"";"hors médicament";"haute"
"BABYBIO PUREE PATATE DOUCE POT/130G/1";"1430";"Nutrition / complément";"";"130g";"";"";"";"hors médicament";"haute"
"BABYHALER CHAMB INHAL BB ENF";"26350";"Dispositif médical / consommable";"";"";"";"";"";"hors médicament";"haute"
"BABYSOIN SERUM PHY UNIDOSES B/20";"2810";"Médicament";"Chlorure de sodium";"";"";"";"";"identification manuelle (marque)";"moyenne"
"BABYSOIN SOL PHY 5ML UNIDOSE B/30";"4100";"Médicament";"Chlorure de sodium";"5ml";"";"";"";"identification manuelle (marque)";"moyenne"
"BACQURE 500MG INJ AMP B/1";"10095";"Médicament";"Imipenem + Cilastatine";"500mg";"Injectable";"Liste I";"Antiinfectieux, Antibacterien (Penicillines)";"même marque dans la base PHARMACORP";"moyenne"
"BACTIDOSE GEL HYD SS PARF FL/300ML";"4700";"Hygiène";"";"300ml";"Suspension buvable";"";"";"hors médicament";"haute"
"BACTIDOSE GEL HYDROALCO SANS PARF F/75ML";"2500";"Hygiène";"";"75ml";"Gel";"";"";"hors médicament";"haute"
"BACTOX 500MG PDRE SUSP BUV F/60ML";"2980";"Médicament";"Amoxicilline";"500mg";"Suspension buvable";"Liste I";"Antibiotique Antibacterien (Penicillines)";"même marque dans la base PHARMACORP";"moyenne"
"BACTOX GE 250MG SUSP BUV F/60ML";"1805";"Médicament";"Amoxicilline";"250mg";"Suspension buvable";"Liste I";"Antibiotique Antibacterien (Penicillines)";"même marque dans la base PHARMACORP";"moyenne"
"BACTOX GE 500MG GELULE BT 12";"2260";"Médicament";"Amoxicilline";"500mg";"Gélule";"Liste I";"Antibiotique Antibacterien (Penicillines)";"même marque dans la base PHARMACORP";"moyenne"
"BACTOX GE125MG SUSP BUV FL/60ML";"1345";"Médicament";"Amoxicilline";"125mg";"Suspension buvable";"Liste I";"Antibiotique Antibacterien (Penicillines)";"même marque dans la base PHARMACORP";"moyenne"
"BACTOXIME DS 100MG/5ML PDR SUSP BUV/60ML";"4505";"Médicament";"Cefixime";"100mg/5mL";"Sirop / solution buvable";"Liste I";"Antibiotique Antibacterien (Cephalosporines 3 generation)";"base PHARMACORP";"haute"
"BACTOXIME DT 200MG CPR PELL B/10";"6585";"Médicament";"Cefixime";"200mg";"Comprimé";"Liste I";"Antibiotique Antibacterien (Cephalosporines 3 generation)";"base PHARMACORP";"haute"
"BACTRIM FORTE 800/160 COMP.B/10";"2760";"Médicament";"Sulfamethoxazole + Trimethoprime";"";"Comprimé";"Liste I";"Antibiotique, Antibacterien (Sulfamides)";"même marque dans la base PHARMACORP";"moyenne"
"BACTRIM PEDIAT BUV FL/100ML";"5630";"Médicament";"Sulfamethoxazole + Trimethoprime";"100ml";"";"Liste I";"Antibiotique, Antibacterien (Sulfamides)";"même marque dans la base PHARMACORP";"moyenne"
"BACTYL 0,025% CY FL/10ML";"1315";"Médicament";"Cethexonium bromide";"0,025%";"";"ST";"Antiseptique oculaire";"même marque dans la base PHARMACORP";"moyenne"
"BAIE DIVINE PACK DE 20 BAIES LYOPHILISEES";"12000";"Nutrition / complément";"";"";"";"";"";"hors médicament";"haute"
"BANANA BOAT CREME SOLAIRE SPF100+ T/90ML";"12000";"Cosmétique / dermo";"";"90ml";"Crème / pommade";"";"";"hors médicament";"haute"
"BAND CREPE ETIREE IDA 15CMX4M S/CELLO B/1";"350";"Dispositif médical / consommable";"";"";"";"";"";"hors médicament";"haute"
"BANDE ADHESIVE 5CMX5M";"2000";"Dispositif médical / consommable";"";"";"";"";"";"hors médicament";"haute"
"BANDE CREP LABELL ETUI 4MX20";"2255";"Dispositif médical / consommable";"";"";"";"";"";"hors médicament";"haute"
"BANDE CREPE 7,5CMX4M";"500";"Dispositif médical / consommable";"";"";"";"";"";"hors médicament";"haute"
"BANDE CREPE COTON PHD 10CMX4M";"1155";"Dispositif médical / consommable";"";"";"";"";"";"hors médicament";"haute"
"BANDE CREPE COTON PHD 15CMX4M";"1690";"Dispositif médical / consommable";"";"";"";"";"";"hors médicament";"haute"
"BANDE CREPE COTON PHD 5CMX4M";"765";"Dispositif médical / consommable";"";"";"";"";"";"hors médicament";"haute"
"BANDE CREPE COTON PHD 7CMX4M";"875";"Dispositif médical / consommable";"";"";"";"";"";"hors médicament";"haute"
"BANDE CREPE LABELL CELLO 4MX10";"1000";"Dispositif médical / consommable";"";"";"";"";"";"hors médicament";"haute"
"BANDE CREPE LABELL CELLO 4MX15";"1395";"Dispositif médical / consommable";"";"";"";"";"";"hors médicament";"haute"
"BANDE CREPE LABELL ETUI 4MX10";"1100";"Dispositif médical / consommable";"";"";"";"";"";"hors médicament";"haute"
"BANDE CREPE LABELL ETUI 4MX15";"1735";"Dispositif médical / consommable";"";"";"";"";"";"hors médicament";"haute"
"BANDE CREPE LABELL ETUI 4MX5";"620";"Dispositif médical / consommable";"";"";"";"";"";"hors médicament";"haute"
"BANDE CREPE STERILUX 4MX0,07";"1335";"Dispositif médical / consommable";"";"";"";"";"";"hors médicament";"haute"
"BANDE CREPESSAN LITE 15CMX4M S/C";"1200";"Dispositif médical / consommable";"";"";"";"";"";"hors médicament";"haute"
"BANDE EXT VELPEAUNYL 4MX10CM";"500";"Dispositif médical / consommable";"";"";"";"";"";"hors médicament";"haute"
"BANDE IMMO DELTA LITE+ BLANC 3,6MX10CM";"8770";"Dispositif médical / consommable";"";"";"";"";"";"hors médicament";"haute"
"BANDE IMMO DELTA LITE+BLANC 3.5MX12.5CM";"10980";"Dispositif médical / consommable";"";"";"";"";"";"hors médicament";"haute"
"BANEOCIN PDR USAGE EXTERNE FL/10G";"1565";"Médicament";"Bacitracine zinc + Neomycine sulfate";"10g";"";"Liste I";"Cicatrisant, Antibiotique Antibacterien";"même marque dans la base PHARMACORP";"moyenne"
"BANEOCIN POMMADE DERMIQUE T/20G";"1995";"Médicament";"Bacitracine zinc + Neomycine sulfate";"20g";"Crème / pommade";"Liste I";"Cicatrisant, Antibiotique Antibacterien";"même marque dans la base PHARMACORP";"moyenne"
"BAUM DU DRAGON ROUGE PDE POT/30G";"2775";"Cosmétique / dermo";"";"30g";"Comprimé";"";"";"hors médicament";"haute"
"BAUME DU DRAGON BLANC PDE POT/30G";"2775";"Cosmétique / dermo";"";"30g";"Comprimé";"";"";"hors médicament";"haute"
"BAVOIR SEMI RIGIDE BEBE";"2205";"Dispositif médical / consommable";"";"";"";"";"";"hors médicament";"haute"
"BAXIM 1G PDRE SOL INJ B/1";"1385";"Médicament";"Cefotaxime";"1g";"Injectable";"Liste I";"Antibacterien, Antiinfectieux, Antibacterien (Cephalosporines 3 generation)";"même marque dans la base PHARMACORP";"moyenne"
"BAZEBIBOUTA BORIS";"18785";"";"";"";"";"";"";"non identifié";"à vérifier"
"BB TEST GROSSESSE 10U";"0";"Dispositif médical / consommable";"";"";"";"";"";"hors médicament";"haute"
"BB TEST SIMPLE B/20";"37305";"Dispositif médical / consommable";"";"";"";"";"";"hors médicament";"haute"
"BB TEST SIMPLE DETAIL";"1900";"Dispositif médical / consommable";"";"";"";"";"";"hors médicament";"haute"
"BBIO LAIT OPTIMA 1 800G";"11940";"Nutrition / complément";"";"800g";"";"";"";"hors médicament";"haute"
"BBIO LAIT OPTIMA 2 800G";"11830";"Nutrition / complément";"";"800g";"";"";"";"hors médicament";"haute"
"BBIO LAIT OPTIMA 3 800G";"11165";"Nutrition / complément";"";"800g";"";"";"";"hors médicament";"haute"
"BD MICRO-FINE ULT AIG 0,25X5MM DETAIL/1";"250";"Dispositif médical / consommable";"";"";"";"";"";"hors médicament";"haute"
"BD MICRO-FINE ULT AIG STY 0,25X8MM DETAIL";"250";"Dispositif médical / consommable";"";"";"";"";"";"hors médicament";"haute"
"BD MICRO-FINE ULT AIG STY ING0,25X5MM/100";"25000";"Dispositif médical / consommable";"";"";"";"";"";"hors médicament";"haute"
"BD MICRO-FINE ULT AIG STY ING0,25X8MM/100";"25000";"Dispositif médical / consommable";"";"";"";"";"";"hors médicament";"haute"
"BD-FEN 400MG COMP B/20";"2660";"Médicament";"Ibuprofene";"400mg";"Comprimé";"";"";"identification manuelle (marque)";"moyenne"
"BECILAN 250MG/5ML AMP INJ B/5 3400932725496";"3745";"Médicament";"Pyridoxine chlorhydrate (VitB6)";"250mg/5ml";"Injectable";"ST";"Supplement vitaminique";"même marque dans la base PHARMACORP";"moyenne"
"BECILAN COMP B/40";"9430";"Médicament";"Pyridoxine chlorhydrate (VitB6)";"";"Comprimé";"ST";"Supplement vitaminique";"même marque dans la base PHARMACORP";"moyenne"
"BECLAV 1000MG/200MG IV PDRE SOL ING B/1";"2775";"Médicament";"Amoxicilline + Acide clavulanique";"1000mg/200mg";"Injectable";"Liste I";"Antibiotique Antibacterien (Penicillines)";"même marque dans la base PHARMACORP";"moyenne"
"BECLAV 312,5MG SUSP F/100ML";"5545";"Médicament";"Amoxicilline + Acide clavulanique";"300mg/12,5mg";"Sirop / solution buvable";"Liste I";"Antibiotique Antibacterien (Penicillines)";"base PHARMACORP";"haute"
"BECLAV 500MG/125MG CPR B/20";"5545";"Médicament";"Amoxicilline + Acide clavulanique";"500mg/125mg";"Comprimé";"Liste I";"Antibiotique Antibacterien (Penicillines)";"base PHARMACORP";"haute"
"BECLAV FORTE 1G/125MG CPR B/12";"6935";"Médicament";"Amoxicilline + Acide clavulanique";"1g/125mg";"Comprimé";"Liste I";"Antibiotique Antibacterien (Penicillines)";"base PHARMACORP";"haute"
"BECOZYME AMP INJ 2ML B/12";"3785";"Médicament";"MULTIVITAMINES";"2ml";"Injectable";"ST";"Supplement vitaminique";"même marque dans la base PHARMACORP";"moyenne"
"BECOZYME INJ AMP/2ML DETAIL";"325";"Médicament";"MULTIVITAMINES";"2ml";"Injectable";"ST";"Supplement vitaminique";"même marque dans la base PHARMACORP";"moyenne"
"BECTACEF 1000MG/500MG PDR PPI+SOLV F/10ML";"2775";"Médicament";"Ceftriaxone + Sulbactam";"1000mg/500mg";"";"Liste I";"Antibiotique Antibacterien (Cephalosporines 3 generation)";"même marque dans la base PHARMACORP";"moyenne"
"BEDELIX 3G PDRE ORALE SACH B/30";"4450";"Médicament";"Montmorillonite beidellitique";"3g";"Poudre / sachet";"ST";"Pansements gastro intestinaux";"même marque dans la base PHARMACORP";"moyenne"
"BEGETOL CR T/30G";"2080";"Médicament";"Betamethasone + Gentamicine + Tolnaftate + Clioquinol";"30g";"Crème / pommade / gel";"Liste I";"Antibacterien, Antiinflammatoire steroidien, Antidermatophyte";"base PHARMACORP";"haute"
"BEKAL D3 CPR B/30";"4865";"Médicament";"Calcium + Vit D3";"";"Comprimé";"ST";"Supplement calcique";"même marque dans la base PHARMACORP";"moyenne"
"BEKRACINE 100MG/5ML PDRE SUSP BUV F/60ML";"6240";"Médicament";"Cefixime";"100mg/5ml";"Suspension buvable";"Liste I";"Antibiotique Antibacterien (Cephalosporines 3 generation)";"même marque dans la base PHARMACORP";"moyenne"
"BEKRACINE 200MG CPR DISP B/10";"6240";"Médicament";"Cefixime";"200mg";"Comprimé";"Liste I";"Antibiotique Antibacterien (Cephalosporines 3 generation)";"même marque dans la base PHARMACORP";"moyenne"
"BEKRATON 4MG/5ML SIROP F/50ML";"3880";"Médicament";"Ondansetron";"4mg/5ml";"Sirop";"Liste I";"Antiemetique";"même marque dans la base PHARMACORP";"moyenne"
"BEKRATON 8MG COMP.B/10";"6380";"Médicament";"Ondansetron";"8mg";"Comprimé";"Liste I";"Antiemetique";"même marque dans la base PHARMACORP";"moyenne"
"BEKRAZOLE 200MG/5ML SUSP BUV F/10ML";"1055";"Médicament";"Albendazole";"200mg/5mL";"Sirop / solution buvable";"Liste II";"Antiparasitaire, Antihelminthique";"base PHARMACORP";"haute"
"BEKRAZOLE 400MG CPR PELL B/1";"1055";"Médicament";"Albendazole";"400mg";"Comprimé";"Liste II";"Antiparasitaire, Antihelminthique";"base PHARMACORP";"haute"
"BENDEX 400MG COMP SACH/1 B/20";"9705";"Médicament";"Albendazole";"400mg";"Poudre / sachet";"Liste II";"Antiparasitaire, Antihelminthique";"même marque dans la base PHARMACORP";"moyenne"
"BENDEX CP DETAIL B/1";"485";"Médicament";"Albendazole";"";"Comprimé";"Liste II";"Antiparasitaire, Antihelminthique";"même marque dans la base PHARMACORP";"moyenne"
"BENDEX SP FL/10ML";"885";"Médicament";"Albendazole";"10ml";"Sirop";"Liste II";"Antiparasitaire, Antihelminthique";"même marque dans la base PHARMACORP";"moyenne"
"BENZATHINE BENZYLPENI UBI 2,4MUI IM B/1";"1285";"Médicament";"Benzathine benzylpenicilline";"2,4mui";"Injectable";"";"";"DCI citée dans la désignation";"moyenne"
"BEPANTHEN 5% ONGUENT PDE T/30";"3205";"Médicament";"Dexpanthenol (Vit B5)";"5%";"Crème / pommade";"ST";"Cicatrisant oculaire, Protecteur cutane";"même marque dans la base PHARMACORP";"moyenne"
"BEQUILLE UNIVERS ALU TELESCOP 105/104";"29400";"Dispositif médical / consommable";"";"";"";"";"";"hors médicament";"haute"
"BEROCCA BOOST CPR EFF B/20";"8250";"Nutrition / complément";"Multivitamines";"";"Comprimé";"";"";"identification manuelle (marque)";"moyenne"
"BEROCCA COMP EFFERV B/15";"3300";"Nutrition / complément";"Multivitamines";"";"Comprimé";"";"";"identification manuelle (marque)";"moyenne"
"BESICOR 10MG COMP B/30";"5200";"Médicament";"Bisoprolol hemifumarate";"10mg";"Comprimé";"Liste I";"Antiangoreux, Antihypertenseur (Betabloquant)";"même marque dans la base PHARMACORP";"moyenne"
"BESICOR 2,5MG COMP B/30";"4965";"Médicament";"Bisoprolol hemifumarate";"2,5mg";"Comprimé";"Liste I";"Antiangoreux, Antihypertenseur (Betabloquant)";"même marque dans la base PHARMACORP";"moyenne"
"BESICOR 5MG COMP B/30";"4160";"Médicament";"Bisoprolol hemifumarate";"5mg";"Comprimé";"Liste I";"Antiangoreux, Antihypertenseur (Betabloquant)";"même marque dans la base PHARMACORP";"moyenne"
"BETACLOX GELULE B/12";"5285";"Médicament";"Amoxicilline + cloxacilline";"";"Gélule";"Liste I";"Antibacterien, Antiinfectieux";"même marque dans la base PHARMACORP";"moyenne"
"BETADINE 10% SOL VAG FL/125ML";"1440";"Médicament";"Povidone iodee";"10%";"";"";"";"identification manuelle (marque)";"moyenne"
"BETADINE 5% ALCOOLIQUE F/125ML";"2120";"Médicament";"Povidone iodee";"5%";"";"";"";"identification manuelle (marque)";"moyenne"
"BETADINE DERMIQ FP 125ML JAUNE";"1885";"Médicament";"Povidone iodee";"125ml";"";"";"";"identification manuelle (marque)";"moyenne"
"BETADINE GARG BAIN BOUCHE F/125ML";"1665";"Médicament";"Povidone iodee";"125ml";"";"";"";"identification manuelle (marque)";"moyenne"
"BETADINE NEC+SOL VAG 125ML ANF 5415174004078";"4325";"Médicament";"Povidone iodee";"125ml";"";"";"";"identification manuelle (marque)";"moyenne"
"BETADINE OVULES B/8 3400932031009";"11025";"Médicament";"Povidone iodee";"";"Ovule";"";"";"identification manuelle (marque)";"moyenne"
"BETADINE SCRUB FL/125ML ROUGE";"1455";"Médicament";"Povidone iodee";"125ml";"";"";"";"identification manuelle (marque)";"moyenne"
"BETADINE SCRUB FL/500ML ROUGE";"5115";"Médicament";"Povidone iodee";"500ml";"";"";"";"identification manuelle (marque)";"moyenne"
"BETADINE SOL DERMIQ 500ML JAUNE";"5325";"Médicament";"Povidone iodee";"500ml";"";"";"";"identification manuelle (marque)";"moyenne"
"BETADINE SOL GYN 500ML BLEU CH";"5160";"Médicament";"Povidone iodee";"500ml";"";"";"";"identification manuelle (marque)";"moyenne"
"BETADINE TULLE B/5";"9400";"Médicament";"Povidone iodee";"";"";"";"";"identification manuelle (marque)";"moyenne"
"BETALIN 0,5MG/ML SOL BUV GTTES F/30ML";"2785";"Médicament";"Betamethasone";"0,5mg/mL";"Sirop / solution buvable";"Liste I";"Antiinflammatoire steroidien (Glucocorticoide)";"base PHARMACORP";"haute"
"BETALIN D DISPER 2MG COMP B/30";"2675";"Médicament";"Betamethasone";"2mg";"Comprimé";"Liste I";"Antiinflammatoire steroidien (Glucocorticoide)";"même marque dans la base PHARMACORP";"moyenne"
"BETALIN INJ 4MG/ML B/3 AMP";"4185";"Médicament";"Betamethasone";"4mg";"Injectable";"Liste I";"Antiinflammatoire steroidien (Glucocorticoide)";"même marque dans la base PHARMACORP";"moyenne"
"BETALIN INJ 4MG/ML DETAIL";"1395";"Médicament";"Betamethasone";"4mg";"Injectable";"Liste I";"Antiinflammatoire steroidien (Glucocorticoide)";"même marque dans la base PHARMACORP";"moyenne"
"BETAMED 0,05% PDE T/30G";"2840";"Médicament";"Betamethasone";"0,05%";"";"Liste I";"Antiinflammatoire steroidien (Glucocorticoide)";"même marque dans la base PHARMACORP";"moyenne"
"BETAMED 4MG/ML IM/IV INJ AMP/1ML B/5";"5060";"Médicament";"Betamethasone";"4mg";"Injectable";"Liste I";"Antiinflammatoire steroidien (Glucocorticoide)";"même marque dans la base PHARMACORP";"moyenne"
"BETASERC 24MG COMP B/60";"9525";"Médicament";"Betahistine dichlorhydrate";"24mg";"Comprimé";"Liste I";"Antivertigineux";"même marque dans la base PHARMACORP";"moyenne"
"BETASTENE 0,05% FL/30ML";"3120";"Médicament";"Betamethasone";"0,05%";"";"Liste I";"Antiinflammatoire steroidien (Glucocorticoide)";"même marque dans la base PHARMACORP";"moyenne"
"BETASTENE 2MG CPR DISP B/20";"3330";"Médicament";"Betamethasone";"2mg";"Comprimé";"Liste I";"Antiinflammatoire steroidien (Glucocorticoide)";"base PHARMACORP";"haute"
"BETAZ 8902501007057";"0";"";"";"";"";"";"";"non identifié";"à vérifier"
"BETAZIDIM 1G AMP INJ B/1";"8040";"Médicament";"Ceftazidime";"1g";"Injectable";"Liste I";"Antibiotique Antibacterien (Cephalosporines 3 generation)";"même marque dans la base PHARMACORP";"moyenne"
"BETIMOL COLLYRE FL/5ML";"1555";"Médicament";"Timolol maleate";"5ml";"Collyre";"Liste I";"Antiglaucomateux";"même marque dans la base PHARMACORP";"moyenne"
"BETNOVEX 0,1% CREME T/20G";"1805";"Médicament";"Betamethasone";"0,1%";"Crème / pommade";"Liste I";"Antiinflammatoire steroidien (Glucocorticoide)";"même marque dans la base PHARMACORP";"moyenne"
"BETNOVEX 2MG COMP DISP B/20";"1805";"Médicament";"Betamethasone";"2mg";"Comprimé";"Liste I";"Antiinflammatoire steroidien (Glucocorticoide)";"même marque dans la base PHARMACORP";"moyenne"
"BEVITINE 100MG AMP INJ 2ML B/5 3400930111161";"3965";"Médicament";"Thiamine chlorhydrate (Vit B1)";"100mg";"Injectable";"ST";"Supplement vitaminique";"même marque dans la base PHARMACORP";"moyenne"
"BEVITINE 250MG COMP B/20";"2510";"Médicament";"Thiamine chlorhydrate (Vit B1)";"250mg";"Comprimé";"ST";"Supplement vitaminique";"même marque dans la base PHARMACORP";"moyenne"
"BEZINC GEL B/30";"3025";"Médicament";"MULTIVITAMINES";"multidosage";"Crème / pommade / gel";"ST";"Supplement vitaminique";"base PHARMACORP";"haute"
"BGLAU 2MG/ML COLL F/5ML";"9035";"Médicament";"Brimonidine tartrate";"2mg/mL";"Collyre / ORL";"Liste I";"Antiglaucomateux";"base PHARMACORP";"haute"
"BI PROFENID LP 100MG CPR SEC B/20";"4160";"Médicament";"Ketoprofene";"100mg";"Comprimé";"Liste II";"Antalgique, Antipyrétique, Antiinflammatoire non steroidien";"même marque dans la base PHARMACORP";"moyenne"
"BIAFINE EMULSION T/186G";"4090";"Médicament";"Emulsion lipidique (Intralipide 20 %)";"186g";"";"";"";"DCI citée dans la désignation";"moyenne"
"BIAFINE EMULSION T/93G";"2495";"Médicament";"Emulsion lipidique (Intralipide 20 %)";"93g";"";"";"";"DCI citée dans la désignation";"moyenne"
"BIAKOF SP TX FL/200ML";"2080";"Médicament";"Diphenhydramine + ammonium chlorure + sodium citrate + menthol bp";"200ml";"Sirop";"ST";"Antitussif, Antiallergique, Expectorant";"même marque dans la base PHARMACORP";"moyenne"
"BIARUB PDE CUT F/50G";"2740";"Médicament";"Camphre + Huile essentielle de terebenthine + Menthol + Huile essentielle d'eucalyptus + Thymol";"multidosage";"Autre";"ST";"Decongestionnant";"base PHARMACORP";"haute"
"BIB GRAVIS VER DECOR 3C 120ML";"6545";"Dispositif médical / consommable";"";"120ml";"";"";"";"hors médicament";"haute"
"BIB GRAVIS VER.DECOR.3C 250ML";"8915";"Dispositif médical / consommable";"";"250ml";"";"";"";"hors médicament";"haute"
"BIB REG AIR 240 BLANC 102201";"8000";"Dispositif médical / consommable";"";"";"";"";"";"hors médicament";"haute"
"BIB REG AIR 240 BLEU O 102205";"7940";"Dispositif médical / consommable";"";"";"";"";"";"hors médicament";"haute"
"BIB REG AIR 240 ROSE P 102204";"7900";"Dispositif médical / consommable";"";"";"";"";"";"hors médicament";"haute"
"BIB REM REG AIR 240 BLEU O 102205";"7940";"Dispositif médical / consommable";"";"";"";"";"";"hors médicament";"haute"
"BIB REM REG AIR 240 ROSE P 102204";"7745";"Dispositif médical / consommable";"";"";"";"";"";"hors médicament";"haute"
"BIB REM REQ AIR 240 BLANC 102201";"7745";"Dispositif médical / consommable";"";"";"";"";"";"hors médicament";"haute"
"BIB REM REQ AIR 240 TURQ102203";"7685";"Dispositif médical / consommable";"";"";"";"";"";"hors médicament";"haute"
"BIB REM VR CA 240 CIE";"7565";"Dispositif médical / consommable";"";"";"";"";"";"hors médicament";"haute"
"BIB REM VR CA 240 MAR";"7895";"Dispositif médical / consommable";"";"";"";"";"";"hors médicament";"haute"
"BIB REM VR CA 240 ROS";"7895";"Dispositif médical / consommable";"";"";"";"";"";"hors médicament";"haute"
"BIB REM VR CA BLANC";"8000";"Dispositif médical / consommable";"";"";"";"";"";"hors médicament";"haute"
"BIB REM VR CA FR NN C";"7245";"Dispositif médical / consommable";"";"";"";"";"";"hors médicament";"haute"
"BIB REM VR CA FR NN CIEL F/120ML";"7380";"Dispositif médical / consommable";"";"120ml";"";"";"";"hors médicament";"haute"
"BIB REM VR JUS 110 JAUN 122206";"7375";"Dispositif médical / consommable";"";"";"";"";"";"hors médicament";"haute"
"BIBA SP FL/100ML";"2910";"Médicament";"Vit A+ Vit B1+ Vit B2 + Vit B6 + Vit C + Vit D3 + Nicotinamide";"100ml";"Sirop";"ST";"Supplement vitaminique";"même marque dans la base PHARMACORP";"moyenne"
"BIBACTIN 240MG SP F/100ML";"1525";"Médicament";"Sulfamethoxazole + Trimethoprime";"240mg";"Sirop";"Liste I";"Antibiotique, Antibacterien (Sulfamides)";"même marque dans la base PHARMACORP";"moyenne"
"BIBERON BABY FRIENDS";"6905";"Dispositif médical / consommable";"";"";"";"";"";"hors médicament";"haute"
"BIBERON CHICCO PLASTIQUE 0M+ 150ML 8058664058433";"4500";"Dispositif médical / consommable";"";"150ml";"";"";"";"hors médicament";"haute"
"BIBERON CHICCO VERRE 0M+ 150ML 8003670713302";"5300";"Dispositif médical / consommable";"";"150ml";"";"";"";"hors médicament";"haute"
"BIBERON GRAVIS VER.DECOR 240ML";"8915";"Dispositif médical / consommable";"";"240ml";"";"";"";"hors médicament";"haute"
"BIBERON NATURE LOVE PLASTIQUE 125";"1500";"Dispositif médical / consommable";"";"";"";"";"";"hors médicament";"haute"
"BIBERON THB CA PLAST 240ML B/2";"7615";"Dispositif médical / consommable";"";"240ml";"";"";"";"hors médicament";"haute"
"BIBERONGRAVIS PLAS240ML+ACCESS TET1ERAGE";"5700";"Dispositif médical / consommable";"";"240ml";"";"";"";"hors médicament";"haute"
"BIBERONGRAVIS VER250ML+ACCESS TET1ERAGE";"8555";"Dispositif médical / consommable";"";"250ml";"";"";"";"hors médicament";"haute"
"BICALUTAMIDE BGR 50MG COMP B/30 3400937851770";"43750";"Médicament";"Bicalutamide";"50mg";"Comprimé";"";"";"DCI citée dans la désignation";"moyenne"
"BICALUTAMIDE PMS 50MG COMP B/30";"28335";"Médicament";"Bicalutamide";"50mg";"Comprimé";"";"";"DCI citée dans la désignation";"moyenne"
"BICARBONATE DE SODIUM 500MG GELULE B/50";"11050";"Médicament";"Bicarbonate de sodium";"500mg";"Gélule";"";"";"DCI citée dans la désignation";"moyenne"
"BICARBONATE NA 1,4% FRES 250ML";"2730";"Médicament";"Bicarbonate de sodium";"1,4%";"";"";"";"DCI citée dans la désignation";"moyenne"
"BICARBONATE NA 1,4% FRES 500ML";"2845";"Médicament";"Bicarbonate de sodium";"1,40 %";"Autre";"ST";"Anti acide, Solution pour perfusion";"base PHARMACORP";"haute"
"BICARBONATE SODIUM B/250G";"1875";"Médicament";"Bicarbonate de sodium";"250g";"";"";"";"DCI citée dans la désignation";"moyenne"
"BICARBONATE SODIUM GILB PDRE B/250G";"2990";"Médicament";"Bicarbonate de sodium";"250g";"Poudre / sachet";"";"";"DCI citée dans la désignation";"moyenne"
"BIDONTOGYL 1,5MUI/250MG COMP B/15";"6935";"Médicament";"Spiramycine + Metronidazole";"1,5mui/250mg";"Comprimé";"Liste I";"Antiparasitaire (Nitro imidazoles), Antibiotique Antibacterien (Macrolides)";"même marque dans la base PHARMACORP";"moyenne"
"BIEN-ETRE EDC ABSOLUES DE ROSE FL/250ML";"5740";"Cosmétique / dermo";"";"250ml";"";"";"";"hors médicament";"haute"
"BIEN-ETRE EDC EAU PARFUMEE DES FAM F/250";"5740";"Cosmétique / dermo";"";"";"";"";"";"hors médicament";"haute"
"BIEN-ETRE EDC ESSENCE FRAICHEUR F/250ML";"5740";"Cosmétique / dermo";"";"250ml";"";"";"";"hors médicament";"haute"
"BIEN-ETRE EDC LAVANDE FL/250ML 3017561550025";"5740";"Cosmétique / dermo";"";"250ml";"";"";"";"hors médicament";"haute"
"BIEN-ETRE EDC NATURELLE F/250ML";"4350";"Cosmétique / dermo";"";"250ml";"";"";"";"hors médicament";"haute"
"BIEN-ETRE EDC THE BLANC F/250ML";"5740";"Cosmétique / dermo";"";"250ml";"";"";"";"hors médicament";"haute"
"BIFANTRINE 80/480 CP B/6";"3150";"Médicament";"Artemether + Lumefantrine";"";"Comprimé";"";"";"identification manuelle (marque)";"moyenne"
"BILAXTEN 2,5MG/ML SOL BUV F/120ML";"5825";"Médicament";"Bilastine";"2,5mg";"";"Liste II";"Antihistaminique, Antiallergique";"même marque dans la base PHARMACORP";"moyenne"
"BILAXTEN 20MG CPR B/10";"4325";"Médicament";"Bilastine";"20mg";"Comprimé";"Liste II";"Antihistaminique, Antiallergique";"même marque dans la base PHARMACORP";"moyenne"
"BILAXTEN 20MG CPR B/20";"7350";"Médicament";"Bilastine";"20mg";"Comprimé";"Liste II";"Antihistaminique, Antiallergique";"même marque dans la base PHARMACORP";"moyenne"
"BILOR 10MG CPR B/10";"2910";"Médicament";"Loratadine";"10mg";"Comprimé";"Liste II";"Antihistaminique, Antiallergique (H1)";"même marque dans la base PHARMACORP";"moyenne"
"BILOR 5MG SP F/60ML";"2080";"Médicament";"Loratadine";"5mg";"Sirop";"Liste II";"Antihistaminique, Antiallergique (H1)";"même marque dans la base PHARMACORP";"moyenne"
"BILTRICIDE 600MG CPR B/4";"9850";"Médicament";"Praziquantel";"600mg";"Comprimé";"Liste I";"Antiparasitaire, Antihelminthique, Antibilharziose";"même marque dans la base PHARMACORP";"moyenne"
"BIMALARIL 20/120MG NN CPR DISP B/6";"1580";"Médicament";"Artemether + Lumefantrine";"20mg/120mg";"Comprimé";"Liste I";"Antipaludique";"base PHARMACORP";"haute"
"BIMALARIL 40/240MG ENF CPR DISP B/6";"2650";"Médicament";"Artemether + Lumefantrine";"40mg/240mg";"Comprimé";"Liste I";"Antipaludique";"base PHARMACORP";"haute"
"BIMALARIL 60/360MG GRD ENF CPR DISP B/6";"3050";"Médicament";"Artemether + Lumefantrine";"60mg/360mg";"Comprimé";"Liste I";"Antipaludique";"base PHARMACORP";"haute"
"BIMALARIL 80/480MG CPR B/6";"2315";"Médicament";"Artemether + Lumefantrine";"80mg/480mg";"Comprimé";"Liste I";"Antipaludique";"base PHARMACORP";"haute"
"BIMALARIL ADO SUSP F/30ML";"3050";"Médicament";"Artemether + Lumefantrine";"60mg/360mg";"Sirop / solution buvable";"Liste I";"Antipaludique";"base PHARMACORP";"haute"
"BIMALARIL BB SUSP F/30ML";"1580";"Médicament";"Artemether + Lumefantrine";"20mg/120mg";"Sirop / solution buvable";"Liste I";"Antipaludique";"base PHARMACORP";"haute"
"BIMALARIL ENF SUSP F/30ML";"2650";"Médicament";"Artemether + Lumefantrine";"40mg/240mg";"Sirop / solution buvable";"Liste I";"Antipaludique";"base PHARMACORP";"haute"
"BIMALARIL PLUS GELU B/6";"3605";"Médicament";"Artemether + Lumefantrine";"";"Gélule";"Liste I";"Antipaludique";"même marque dans la base PHARMACORP";"moyenne"
"BIMALARIL PLUS GELULE B/6 5415174010345";"3605";"Médicament";"Artemether + Lumefantrine";"";"Gélule";"Liste I";"Antipaludique";"même marque dans la base PHARMACORP";"moyenne"
"BIMODEX PDRE APPL CUT F/10G";"2775";"Médicament";"Povidone iodee + Metronidazole";"10g";"Sachet / poudre";"ST";"Antiseptique externe";"base PHARMACORP";"haute"
"BINOZYT 500MG CPR B/3";"5550";"Médicament";"Azithromycine";"500mg";"Comprimé";"Liste I";"Antibiotique Antibacterien (Macrolides)";"même marque dans la base PHARMACORP";"moyenne"
"BIO HERB ARTEMISIA VRAC 40G";"2000";"Médicament";"Aspartate d’arginine + Vitamine B6 + Biotine + Magnesium";"40g";"";"ST";"Complement alimentaire";"même marque dans la base PHARMACORP";"moyenne"
"BIO HERB CAFE B10 DETAIL/1";"1855";"Médicament";"Aspartate d’arginine + Vitamine B6 + Biotine + Magnesium";"";"";"ST";"Complement alimentaire";"même marque dans la base PHARMACORP";"moyenne"
"BIO HERB CAFE BOITE DE 10 SACHETS";"18565";"Médicament";"Aspartate d’arginine + Vitamine B6 + Biotine + Magnesium";"";"Poudre / sachet";"ST";"Complement alimentaire";"même marque dans la base PHARMACORP";"moyenne"
"BIO HERBS ROSE DETAIL B/1";"1935";"Médicament";"Aspartate d’arginine + Vitamine B6 + Biotine + Magnesium";"";"";"ST";"Complement alimentaire";"même marque dans la base PHARMACORP";"moyenne"
"BIO HERBS ROSE EXTRACT SECRET B/8";"16000";"Médicament";"Aspartate d’arginine + Vitamine B6 + Biotine + Magnesium";"";"";"ST";"Complement alimentaire";"même marque dans la base PHARMACORP";"moyenne"
"BIO HERBS VERT COFFE SECRET B/8";"17000";"Médicament";"Aspartate d’arginine + Vitamine B6 + Biotine + Magnesium";"";"";"ST";"Complement alimentaire";"même marque dans la base PHARMACORP";"moyenne"
"BIO HERBS VERT COFFE SECRET B8 DETAIL";"2125";"Médicament";"Aspartate d’arginine + Vitamine B6 + Biotine + Magnesium";"";"";"ST";"Complement alimentaire";"même marque dans la base PHARMACORP";"moyenne"
"BIO HERS ROYAL KING HONEY B/10";"22310";"Médicament";"Aspartate d’arginine + Vitamine B6 + Biotine + Magnesium";"";"";"ST";"Complement alimentaire";"même marque dans la base PHARMACORP";"moyenne"
"BIO HERS ROYAL KING HONEY DETAIL";"2230";"Médicament";"Aspartate d’arginine + Vitamine B6 + Biotine + Magnesium";"";"";"ST";"Complement alimentaire";"même marque dans la base PHARMACORP";"moyenne"
"BIO OIL BODY LOTION 205ML";"5500";"Cosmétique / dermo";"";"205ml";"";"";"";"hors médicament (filtre)";"moyenne"
"BIO OIL BODY LOTION F/157ML";"5000";"Cosmétique / dermo";"";"157ml";"";"";"";"hors médicament (filtre)";"moyenne"
"BIO OIL HLE SOIN 125ML";"12500";"Cosmétique / dermo";"";"125ml";"";"";"";"hors médicament (filtre)";"moyenne"
"BIO OIL HLE SOIN 25ML";"5450";"Cosmétique / dermo";"";"25ml";"";"";"";"hors médicament (filtre)";"moyenne"
"BIO OIL HLE SOIN F/60ML";"10290";"Cosmétique / dermo";"";"60ml";"";"";"";"hors médicament (filtre)";"moyenne"
"BIO OIL HUILE DE SOIN 200ML";"16230";"Cosmétique / dermo";"";"200ml";"";"";"";"hors médicament (filtre)";"moyenne"
"BIO OIL HUILE DE SOIN NATURELLE FL/25ML";"4260";"Cosmétique / dermo";"";"25ml";"";"";"";"hors médicament (filtre)";"moyenne"
"BIO-RITMO AMP 10ML B/20";"5700";"Médicament";"Aspartate d’arginine + Vitamine B6 + Biotine + Magnesium";"10ml";"Injectable";"ST";"Complement alimentaire";"même marque dans la base PHARMACORP";"moyenne"
"BIOCIDAN 0,25%? COLLYRE F/10ML";"2150";"";"";"0,25%";"Collyre";"";"";"non identifié";"à vérifier"
"BIOCYTE COLLAGEN EXPRESS GEL B/180";"30540";"Nutrition / complément";"";"";"Collyre";"";"";"hors médicament";"haute"
"BIOCYTE COLLAGEN EXPRESS S.BUV STICK B/10";"16250";"Nutrition / complément";"";"";"Collyre";"";"";"hors médicament";"haute"
"BIOCYTE COLLAGEN MAX CACAO 13G B/20";"33395";"Nutrition / complément";"";"13g";"Collyre";"";"";"hors médicament";"haute"
"BIOCYTE COLLAGEN MAX POT 260GR";"32055";"Nutrition / complément";"";"260g";"Collyre";"";"";"hors médicament";"haute"
"BIOCYTE COLLAGEN MAX POT/260G";"33600";"Nutrition / complément";"";"260g";"Collyre";"";"";"hors médicament";"haute"
"BIOCYTE COLLAGENE EXPRES STICK B/10";"10500";"Nutrition / complément";"";"";"Collyre";"";"";"hors médicament";"haute"
"BIOCYTE ECLAT EXTREME GELULE B.40";"23365";"Nutrition / complément";"";"";"Gélule";"";"";"hors médicament";"haute"
"BIOCYTE HYALURO FORTE FILL SPE CAPS B/30";"22120";"Nutrition / complément";"";"";"Gélule";"";"";"hors médicament";"haute"
"BIODROXIL 500MG GEL B/12";"5550";"Médicament";"Cefadroxil";"500mg";"Gélule";"Liste I";"Antibacterien (Cephalosporines 1generation), Antibiotique";"même marque dans la base PHARMACORP";"moyenne"
"BIOFAR 12VIT +12MIN PLEINE FORME";"6105";"Nutrition / complément";"";"";"";"";"";"hors médicament";"haute"
"BIOFAR ACE SE ZN CP EFF T/20";"5100";"Nutrition / complément";"";"";"Comprimé";"";"";"hors médicament";"haute"
"BIOFAR CALCIUM VITD3 CP EFF/20";"4425";"Nutrition / complément";"";"";"Comprimé";"";"";"hors médicament";"haute"
"BIOFAR CALCIUM+MAG COMP EFF B/20";"5010";"Nutrition / complément";"";"";"Comprimé";"";"";"hors médicament";"haute"
"BIOFAR CHROM COMPLEX CP EFF/20";"5025";"Nutrition / complément";"";"";"Comprimé";"";"";"hors médicament";"haute"
"BIOFAR COMPLEX VIT B EFF/20";"4685";"Nutrition / complément";"";"";"Comprimé";"";"";"hors médicament";"haute"
"BIOFAR FER+AC FOLIQ CP EFF/20";"4170";"Nutrition / complément";"";"";"Comprimé";"";"";"hors médicament";"haute"
"BIOFAR MAGNES+VIT B6 CP B/20";"4875";"Nutrition / complément";"";"";"Comprimé";"";"";"hors médicament";"haute"
"BIOFAR MULTIVIT KIDS CP EFF/20";"4315";"Nutrition / complément";"";"";"Comprimé";"";"";"hors médicament";"haute"
"BIOFAR POTA+MAG CP EFF/20";"4290";"Nutrition / complément";"";"";"Comprimé";"";"";"hors médicament";"haute"
"BIOFAR VIT C 1000 COMP EFF/20";"4500";"Nutrition / complément";"";"";"Comprimé";"";"";"hors médicament";"haute"
"BIOFAR VIT C ACER 500MG EFF/20";"4205";"Nutrition / complément";"";"500mg";"";"";"";"hors médicament";"haute"
"BIOFAR ZINC VIT C CP EFF/20";"5350";"Nutrition / complément";"";"";"Comprimé";"";"";"hors médicament";"haute"
"BIOFER 12 CPR B/30";"2955";"";"";"";"Comprimé";"";"";"non identifié";"à vérifier"
"BIOFER 12 SP F/200ML";"3160";"Médicament";"Fer + acide folique + Vit B12";"325mg/1,5mg/12,5mg";"Autre";"ST";"Antianemique";"base PHARMACORP";"haute"
"BIOLANE BLINT LING LT TOIL/72";"3540";"Médicament";"Extrait d’arnica";"";"";"ST";"Antalgique";"même marque dans la base PHARMACORP";"moyenne"
"BIOLANE CHANG DERMO PED CREM T/100ML";"6100";"Médicament";"Extrait d’arnica";"100ml";"";"ST";"Antalgique";"même marque dans la base PHARMACORP";"moyenne"
"BIOLANE CICABEBE BIO CREME T/40ML";"3500";"Médicament";"Extrait d’arnica";"40ml";"Crème / pommade";"ST";"Antalgique";"même marque dans la base PHARMACORP";"moyenne"
"BIOLANE CR NOURISSANTE HYDR T/100ML";"5730";"Médicament";"Extrait d’arnica";"100ml";"Crème / pommade";"ST";"Antalgique";"même marque dans la base PHARMACORP";"moyenne"
"BIOLANE EAU PURE H2O FL/750ML";"9230";"Médicament";"Extrait d’arnica";"750ml";"";"ST";"Antalgique";"même marque dans la base PHARMACORP";"moyenne"
"BIOLANE EAU TOIL SS ALC FRAICH SPR/200ML";"6355";"Médicament";"Extrait d’arnica";"200ml";"Suspension buvable";"ST";"Antalgique";"même marque dans la base PHARMACORP";"moyenne"
"BIOLANE GEL CORPS+CHVX 2EN1 F/350ML";"5665";"Médicament";"Extrait d’arnica";"350ml";"Gel";"ST";"Antalgique";"même marque dans la base PHARMACORP";"moyenne"
"BIOLANE GEL CORPS+CHVX 2EN1 F/750ML";"8750";"Médicament";"Extrait d’arnica";"750ml";"Gel";"ST";"Antalgique";"même marque dans la base PHARMACORP";"moyenne"
"BIOLANE GEL DCHE CORPS/CHVX 2EN1 F/200ML";"4085";"Médicament";"Extrait d’arnica";"200ml";"Gel";"ST";"Antalgique";"même marque dans la base PHARMACORP";"moyenne"
"BIOLANE HAD SPR/75ML";"4645";"Médicament";"Extrait d’arnica";"75ml";"";"ST";"Antalgique";"même marque dans la base PHARMACORP";"moyenne"
"BIOLANE LAIT HYDRATANT FL/350ML";"9240";"Médicament";"Extrait d’arnica";"350ml";"";"ST";"Antalgique";"même marque dans la base PHARMACORP";"moyenne"
"BIOLANE LAIT TOIL DOUC F/750ML";"9265";"Médicament";"Extrait d’arnica";"750ml";"";"ST";"Antalgique";"même marque dans la base PHARMACORP";"moyenne"
"BIOLANE LINGETTE EPAIS ECO RECHAR B/72 3286018000318";"3325";"Cosmétique / dermo";"";"";"";"";"";"hors médicament (filtre)";"moyenne"
"BIOLANE LINIMENT OLEA CALCAIRE F/300ML";"6245";"Médicament";"Extrait d’arnica";"300ml";"";"ST";"Antalgique";"même marque dans la base PHARMACORP";"moyenne"
"BIOLANE SAV DOUX SURGRAS T/150G";"4750";"Médicament";"Extrait d’arnica";"150g";"";"ST";"Antalgique";"même marque dans la base PHARMACORP";"moyenne"
"BIOLANE SH DOUCEUR FL/350ML";"6500";"Médicament";"Extrait d’arnica";"350ml";"";"ST";"Antalgique";"même marque dans la base PHARMACORP";"moyenne"
"BIOLANE TALC LIQUIDE FL/100ML";"7500";"Médicament";"Extrait d’arnica";"100ml";"";"ST";"Antalgique";"même marque dans la base PHARMACORP";"moyenne"
"BIONOLYTE G5 KABIPAC 500ML 3400938376906";"1465";"Médicament";"Glucose + Electrolytes";"500ml";"";"";"";"identification manuelle (marque)";"moyenne"
"BIORE CREME SOLAIRE SPF50+ FL/70G";"11000";"Cosmétique / dermo";"";"70g";"Crème / pommade";"";"";"hors médicament";"haute"
"BIOTIC PLUS 1G /125MG SACH.B/14";"5545";"Médicament";"Amoxicilline + Acide clavulanique";"1g/125mg";"Poudre / sachet";"Liste I";"Antibiotique Antibacterien (Penicillines)";"même marque dans la base PHARMACORP";"moyenne"
"BIOTIC PLUS 500MG SACH B/14 3401081715574";"5410";"Médicament";"Amoxicilline + Acide clavulanique";"500mg";"Poudre / sachet";"Liste I";"Antibiotique Antibacterien (Penicillines)";"même marque dans la base PHARMACORP";"moyenne"
"BIOTONE SOL BUV AMP 10ML B/20";"4200";"Médicament";"Teinture dilué de kola + Acide phosphorique concentré + Glycerophosphate de manganese";"3,360g/0,280g/0,028g/10ml";"Injectable";"ST";"Antiasthenique";"base PHARMACORP";"haute"
"BIOZEN NATUREO PACK 70G";"2000";"Nutrition / complément";"";"70g";"";"";"";"hors médicament";"haute"
"BIOZEN PACK DE 50G PM";"1000";"Nutrition / complément";"";"50g";"";"";"";"hors médicament";"haute"
"BIPLATRIX BANDE 2MX10CM SACH 1";"1440";"Dispositif médical / consommable";"";"";"Poudre / sachet";"";"";"hors médicament";"haute"
"BIPLATRIX BANDE 2MX15CM SACH 1";"1960";"Dispositif médical / consommable";"";"";"Poudre / sachet";"";"";"hors médicament";"haute"
"BIPLATRIX BANDE 2MX20CM SACH 1";"2470";"Dispositif médical / consommable";"";"";"Poudre / sachet";"";"";"hors médicament";"haute"
"BIPLATRIX BANDE 3MX10CM SACH 2";"2910";"Dispositif médical / consommable";"";"";"Poudre / sachet";"";"";"hors médicament";"haute"
"BIPRETERAX 10MG/2,5MG CPR PELL B/30";"21145";"Médicament";"Perindopril + Indapamide";"10mg/2,5mg";"Comprimé";"Liste I";"Antihypertenseur (IEC + DT)";"même marque dans la base PHARMACORP";"moyenne"
"BIPRETERAX 5MG/1,25MG";"15250";"Médicament";"Perindopril + Indapamide";"5mg/1,25mg";"";"Liste I";"Antihypertenseur (IEC + DT)";"même marque dans la base PHARMACORP";"moyenne"
"BIPRETERAX 5MG/12,5MG CPR PELL B/30";"15250";"Médicament";"Perindopril + Indapamide";"5mg/12,5mg";"Comprimé";"Liste I";"Antihypertenseur (IEC + DT)";"même marque dans la base PHARMACORP";"moyenne"
"BISADYL 5MG CPR ENR GAST RES B/30";"1345";"Médicament";"Bisacodyl";"5mg";"Comprimé";"ST";"Laxatif";"base PHARMACORP";"haute"
"BISEPTINE SOL EXT F/100ML 3400932913282";"2455";"Médicament";"Chlorhexidine + Benzalkonium + Alcool benzylique";"100ml";"";"";"";"identification manuelle (marque)";"moyenne"
"BISOPROLOL SANDOZ 2,5MG COMP B/90";"12385";"Médicament";"Bisoprolol hemifumarate";"2,5mg";"Comprimé";"";"";"DCI citée dans la désignation";"moyenne"
"BISPIRAZOLE 1,5 MUI/250MG CPR B/15";"5730";"Médicament";"Spiramycine + Metronidazole";"1,5mui/250mg";"Comprimé";"Liste I";"Antiparasitaire (Nitro imidazoles), Antibiotique Antibacterien (Macrolides)";"même marque dans la base PHARMACORP";"moyenne"
"BIYODE SLIM GREEN COFFEE B/18";"13000";"Nutrition / complément";"";"";"";"";"";"hors médicament";"haute"
"BIYODE SLIM GREEN DETAIL B/1";"725";"Nutrition / complément";"";"";"";"";"";"hors médicament";"haute"
"BLAMAZ 500MG/62,5MG CPR PELL B/24";"5555";"Médicament";"Amoxicilline + Acide clavulanique";"500mg/62,5mg";"Comprimé";"Liste I";"Antibiotique Antibacterien (Penicillines)";"base PHARMACORP";"haute"
"BLEDILAIT 3 CROISSANCE ANF B/400G";"3470";"Nutrition / complément";"";"400g";"";"";"";"hors médicament";"haute"
"BLEDILAIT 3 CROISSANCE LAIT PDRE B/900G";"7330";"Nutrition / complément";"";"900g";"Poudre / sachet";"";"";"hors médicament";"haute"
"BLEDILAIT CROISSANCE 350G";"2190";"Nutrition / complément";"";"350g";"";"";"";"hors médicament";"haute"
"BLEDINE BANANE LAIT 250G";"1710";"Nutrition / complément";"";"250g";"";"";"";"hors médicament";"haute"
"BLEDINE BISCUIT LAIT B/250G";"1665";"Nutrition / complément";"";"250g";"";"";"";"hors médicament";"haute"
"BLEDINE EXT LACT F.EXOT 6M 200";"2095";"Nutrition / complément";"";"";"";"";"";"hors médicament";"haute"
"BLEDINE EXTRA LACTE BANANE/FRAISE B/200G";"1955";"Nutrition / complément";"";"200g";"";"";"";"hors médicament";"haute"
"BLEDINE FRUITS ET LAIT B/250G";"1665";"Nutrition / complément";"";"250g";"";"";"";"hors médicament";"haute"
"BLEDINE LACTEE AU MIEL PDRE B/250G";"1665";"Nutrition / complément";"";"250g";"Poudre / sachet";"";"";"hors médicament";"haute"
"BLEDINE LACTEE CROISSANCE PDRE B/250G";"1665";"Nutrition / complément";"";"250g";"Poudre / sachet";"";"";"hors médicament";"haute"
"BLOKIUM 100MG COMP B/15";"3895";"Médicament";"Atenolol";"100mg";"Comprimé";"";"";"identification manuelle (marque)";"moyenne"
"BLOKIUM 100MG COMP B/30";"6975";"Médicament";"Atenolol";"100mg";"Comprimé";"";"";"identification manuelle (marque)";"moyenne"
"BLOKIUM 50MG CP B/15";"2815";"Médicament";"Atenolol";"50mg";"Comprimé";"Liste I";"Antiarythmique, Antihypertenseur, Antiangoreux";"base PHARMACORP";"haute"
"BLOKIUM 50MG CP B/30";"5090";"Médicament";"Atenolol";"50mg";"Comprimé";"";"";"identification manuelle (marque)";"moyenne"
"BLOKIUM DIU COMP B/20";"4325";"Médicament";"Atenolol + Chlortalidone";"";"Comprimé";"";"";"identification manuelle (marque)";"moyenne"
"BOIS BANDE ENDURANCE SOL BUV FL/200ML";"7025";"Médicament";"Extrait de Muira Puama";"9910mg/10ml";"Injectable";"ST";"Complement alimentaire";"base PHARMACORP";"haute"
"BOIS BANDE RUF GOUTTES BUV FL/100ML";"13100";"Nutrition / complément";"";"100ml";"Gouttes";"";"";"hors médicament";"haute"
"BOIS BANDE SOL BUV FL/125ML";"7620";"Nutrition / complément";"";"125ml";"";"";"";"hors médicament";"haute"
"BOKOKO TONIDOSE PAFTILLE B/12";"6500";"Nutrition / complément";"";"";"";"";"";"hors médicament";"haute"
"BOKOKO TONIDOSE PASTILLE DETAIL";"1000";"Nutrition / complément";"";"";"";"";"";"hors médicament";"haute"
"BOLINAN 2G COMP B/15";"5410";"Médicament";"Crospovidone";"2g";"Comprimé";"ST";"Adsorbant intestinal et Antiflatulant";"même marque dans la base PHARMACORP";"moyenne"
"BOLINAN 2G COMP B/40";"12340";"Médicament";"Crospovidone";"2g";"Comprimé";"ST";"Adsorbant intestinal et Antiflatulant";"même marque dans la base PHARMACORP";"moyenne"
"BON BON GRIPPE WATER FL/100ML";"1250";"Médicament";"Aneth + Bicarbonate de sodium";"100ml";"";"ST";"Antispasmodique";"même marque dans la base PHARMACORP";"moyenne"
"BONACEF 100MG COMP DISP C/10";"5545";"Médicament";"Cefadroxil";"100mg";"Comprimé";"Liste I";"Antibacterien (Cephalosporines 1generation), Antibiotique";"même marque dans la base PHARMACORP";"moyenne"
"BONACEF 200MG CPR PELL B/10";"6935";"Médicament";"Cefadroxil";"200mg";"Comprimé";"Liste I";"Antibacterien (Cephalosporines 1generation), Antibiotique";"base PHARMACORP";"haute"
"BONACEF 400MG CPR PELL B/7";"8320";"Médicament";"Cefadroxil";"400mg";"Comprimé";"Liste I";"Antibacterien (Cephalosporines 1generation), Antibiotique";"base PHARMACORP";"haute"
"BONACEF PD 100MG/5ML PDRE SUSP BUV F/60ML";"6240";"Médicament";"Cefadroxil";"100mg/5ml";"Suspension buvable";"Liste I";"Antibacterien (Cephalosporines 1generation), Antibiotique";"même marque dans la base PHARMACORP";"moyenne"
"BONCARE PLUS CPR B/30";"12480";"Médicament";"Glucosamine + Chondroitine + Methyl sulfonyl methane";"750mg/200mg/50mg";"Comprimé";"ST";"Antiarthrosique";"base PHARMACORP";"haute"
"BONCIPRO 0,3% GTTE US EXT F/5ML";"2835";"Médicament";"Ciprofloxacine";"0,3%";"Gouttes";"Liste I";"Antibiotique Antibacterien (Quinolone 2 generation)";"même marque dans la base PHARMACORP";"moyenne"
"BONCIPRO 200MG SOL INJ IV F/100ML";"4160";"Médicament";"Ciprofloxacine";"200mg";"Injectable";"Liste I";"Antibiotique Antibacterien (Quinolone 2 generation)";"même marque dans la base PHARMACORP";"moyenne"
"BONCIPRO 500MG CP B/20";"4855";"Médicament";"Ciprofloxacine";"500mg";"Comprimé";"Liste I";"Antibiotique Antibacterien (Quinolone 2 generation)";"base PHARMACORP";"haute"
"BONCIPRO 750MG CP B/20";"6935";"Médicament";"Ciprofloxacine";"750mg";"Comprimé";"Liste I";"Antibiotique Antibacterien (Quinolone 2 generation)";"base PHARMACORP";"haute"
"BONSANTE 200ML SP B/1";"3910";"Nutrition / complément";"";"200ml";"Sirop";"";"";"hors médicament";"haute"
"BOOM 100MG CPR B/10";"11690";"Médicament";"Sildenafil";"100mg";"Comprimé";"Liste I";"Troubles de l'érection";"base PHARMACORP";"haute"
"BOOSTEX 500MG/65MG CPR EFFV B/10";"1665";"Médicament";"Paracetamol + Cafeine";"500mg/65mg";"Comprimé";"ST";"Antalgique, Antipyrétique";"base PHARMACORP";"haute"
"BOUCLE D OREILLE BEBE SYSTEM 75 OR PLAQUE";"10000";"Dispositif médical / consommable";"";"";"";"";"";"hors médicament";"haute"
"BOUCLE D OREILLE STUDEX UNIVERSAL RECHANG";"10000";"Dispositif médical / consommable";"";"";"";"";"";"hors médicament";"haute"
"BRAIN ACTIVE DENK COM/30+GEL/30";"18500";"Médicament";"Acide pantothénique (vitamine B5) + Extrait de ginkgo + Extrait de mélisse + Caféine + Acides gras oméga-3 + Acide docosahexaénoïque (DHA) + Acide eicosapentaénoïque (EPA)";"";"Gélule";"ST";"Complement alimentaire";"même marque dans la base PHARMACORP";"moyenne"
"BRIGHT REVEAL NIACINAZMIDE SERUM ANTI TAC";"16475";"Cosmétique / dermo";"";"";"";"";"";"hors médicament";"haute"
"BRIMO 0,2% COLL F/5ML";"7265";"Médicament";"Brimonidine tartrate";"0,2%";"Collyre";"Liste I";"Antiglaucomateux";"même marque dans la base PHARMACORP";"moyenne"
"BRIMOCHEK-T 2MG/ML+5MG/ML COLLYRE F/5ML";"7625";"Médicament";"Brimonidine + Timolol";"2mg/5mg";"Collyre / ORL";"Liste I";"Antiglaucomateux";"base PHARMACORP";"haute"
"BRIMONIDINE BGR 0,2% CY FL/5ML";"5545";"Médicament";"Brimonidine tartrate";"0,2%";"";"";"";"DCI citée dans la désignation";"moyenne"
"BROMAZEPAM BGR 6MG COMP B/30 3400934772283";"2410";"Médicament";"Bromazepam";"6mg";"Comprimé";"";"";"DCI citée dans la désignation";"moyenne"
"BRONCATHIOL ADULTE SP FL/150ML";"2635";"Médicament";"Carbocysteine";"150ml";"Sirop";"ST";"Antitussif, Expectorant";"même marque dans la base PHARMACORP";"moyenne"
"BRONCATHIOL ENF SP F/125ML";"2395";"Médicament";"Carbocysteine";"125ml";"Sirop";"ST";"Antitussif, Expectorant";"même marque dans la base PHARMACORP";"moyenne"
"BRONCHO SP F/120ML";"2535";"Médicament";"Teinture de Lobelia + Teinture de Squille + Extrait de reglisse + Teinture de Stramonium";"10mL/3mL/20mL/3mL";"Autre";"ST";"Antitussif";"base PHARMACORP";"haute"
"BRONCHODERMINE ENF SUPPO B/10";"2290";"Médicament";"Gaiacol + HE Pin + Cineole + Amyleine chlorhydrate";"0,1g/0,025g/0,02g/0,0025g/0,1g";"Suppositoire / ovule";"ST";"Decongestionnant";"base PHARMACORP";"haute"
"BRONCHODERMINE POMMADE T/60G";"9760";"";"";"60g";"Crème / pommade";"";"";"non identifié";"à vérifier"
"BRONCOVIR S.BUV FL/15ML";"2775";"Médicament";"Trimethoprime + Sulfamethoxazole + Potassium sulfoguaiacolate";"15ml";"";"Liste I";"Mucolytique, Antibiotique Antibacterien";"même marque dans la base PHARMACORP";"moyenne"
"BRONCOXIL 45MG/5ML SP F/120ML";"1665";"Médicament";"Acefylline piperazine + Diphenydramine chlorhydrate";"45mg/8mg/5mL";"Autre";"Liste II";"Antitussif toux grasse";"base PHARMACORP";"haute"
"BRONEX EXPECT SP F/100ML";"2495";"Médicament";"Salbutamol + Bromhexine + Guaifenesine + Menthol";"100ml";"Autre";"Liste I";"Mucolytique, Bronchodilatateur";"base PHARMACORP";"haute"
"BRONQUIDIAZINA C.R. SP F/150ML";"3050";"Médicament";"Trimetoprim + sulfamethoxazole + bromhexine hcl + benzoate de sodium + extrait fluide de baume de tolu";"150ml";"Sirop";"Liste II";"Antiinfectieux, Antitussif";"même marque dans la base PHARMACORP";"moyenne"
"BRONTUSS SP F/100ML";"2775";"Médicament";"Guaifenesine + Dextromethorphane + Phenylephrine";"300mg/15mg/10mg";"Autre";"ST";"Antigrippal";"base PHARMACORP";"haute"
"BROSS DENT AROMA ZONE MEDIUM BAMBOU/1";"3750";"Cosmétique / dermo";"";"";"";"";"";"hors médicament";"haute"
"BROSS DENT AROMA ZONE SOUPLE BAMBOU/1";"3750";"Cosmétique / dermo";"";"";"";"";"";"hors médicament";"haute"
"BROSS DENT ELGYDIUM BABY/1";"2030";"Cosmétique / dermo";"";"";"";"";"";"hors médicament";"haute"
"BROSS DENT ELGYDIUM KIDS 2-6A/1";"3950";"Cosmétique / dermo";"";"";"";"";"";"hors médicament";"haute"
"BROSS DENT ELGYDIUM SENSITIVE B/1";"5015";"Cosmétique / dermo";"";"";"";"";"";"hors médicament";"haute"
"BROSS DENT ELGYDIUM ST DURE/1";"3850";"Cosmétique / dermo";"";"";"";"";"";"hors médicament";"haute"
"BROSS DENT ELGYDIUM ST MED/1";"3780";"Cosmétique / dermo";"";"";"";"";"";"hors médicament";"haute"
"BROSS DENT ELGYDIUM ST SPLE/1";"3800";"Cosmétique / dermo";"";"";"";"";"";"hors médicament";"haute"
"BROSS/DENT SENSO PROCT SPL/1";"2550";"Cosmétique / dermo";"";"";"";"";"";"hors médicament";"haute"
"BROSSE A DENT BAMBOO LOT DE 5";"5000";"Cosmétique / dermo";"";"";"";"";"";"hors médicament";"haute"
"BROSSE BEBE 6M+ B/1";"4000";"Cosmétique / dermo";"";"";"";"";"";"hors médicament";"haute"
"BROXOL SP F/100ML";"2220";"Médicament";"Ambroxol + guaifenesine + terbutaline + chlorpheniramine + menthol";"100ml";"Sirop";"ST";"Mucolytique, Bronchodilatateur, Expectorant";"même marque dans la base PHARMACORP";"moyenne"
"BROXYLINE 500MG CP B/20";"2080";"Médicament";"Amoxicilline + Bromhexine";"500mg";"Comprimé";"Liste I";"Antitussif, Antibiotique Antibacterien";"même marque dans la base PHARMACORP";"moyenne"
"BRU 200MG GEL B/10";"5690";"Médicament";"Celecoxib";"200mg";"Gélule";"Liste I";"Antiinflammatoire non steroidien";"même marque dans la base PHARMACORP";"moyenne"
"BRUFEN 400MG CPR DRG B/30";"2705";"Médicament";"Ibuprofene";"400mg";"Comprimé";"Liste II";"Antalgique, Antipyrétique, Antiinflammatoire non steroidien";"même marque dans la base PHARMACORP";"moyenne"
"BRUFEN SIROP PEDIA F/100ML";"3385";"Médicament";"Ibuprofene";"100ml";"Sirop";"Liste II";"Antalgique, Antipyrétique, Antiinflammatoire non steroidien";"même marque dans la base PHARMACORP";"moyenne"
"BRULEX POMMADE DERM T/30G";"2775";"Médicament";"Oxyde de zinc + phenazone + phenol + salicylate de sodium + baume du perou";"30g";"Crème / pommade";"ST";"Cicatrisant";"même marque dans la base PHARMACORP";"moyenne"
"BRUME PARFUMEE ECSTASY FL/250ML";"9500";"Cosmétique / dermo";"";"250ml";"";"";"";"hors médicament";"haute"
"BRUME PARFUMEE SAINT JULIAN FL/250ML";"3000";"Cosmétique / dermo";"";"250ml";"";"";"";"hors médicament";"haute"
"BRUME PARFUMEE SAINT LAURENT FL/250ML";"2500";"Cosmétique / dermo";"";"250ml";"";"";"";"hors médicament";"haute"
"BRUME PARFUMEE VICTORIA FLEUR 200ML";"5000";"Cosmétique / dermo";"";"200ml";"";"";"";"hors médicament";"haute"
"BRUSTAN COMP B/20";"2150";"Médicament";"Ibuprofene + Paracetamol";"";"Comprimé";"";"";"identification manuelle (marque)";"moyenne"
"BRUSTAN CPR B/10";"1360";"Médicament";"Ibuprofene + Paracetamol";"";"Comprimé";"";"";"identification manuelle (marque)";"moyenne"
"BRUSTAN SOLO 400MG COMP.B/20";"1415";"Médicament";"Ibuprofene + Paracetamol";"400mg";"Comprimé";"";"";"identification manuelle (marque)";"moyenne"
"BRUSTAN SUSP PDRE F/100ML";"2110";"Médicament";"Ibuprofene + Paracetamol";"100ml";"Suspension buvable";"";"";"identification manuelle (marque)";"moyenne"
"BUCCOTHERM 1ERE DENTS 50ML";"3395";"Cosmétique / dermo";"";"50ml";"";"";"";"hors médicament";"haute"
"BUCCOTHERM 7-12 MENTHE 50ML";"2670";"Cosmétique / dermo";"";"50ml";"";"";"";"hors médicament";"haute"
"BUCCOTHERM PROTECT CAIES 75ML";"3360";"Cosmétique / dermo";"";"75ml";"";"";"";"hors médicament";"haute"
"BUCCOTHERM SPR BUC F/15ML";"3145";"Cosmétique / dermo";"";"15ml";"";"";"";"hors médicament";"haute"
"BUCCOTHYMOL BAIN BOUCHE F/150ML";"2530";"";"";"150ml";"";"";"";"non identifié";"à vérifier"
"BUFALGAN 400MG CP/30";"2730";"Médicament";"Paracetamol";"400mg";"Comprimé";"";"";"identification manuelle (marque)";"moyenne"
"BUPIVACAINE AGUE 5MG/ML INJ/20ML DETAIL/1";"4240";"Médicament";"Bupivacaine chlorhydrate";"5mg";"Injectable";"";"";"DCI citée dans la désignation";"moyenne"
"BUPIVACAINE AGUET 5MG/ML SOL INJ/20ML/10";"42410";"Médicament";"Bupivacaine chlorhydrate";"5mg/mL";"Injectable";"Liste I";"Anesthesique";"base PHARMACORP";"haute"
"BURNCOOL CR T/15G";"2775";"Médicament";"Sulfadiazine argentique + chlorhexidine gluconate";"1%/0,2%";"Crème / pommade / gel";"ST";"Antibacterien, Cicatrisant, Antibiotique";"base PHARMACORP";"haute"
"BURNOX 1% CREME T/25G";"1665";"Médicament";"Sulfadiazine argentique";"1%";"Crème / pommade";"ST";"Antibiotique Antibacterien (Sulfamides)";"même marque dans la base PHARMACORP";"moyenne"
"BUTO ASMA 10MG AEROSOL";"3260";"Médicament";"Salbutamol";"10mg";"Spray";"Liste I";"Bronchodilatateur";"même marque dans la base PHARMACORP";"moyenne"
"BUTO-ASMA 2MG CPR B/40";"2425";"Médicament";"Salbutamol";"2mg";"Comprimé";"Liste I";"Bronchodilatateur";"même marque dans la base PHARMACORP";"moyenne"
"BYPHASSE CREME RETINOL 50ML";"6500";"Cosmétique / dermo";"";"50ml";"Crème / pommade";"";"";"hors médicament";"haute"
"BYPHASSE LT ECLAI EXTRAIT AVOINE 500ML";"5000";"Cosmétique / dermo";"";"500ml";"";"";"";"hors médicament";"haute"
"BYPHASSE LT ECLAI EXTRAIT BLE 500ML";"5000";"Cosmétique / dermo";"";"500ml";"";"";"";"hors médicament";"haute"
"C-TRI 1G INJ B/1";"3465";"Médicament";"Ceftriaxone";"1g";"Injectable";"Liste I";"Antibacterien (Cephalosporines 3 generation), Antibiotique";"même marque dans la base PHARMACORP";"moyenne"
"CA C 1000 CPR EFFV ORANGE B/10";"2425";"Nutrition / complément";"Calcium + Acide ascorbique";"";"Comprimé";"";"";"identification manuelle (marque)";"moyenne"
"CA C1000 CENTRUM COMP EFF T/10";"2150";"Nutrition / complément";"Calcium + Acide ascorbique";"";"Comprimé";"";"";"identification manuelle (marque)";"moyenne"
"CACHART 80MG/480MG CPR B/6";"2775";"Médicament";"Artemether + Lumefantrine";"80mg/480mg";"Comprimé";"Liste I";"Antipaludique";"base PHARMACORP";"haute"
"CACHCET 5MG/ML SUSP BUV FL/60ML";"2150";"Médicament";"Cetirizine";"5mg";"Suspension buvable";"Liste II";"Antihistaminique";"même marque dans la base PHARMACORP";"moyenne"
"CACHEWORM SUSP BUV FL/30ML";"1390";"Médicament";"Mebendazole";"30ml";"Suspension buvable";"Liste II";"Antiparasitaire, Antihelminthique";"même marque dans la base PHARMACORP";"moyenne"
"CACHNERVE GEL B/60";"13865";"Médicament";"Acide alpha lipoique + Acide gamma linolenique + Pyrodoxine chlorhydrate + Methylcobalamine + Chrome";"100mg/60mg/3mg/1,5mg/50mcg";"Crème / pommade / gel";"ST";"Douleurs neuropathiques";"base PHARMACORP";"haute"
"CACHNERVE GEL DETAIL";"2310";"Médicament";"Acide alpha lipoique + Acide gamma linolenique + Pyrodoxine chlorhydrate + Methylcobalamine + Chrome";"";"Gel";"ST";"Douleurs neuropathiques";"même marque dans la base PHARMACORP";"moyenne"
"CAL-D3 1,25G/250UI COMP B/10";"1940";"Médicament";"Calcium + Vitamine D3";"1,25g";"Comprimé";"";"";"identification manuelle (marque)";"moyenne"
"CALBEN 400MG CPR B/1";"1500";"Médicament";"Albendazole";"400mg";"Comprimé";"Liste II";"Antiparasitaire, Antihelminthique";"même marque dans la base PHARMACORP";"moyenne"
"CALBEN 400MG/10ML SUSP ORAL F/10ML";"1375";"Médicament";"Albendazole";"400mg/10mL";"Sirop / solution buvable";"Liste II";"Antiparasitaire, Antihelminthique";"base PHARMACORP";"haute"
"CALCI PLUS CPR ORAL B/30";"4160";"Médicament";"Calcium + Vit D3";"500mg, 400UI";"Comprimé";"ST";"Supplement calcique";"base PHARMACORP";"haute"
"CALCIBRONAT 2G CP EFFV BT 20";"3160";"Médicament";"Bromo galactogluconate de calcium";"2g";"Comprimé";"ST";"Hypnotique, Sedatif";"même marque dans la base PHARMACORP";"moyenne"
"CALCID DENK CPR EFF B/20";"5900";"Médicament";"Calcium + Vit D3";"";"Comprimé";"ST";"Supplement calcique";"même marque dans la base PHARMACORP";"moyenne"
"CALCIPARINE 5MUI/0,2ML SER INJ B/2";"3145";"Médicament";"Heparine sodique";"5MUI/0,2mL";"Injectable";"Liste I";"Anticoagulant";"base PHARMACORP";"haute"
"CALCIUM ACTIVE DENK 500MG CPR EFFV T/20";"4645";"Médicament";"Calcium";"500mg";"Comprimé";"";"";"identification manuelle (marque)";"moyenne"
"CALCIUM GLUCON 10% S INJ DETAIL";"660";"Médicament";"Gluconate de calcium";"10%";"Injectable";"";"";"identification manuelle (marque)";"moyenne"
"CALCIUM GLUCON PROAMP10% S INJ AMP10ML50";"32880";"Médicament";"Calcium gluconate";"10%";"Injectable";"ST";"Supplement calcique";"base PHARMACORP";"haute"
"CALCVITA COMP EFF B/10";"3175";"Nutrition / complément";"Calcium + Vitamine C";"";"Comprimé";"";"";"identification manuelle (marque)";"à vérifier"
"CALGEN 500MG/250UI CPR B/30";"3465";"Médicament";"Calcium + Vit D3";"500mg";"Comprimé";"ST";"Supplement calcique";"même marque dans la base PHARMACORP";"moyenne"
"CALGIN 500MG COMP B/10";"1625";"Médicament";"Metamizole sodique";"500mg";"Comprimé";"Liste I";"Analgesique, Antalgique";"même marque dans la base PHARMACORP";"moyenne"
"CALLIDERM ANTITACHE LAIT CORPS 500ML";"5200";"Cosmétique / dermo";"";"500ml";"";"";"";"hors médicament";"haute"
"CALLIDERM BEBE GEL LAVANT DOUX F/500ML";"4900";"Cosmétique / dermo";"";"500ml";"Gel";"";"";"hors médicament";"haute"
"CALLIDERM BEBE HUILE AMAND DOUCE FL/100ML";"3750";"Cosmétique / dermo";"";"100ml";"";"";"";"hors médicament";"haute"
"CALLIDERM BEBE LAIT HYDRATANT F/500ML";"5200";"Cosmétique / dermo";"";"500ml";"";"";"";"hors médicament";"haute"
"CALLIDERM CAROTTE ECLAIRCIS LAIT FL/500ML 3470320300925";"5200";"Cosmétique / dermo";"";"500ml";"";"";"";"hors médicament";"haute"
"CALLIDERM CAROTTE LAIT CORPS 500ML";"5000";"Cosmétique / dermo";"";"500ml";"";"";"";"hors médicament";"haute"
"CALLIDERM CREME MAINS ONGLES 150ML";"3100";"Cosmétique / dermo";"";"150ml";"Crème / pommade";"";"";"hors médicament";"haute"
"CALLIDERM EAU MICELLAIRE ALEO VERA 250ML";"3500";"Cosmétique / dermo";"";"250ml";"";"";"";"hors médicament";"haute"
"CALLIDERM EAU MICELLAIRE ALEO VERA 500ML";"4500";"Cosmétique / dermo";"";"500ml";"";"";"";"hors médicament";"haute"
"CALLIDERM EAU MICELLAIRE BLEUET F/250ML";"3500";"Cosmétique / dermo";"";"250ml";"";"";"";"hors médicament";"haute"
"CALLIDERM EAU MICELLAIRE BLEUET F/500ML";"4500";"Cosmétique / dermo";"";"500ml";"";"";"";"hors médicament";"haute"
"CALLIDERM EAU MICELLAIRE ROSE F/250ML";"3500";"Cosmétique / dermo";"";"250ml";"";"";"";"hors médicament";"haute"
"CALLIDERM EAUMICELLAIRE ROSE F/500ML";"4500";"Cosmétique / dermo";"";"500ml";"";"";"";"hors médicament";"haute"
"CALLIDERM GOMMAGE CORPS ULTRA GLOW";"5200";"Cosmétique / dermo";"";"";"";"";"";"hors médicament";"haute"
"CALLIDERM GOMMAGE VISAGE ABRICOT 150ML";"3750";"Cosmétique / dermo";"";"150ml";"";"";"";"hors médicament";"haute"
"CALLIDERM GOMMAGE VISAGE ALOE VERA 150ML";"3700";"Cosmétique / dermo";"";"150ml";"";"";"";"hors médicament";"haute"
"CALLIDERM GOMMAGE VISAGE RAISIN 150ML";"3750";"Cosmétique / dermo";"";"150ml";"";"";"";"hors médicament";"haute"
"CALLIDERM LAIT CORPS ARGAN F/500ML";"5200";"Cosmétique / dermo";"";"500ml";"";"";"";"hors médicament";"haute"
"CALLIDERM LAIT CORPS COCO F/500ML";"5200";"Cosmétique / dermo";"";"500ml";"";"";"";"hors médicament";"haute"
"CALLIDERM LAIT CORPS PECHE F/500ML";"5200";"Cosmétique / dermo";"";"500ml";"";"";"";"hors médicament";"haute"
"CALLIDERM LAIT DE BEAUTE DOUCEUR KARITE 5";"5200";"Cosmétique / dermo";"";"";"";"";"";"hors médicament";"haute"
"CALLIDERM LAIT DE BEAUTE ECLAT F/500ML";"5200";"Cosmétique / dermo";"";"500ml";"";"";"";"hors médicament";"haute"
"CALLIDERM LAIT DE BEAUTE SATIN F/500ML";"5200";"Cosmétique / dermo";"";"500ml";"";"";"";"hors médicament";"haute"
"CALLIDERM LAIT ECLAIRC BRIGHT/WHITE 500ML";"6000";"Cosmétique / dermo";"";"500ml";"";"";"";"hors médicament";"haute"
"CALLIDERM MASQUE VISAGE ARGILE 150ML";"3750";"Cosmétique / dermo";"";"150ml";"";"";"";"hors médicament";"haute"
"CALLIDERM MASQUE VISAGE CONCOMBRE 150ML";"3750";"Cosmétique / dermo";"";"150ml";"";"";"";"hors médicament";"haute"
"CALLIDERM NETTOYANT PURIFIANT VISAGE 150M";"3750";"Cosmétique / dermo";"";"";"";"";"";"hors médicament";"haute"
"CALLIDERM SUPERWHITE LAIT CORPS 500ML";"5200";"Cosmétique / dermo";"";"500ml";"";"";"";"hors médicament";"haute"
"CALLIDERM ULTRA GLOW LAIT ECLAIR 500ML";"5000";"Cosmétique / dermo";"";"500ml";"";"";"";"hors médicament";"haute"
"CALSOURCE 500MG COMP EFF B/20";"2425";"Nutrition / complément";"Calcium";"500mg";"Comprimé";"";"";"identification manuelle (marque)";"moyenne"
"CALTOUX 100MG SP ENF F/100ML";"1510";"Médicament";"Dextromethorphane";"100mg";"Autre";"ST";"Antitussif toux sèche";"base PHARMACORP";"haute"
"CALTOUX 133MG SP AD F/100ML";"1940";"Médicament";"Dextromethorphane";"133mg";"Autre";"ST";"Antitussif toux sèche";"base PHARMACORP";"haute"
"CALTOUX CPR B/20";"1525";"Médicament";"Dextromethorphane + Tripolidine";"30mg/2mg";"Comprimé";"ST";"Antitussif";"base PHARMACORP";"haute"
"CAMPHRIX SAV 30G";"8870";"Cosmétique / dermo";"";"30g";"Injectable";"";"";"hors médicament";"haute"
"CAMVIT PLUS GEL B/30";"5265";"Médicament";"Vitamines + Mineraux";"";"Gélule";"ST";"Supplement vitaminique";"même marque dans la base PHARMACORP";"moyenne"
"CANAFLUCAN 150MG GEL B/1";"2425";"Médicament";"Fluconazole";"150mg";"Gélule";"Liste I";"Antifongique, Antimycosique";"même marque dans la base PHARMACORP";"moyenne"
"CANDEREL 85MG COMP B/80";"3500";"Médicament";"Aspartam";"85mg";"Comprimé";"ST";"Edulcorant";"même marque dans la base PHARMACORP";"moyenne"
"CANDEREL CPR SODIQ S/SOD B/300";"9500";"Médicament";"Aspartam";"10mg";"Comprimé";"ST";"Edulcorant";"base PHARMACORP";"haute"
"CANDEREL CPR SSODIQ S/SOD B/100";"3790";"Médicament";"Aspartam";"";"Comprimé";"ST";"Edulcorant";"même marque dans la base PHARMACORP";"moyenne"
"CANDES CREME CLARIF VIS+MAIN 50ML";"16475";"Cosmétique / dermo";"";"50ml";"Crème / pommade";"";"";"hors médicament";"haute"
"CANDES GEL NETT CLARIF F/200ML";"9710";"Cosmétique / dermo";"";"200ml";"Gel";"";"";"hors médicament";"haute"
"CANDES HUILE CLARIF NOURISS F/100ML";"13000";"Cosmétique / dermo";"";"100ml";"";"";"";"hors médicament";"haute"
"CANDES LAIT CORPS CLARIF SUBLIME F/400ML";"20860";"Cosmétique / dermo";"";"400ml";"";"";"";"hors médicament";"haute"
"CANDES LAIT HYDRATANT 400ML";"14085";"Cosmétique / dermo";"";"400ml";"";"";"";"hors médicament";"haute"
"CANDES SAV EXFOLIANT CLARIFIANT PAIN 150G";"7270";"Cosmétique / dermo";"";"150g";"";"";"";"hors médicament";"haute"
"CANDES SAVON SURGRAS CLARIFIANT PAIN 150G";"7290";"Cosmétique / dermo";"";"150g";"";"";"";"hors médicament";"haute"
"CANDES SERUM CLARIF UNIF 30ML 3401581732897";"16510";"Cosmétique / dermo";"";"30ml";"";"";"";"hors médicament";"haute"
"CANDES TONIQUE CLARIF 200ML";"11000";"Cosmétique / dermo";"";"200ml";"";"";"";"hors médicament";"haute"
"CANDESARTAN EG 32MG COMP B/30";"5300";"Médicament";"Candesartan cilexetil";"32mg";"Comprimé";"";"";"DCI citée dans la désignation";"moyenne"
"CANDEZ 16MG COMP.SEC B/30";"10400";"Médicament";"Candesartan cilexetil";"16mg";"Comprimé";"Liste I";"Antihypertenseur (ARAII)";"même marque dans la base PHARMACORP";"moyenne"
"CANDEZ 8MG COMP.SEC B/30";"8320";"Médicament";"Candesartan cilexetil";"8mg";"Comprimé";"Liste I";"Antihypertenseur (ARAII)";"même marque dans la base PHARMACORP";"moyenne"
"CANDI 150MG GEL B/4";"5545";"Médicament";"Fluconazole";"150mg";"Crème / pommade / gel";"Liste I";"Antifongique, Antimycosique";"base PHARMACORP";"haute"
"CANDI 50MG SUSP F/60ML";"4160";"Médicament";"Fluconazole";"50mg";"Suspension buvable";"Liste I";"Antifongique, Antimycosique";"même marque dans la base PHARMACORP";"moyenne"
"CANKIR 50MG PDR SUSP BUV FL/60ML";"2495";"";"";"50mg";"Suspension buvable";"";"";"non identifié";"à vérifier"
"CANNES ANGLAISES LABELL AD.DETAIL/1";"13050";"Dispositif médical / consommable";"";"";"";"";"";"hors médicament";"haute"
"CANNES ANGLAISES LABELL ADULTE PAIRE/1";"26095";"Dispositif médical / consommable";"";"";"";"";"";"hors médicament";"haute"
"CANZOL 150MG GELULE B/4";"4855";"Médicament";"Fluconazole";"150mg";"Gélule";"Liste I";"Antifongique, Antimycosique";"même marque dans la base PHARMACORP";"moyenne"
"CAPEN 25MG COMP B/30";"2775";"Médicament";"Captopril";"25mg";"Comprimé";"Liste I";"Antihypertenseur (IEC)";"même marque dans la base PHARMACORP";"moyenne"
"CAPEN 50MG CPR B/30";"6935";"Médicament";"Captopril";"50mg";"Comprimé";"Liste I";"Antihypertenseur (IEC)";"même marque dans la base PHARMACORP";"moyenne"
"CAPRAZOLE 20MG GEL B/30";"7405";"Médicament";"Omeprazole";"20mg";"Gélule";"Liste II";"Antiulcereux (IPP)";"même marque dans la base PHARMACORP";"moyenne"
"CAPRAZOLE 40MG AMP INJ B/1 4042809525595";"5810";"Médicament";"Omeprazole";"40mg";"Injectable";"Liste II";"Antiulcereux (IPP)";"même marque dans la base PHARMACORP";"moyenne"
"CAPSULIDE 100MG CPR B/10";"1580";"Médicament";"Nimesulide";"100mg";"Gélule";"Liste II";"Antiinflammatoire, Antirhumatismal";"même marque dans la base PHARMACORP";"moyenne"
"CAPTOMAX 50MG COMP.B/30";"4855";"Médicament";"Captopril";"50mg";"Comprimé";"Liste I";"Antihypertenseur (IEC)";"même marque dans la base PHARMACORP";"moyenne"
"CAPTOPRIL DENK 25MG CPR B/10 DETAIL";"865";"Médicament";"Captopril";"25mg";"Comprimé";"";"";"DCI citée dans la désignation";"moyenne"
"CAPTOPRIL DENK 25MG CPR B/100";"8640";"Médicament";"Captopril";"25mg";"Comprimé";"";"";"DCI citée dans la désignation";"moyenne"
"CAPTOPRIL DENK 25MG CPR B/20";"2290";"Médicament";"Captopril";"25mg";"Comprimé";"";"";"DCI citée dans la désignation";"moyenne"
"CAPTOPRIL+HCT DENK 50/25MG CPR 10BL10";"12065";"Médicament";"Captopril + Hydrochlorothiazide";"50/25mg";"Comprimé";"";"";"DCI citée dans la désignation";"moyenne"
"CAPTOPRIL+HCT DENK50/25MG CP 10BL1 DETAIL";"1205";"Médicament";"Captopril + Hydrochlorothiazide";"50/25mg";"Comprimé";"";"";"DCI citée dans la désignation";"moyenne"
"CARBACTIVE 120MG GEL B/30";"2550";"Médicament";"Charbon active";"120mg";"Gélule";"ST";"Adsorbant intestinal et Antiflatulant";"même marque dans la base PHARMACORP";"moyenne"
"CARBAMAZEPINE TLG 200MG COMP B/50";"4990";"Médicament";"Carbamazepine";"200mg";"Comprimé";"";"";"DCI citée dans la désignation";"moyenne"
"CARBAMAZEPINE TLG 400MG COMP B/30";"7090";"Médicament";"Carbamazepine";"400mg";"Comprimé";"";"";"DCI citée dans la désignation";"moyenne"
"CARBEN 100MG CPR B/6";"1250";"Médicament";"Mebendazole";"100mg";"Comprimé";"Liste II";"Antiparasitaire, Antihelminthique";"même marque dans la base PHARMACORP";"moyenne"
"CARBEN 500MG CPR B/1";"1290";"Médicament";"Mebendazole";"500mg";"Comprimé";"Liste II";"Antiparasitaire, Antihelminthique";"même marque dans la base PHARMACORP";"moyenne"
"CARBEN SUSP BUV F/30ML";"1360";"Médicament";"Mebendazole";"30ml";"Suspension buvable";"Liste II";"Antiparasitaire, Antihelminthique";"même marque dans la base PHARMACORP";"moyenne"
"CARBOPHOS CHARBON VEGETAL CPR CROQ B/40";"5605";"Médicament";"Charbon active";"";"Comprimé";"";"";"DCI citée dans la désignation";"moyenne"
"CARBORIV GEL B/30";"2775";"Médicament";"Fer + Zinc + Vit B12 + Vit E + Selenium + Acide folique";"100mg/22,5mg/5mcg/15ui/65mcg/1mg";"Crème / pommade / gel";"ST";"Antianemique";"base PHARMACORP";"haute"
"CARBORIV S SP FL/200ML";"2775";"Médicament";"Fer + Acide folique + Vitamine B12 + Zinc";"200ml";"Sirop";"";"";"identification manuelle (marque)";"moyenne"
"CARBOSOL 0,5% COLLYRE";"2095";"Médicament";"Carboxymethylcellulose sodique";"0,5%";"Collyre";"ST";"Substitut lacrymal";"même marque dans la base PHARMACORP";"moyenne"
"CARBOSYLANE 24DOSE DE 2 GELULE";"3370";"Médicament";"Charbon active + simeticone";"2g";"Gélule";"ST";"Adsorbant intestinal et Antiflatulant";"même marque dans la base PHARMACORP";"moyenne"
"CARBOSYLANE 48DOSE DE 2 GELULE";"5585";"Médicament";"Charbon active + simeticone";"2g";"Gélule";"ST";"Adsorbant intestinal et Antiflatulant";"même marque dans la base PHARMACORP";"moyenne"
"CARBOTOUX 2% SP F/100ML";"1455";"Médicament";"Carbocysteine";"2%";"Sirop";"ST";"Antitussif, Expectorant";"même marque dans la base PHARMACORP";"moyenne"
"CARBOTOUX 375MG GELULE B/20";"2400";"Médicament";"Carbocysteine";"375mg";"Gélule";"ST";"Antitussif, Expectorant";"même marque dans la base PHARMACORP";"moyenne"
"CARDAL 40MG/30MG GELULE B/30";"6240";"Médicament";"Pantoprazole + Domperidone";"40mg/30mg";"Gélule";"Liste II";"Antiemetique, Antiulcereux (IPP)";"même marque dans la base PHARMACORP";"moyenne"
"CARDENSIEL 10MG CPR B/30";"6460";"Médicament";"Bisoprolol hemifumarate";"10mg";"Comprimé";"Liste I";"Antiangoreux, Antihypertenseur (Betabloquant)";"base PHARMACORP";"haute"
"CARDENSIEL 2,5MG COMP B/30 3400935297068";"3950";"Médicament";"Bisoprolol hemifumarate";"2,5mg";"Comprimé";"Liste I";"Antiangoreux, Antihypertenseur (Betabloquant)";"même marque dans la base PHARMACORP";"moyenne"
"CARDENSIEL 5MG CPR B/30";"4330";"Médicament";"Bisoprolol hemifumarate";"5mg";"Comprimé";"Liste I";"Antiangoreux, Antihypertenseur (Betabloquant)";"même marque dans la base PHARMACORP";"moyenne"
"CARDIOTEM 10MG CPR B/30";"8180";"Médicament";"Amlodipine";"10mg";"Comprimé";"Liste I";"Antihypertenseur, Antiangoreux (IC)";"base PHARMACORP";"haute"
"CARDIOTEM 5MG CPR B/30";"4480";"Médicament";"Amlodipine";"5mg";"Comprimé";"Liste I";"Antihypertenseur, Antiangoreux (IC)";"base PHARMACORP";"haute"
"CARDIOVALARM H 10/160/25MG COMP B/30";"15280";"Médicament";"Amlodipine + Valsartan + Hydrochlorothiazide";"10/160/25mg";"Comprimé";"";"";"identification manuelle (marque)";"moyenne"
"CARDIOZIDE HCT 50MG/12.5MG COMP.B30";"4440";"Médicament";"Losartan potassium + Hydrochlorothiazide";"50mg/12.5mg";"Comprimé";"Liste I";"Antihypertenseur (ARAII + DT)";"même marque dans la base PHARMACORP";"moyenne"
"CARDIURINE CPR B/30";"4715";"Médicament";"Captopril + hydrochlorothiazide";"";"Comprimé";"Liste I";"Antihypertenseur (IEC + DT)";"même marque dans la base PHARMACORP";"moyenne"
"CARDIX 6,25MG CPR B/28";"3685";"Médicament";"Carvedilol";"6,25mg";"Comprimé";"Liste I";"Antihypertenseur (Betabloquant)";"base PHARMACORP";"haute"
"CARMOX 500MG GEL B/10";"2980";"Médicament";"Amoxicilline + Bromhexine";"500mg";"Gélule";"Liste I";"Antitussif, Antibiotique Antibacterien";"même marque dans la base PHARMACORP";"moyenne"
"CAROFIT CPR B/30";"5490";"Médicament";"MULTIVITAMINES";"multidosage";"Comprimé";"ST";"Supplement vitaminique";"base PHARMACORP";"haute"
"CARTEOL 2% COLLYRE FP 3ML";"4410";"Médicament";"Carteolol chlorhydrate";"2 %";"Collyre / ORL";"Liste I";"Antiglaucomateux";"base PHARMACORP";"haute"
"CARTEOL LP 1% COLLYRE FL/3ML 3400935788924";"7180";"Médicament";"Carteolol chlorhydrate";"1%";"Collyre";"";"";"DCI citée dans la désignation";"moyenne"
"CARTEOL LP 2% CY FL/3ML";"7420";"Médicament";"Carteolol chlorhydrate";"2 %";"Autre";"Liste I";"Antiglaucomateux";"base PHARMACORP";"haute"
"CARVEDI DENK 25MG COMP B/30";"6935";"Médicament";"Carvedilol";"25mg";"Comprimé";"";"";"DCI citée dans la désignation";"moyenne"
"CARVEDI DENK 6,25MG CPR B/30";"4855";"Médicament";"Carvedilol";"6,25mg";"Comprimé";"";"";"DCI citée dans la désignation";"moyenne"
"CARY 250MG/5ML SP FL/60ML";"1845";"Médicament";"Erythromycine";"250mg/5mL";"Injectable";"Liste I";"Antibacterien (Macrolides), Antiacneique, Antibiotique";"base PHARMACORP";"haute"
"CARY 500MG CPR B/10";"2220";"Médicament";"Erythromycine";"500mg";"Comprimé";"Liste I";"Antibacterien (Macrolides), Antiacneique, Antibiotique";"même marque dans la base PHARMACORP";"moyenne"
"CASODEX 50MG COMP B/30";"44700";"Médicament";"Bicalutamide";"50mg";"Comprimé";"Liste I";"Anticancereux, Antiandrogene non steroidien";"même marque dans la base PHARMACORP";"moyenne"
"CATACOL COLLYRE FL/10ML";"1330";"Médicament";"Inosine phoshate disodique hydrate + chlorhexidine gluconate";"10ml";"Collyre";"ST";"Opacite cristallinienne";"même marque dans la base PHARMACORP";"moyenne"
"CATAFLAM * 25MG * CPR BT 20";"1970";"Médicament";"Diclofenac";"25mg";"Comprimé";"Liste II";"Antiinflammatoire non steroidien";"même marque dans la base PHARMACORP";"moyenne"
"CATAFLAM 50MG CPR BT 20";"3940";"Médicament";"Diclofenac";"50mg";"Comprimé";"Liste II";"Antiinflammatoire non steroidien";"même marque dans la base PHARMACORP";"moyenne"
"CATAFLAM SUSP 1,8MG/ML F/120ML R73";"3995";"Médicament";"Diclofenac";"1,8mg";"Suspension buvable";"Liste II";"Antiinflammatoire non steroidien";"même marque dans la base PHARMACORP";"moyenne"
"CATAPRESSAN COMP B/30";"3895";"Médicament";"Clonidine chlorhydrate";"";"Comprimé";"Liste II";"Antihypertenseur, Antihypertenseur (Action centrale)";"même marque dans la base PHARMACORP";"moyenne"
"CATHETER UBI ONE IV 16G 45MM GRIS/1";"675";"Dispositif médical / consommable";"";"16g";"Injectable";"";"";"hors médicament";"haute"
"CATHETER UBI ONE IV 18G 45MM VERT/1";"705";"Dispositif médical / consommable";"";"18g";"Injectable";"";"";"hors médicament";"haute"
"CATHETER UBI ONE IV 20G 32MM ROSE/1";"675";"Dispositif médical / consommable";"";"20g";"Injectable";"";"";"hors médicament";"haute"
"CATHETER UBI ONE IV 22G 4MM BLEU/1";"675";"Dispositif médical / consommable";"";"22g";"Injectable";"";"";"hors médicament";"haute"
"CATHETER UBI ONE IV 24G 19MM JAUNE/1";"675";"Dispositif médical / consommable";"";"24g";"Injectable";"";"";"hors médicament";"haute"
"CAZITHRO 500MG CPR PELL B/3";"5270";"Médicament";"Azithromycine";"500mg";"Comprimé";"Liste I";"Antibiotique Antibacterien (Macrolides)";"base PHARMACORP";"haute"
"CAZITHRO SUSP BUV 200MG/5ML F/15ML";"3465";"Médicament";"Azithromycine";"200mg/5mL";"Sirop / solution buvable";"Liste I";"Antibiotique Antibacterien (Macrolides)";"base PHARMACORP";"haute"
"CEBESINE 0,4% COLLYRE FL/5ML";"890";"Médicament";"Oxybuprocaine chlorhydrate";"0,4%";"Collyre";"Liste I";"Anesthesique local";"même marque dans la base PHARMACORP";"moyenne"
"CEEVI 200MG COMP B/10";"4715";"Médicament";"Cefixime";"200mg";"Comprimé";"Liste I";"Antibiotique Antibacterien (Cephalosporines 3 generation)";"même marque dans la base PHARMACORP";"moyenne"
"CEFALINE HAUTH PDRE SACHET B/10";"3080";"Médicament";"Paracetamol + Cafeine";"";"Poudre / sachet";"ST";"Antalgique, Antipyrétique";"même marque dans la base PHARMACORP";"moyenne"
"CEFALORAL 100MG CPR DISP B/10";"4435";"Médicament";"Cefixime";"100mg";"Comprimé";"Liste I";"Antibiotique Antibacterien (Cephalosporines 3 generation)";"même marque dans la base PHARMACORP";"moyenne"
"CEFALORAL 100MG/5ML ENF PDR SUSP BUV40ML";"5655";"Médicament";"Cefixime";"100mg";"Sirop / solution buvable";"Liste I";"Antibiotique Antibacterien (Cephalosporines 3 generation)";"base PHARMACORP";"haute"
"CEFALORAL 200MG CPR B/10";"5075";"Médicament";"Cefixime";"200mg";"Comprimé";"Liste I";"Antibiotique Antibacterien (Cephalosporines 3 generation)";"même marque dans la base PHARMACORP";"moyenne"
"CEFALORAL 40MG/5ML NN PDRE SUSP BUV/40ML";"2775";"Médicament";"Cefixime";"40mg/5mL";"Sirop / solution buvable";"Liste I";"Antibiotique Antibacterien (Cephalosporines 3 generation)";"base PHARMACORP";"haute"
"CEFAM 1G/500MG IM/IV PDR S INJ+SOLV/1+1";"4160";"Médicament";"Ceftriaxone + Sulbactam";"1g/500mg";"Injectable";"Liste I";"Antibiotique Antibacterien (Cephalosporines 3 generation)";"base PHARMACORP";"haute"
"CEFAMOR 125MG SP F/100ML";"1805";"Médicament";"Cefalexine";"125mg";"Sirop";"Liste I";"Antibiotique Antibacterien (Cephalosporines 1 generation)";"même marque dans la base PHARMACORP";"moyenne"
"CEFAMOR 500MG GEL B/20";"3840";"Médicament";"Cefalexine";"500mg";"Gélule";"Liste I";"Antibiotique Antibacterien (Cephalosporines 1 generation)";"même marque dans la base PHARMACORP";"moyenne"
"CEFEXOL 100MG/5ML SUSP BUV F/30ML";"2425";"Médicament";"Cefixime";"100mg/5mL";"Sirop / solution buvable";"Liste I";"Antibiotique Antibacterien (Cephalosporines 3 generation)";"base PHARMACORP";"haute"
"CEFEXOL 400MG GEL B/5";"5090";"Médicament";"Cefixime";"400mg";"Gélule";"Liste I";"Antibiotique Antibacterien (Cephalosporines 3 generation)";"même marque dans la base PHARMACORP";"moyenne"
"CEFEXOL DS 200MG/ML SUSP BUV FL/30ML";"3465";"Médicament";"Cefixime";"200mg";"Suspension buvable";"Liste I";"Antibiotique Antibacterien (Cephalosporines 3 generation)";"même marque dans la base PHARMACORP";"moyenne"
"CEFEZONE 1G PDRE SUSP INJ B/1";"2080";"Médicament";"Cefoperazone";"1g";"Injectable";"";"";"identification manuelle (marque)";"moyenne"
"CEFEZONE-S 1,5G PDRE INJ F/1+SOLV F/1";"4160";"Médicament";"Cefoperazone + Sulbactam";"1,5g";"Injectable";"";"";"identification manuelle (marque)";"moyenne"
"CEFIB 100MG/5ML SIROP F/60ML";"4755";"Médicament";"Cefixime";"100mg/5ml";"Sirop";"Liste I";"Antibiotique Antibacterien (Cephalosporines 3 generation)";"même marque dans la base PHARMACORP";"moyenne"
"CEFICAP 100MG/5ML PDRE SUSP BUV F/50ML";"7610";"Médicament";"Cefixime";"100mg/5mL";"Sirop / solution buvable";"Liste I";"Antibiotique Antibacterien (Cephalosporines 3 generation)";"base PHARMACORP";"haute"
"CEFICAP 400MG GEL B/10";"8465";"Médicament";"Cefixime";"400mg";"Gélule";"Liste I";"Antibiotique Antibacterien (Cephalosporines 3 generation)";"même marque dans la base PHARMACORP";"moyenne"
"CEFIDIS 200MG CPR B/10";"7335";"Médicament";"Cefixime";"200mg";"Comprimé";"Liste I";"Antibiotique Antibacterien (Cephalosporines 3 generation)";"même marque dans la base PHARMACORP";"moyenne"
"CEFILEX 100MG/5ML PDR SUSP BUV F/60ML";"2080";"Médicament";"Cefixime";"100mg/5ml";"Suspension buvable";"Liste I";"Antibiotique Antibacterien (Cephalosporines 3 generation)";"même marque dans la base PHARMACORP";"moyenne"
"CEFILEX 200MG CPR DISP B/10";"3465";"Médicament";"Cefixime";"200mg";"Comprimé";"Liste I";"Antibiotique Antibacterien (Cephalosporines 3 generation)";"base PHARMACORP";"haute"
"CEFIM 100MG SUSP F/60ML";"6935";"Médicament";"Cefixime";"100mg";"Suspension buvable";"Liste I";"Antibiotique Antibacterien (Cephalosporines 3 generation)";"même marque dans la base PHARMACORP";"moyenne"
"CEFIM 200MG GEL B/12";"8320";"Médicament";"Cefixime";"200mg";"Crème / pommade / gel";"Liste I";"Antibiotique Antibacterien (Cephalosporines 3 generation)";"base PHARMACORP";"haute"
"CEFIM 400MG GEL B/6";"8040";"Médicament";"Cefixime";"400mg";"Gélule";"Liste I";"Antibiotique Antibacterien (Cephalosporines 3 generation)";"même marque dans la base PHARMACORP";"moyenne"
"CEFISON 100MG CPR PELL B/10";"4160";"Médicament";"Cefixime";"100mg";"Comprimé";"Liste I";"Antibiotique Antibacterien (Cephalosporines 3 generation)";"base PHARMACORP";"haute"
"CEFISON 200MG CPR PELL B/10";"6380";"Médicament";"Cefixime";"200mg";"Comprimé";"Liste I";"Antibiotique Antibacterien (Cephalosporines 3 generation)";"base PHARMACORP";"haute"
"CEFISON 400MG COMP PELL B/10";"8320";"Médicament";"Cefixime";"400mg";"Comprimé";"Liste I";"Antibiotique Antibacterien (Cephalosporines 3 generation)";"même marque dans la base PHARMACORP";"moyenne"
"CEFIX 200MG CPR B/10";"4990";"Médicament";"Cefixime";"200mg";"Comprimé";"Liste I";"Antibiotique Antibacterien (Cephalosporines 3 generation)";"base PHARMACORP";"haute"
"CEFIXIME BGR 200MG CPR PELL B/8";"4075";"Médicament";"Cefixime";"200mg";"Comprimé";"";"";"DCI citée dans la désignation";"moyenne"
"CEFIZ 200MG CPR B/10";"5545";"Médicament";"Cefixime";"200mg";"Comprimé";"Liste I";"Antibiotique Antibacterien (Cephalosporines 3 generation)";"base PHARMACORP";"haute"
"CEFIZ DT 100MG CPR DISP B/10";"4160";"Médicament";"Cefixime";"100mg";"Comprimé";"Liste I";"Antibiotique Antibacterien (Cephalosporines 3 generation)";"base PHARMACORP";"haute"
"CEFOKEN 200MG GELULE B/16";"8040";"Médicament";"Cefixime";"200mg";"Gélule";"Liste I";"Antibiotique Antibacterien (Cephalosporines 3 generation)";"même marque dans la base PHARMACORP";"moyenne"
"CEFOKEN SUSP.BUV.F/60ML";"5950";"Médicament";"Cefixime";"60ml";"Suspension buvable";"Liste I";"Antibiotique Antibacterien (Cephalosporines 3 generation)";"même marque dans la base PHARMACORP";"moyenne"
"CEFOLAC 200MG CPR PELL B/8";"3950";"Médicament";"Cefixime";"200mg";"Comprimé";"Liste I";"Antibiotique Antibacterien (Cephalosporines 3 generation)";"même marque dans la base PHARMACORP";"moyenne"
"CEFORNA 100MG/125MG SP FL/60ML";"7690";"";"";"100mg/125mg";"Sirop";"";"";"non identifié";"à vérifier"
"CEFORNA CP B/10";"7700";"";"";"";"Comprimé";"";"";"non identifié";"à vérifier"
"CEFTRI-LUX 1G B/10";"11090";"Médicament";"Ceftriaxone";"1g";"";"Liste I";"Antibacterien (Cephalosporines 3 generation), Antibiotique";"même marque dans la base PHARMACORP";"moyenne"
"CEFTRI-LUX 1G IM/IV DETAIL B/1";"1100";"Médicament";"Ceftriaxone";"1g";"Injectable";"Liste I";"Antibacterien (Cephalosporines 3 generation), Antibiotique";"même marque dans la base PHARMACORP";"moyenne"
"CEFTRIAXONE 1G INJ B/1";"3470";"Médicament";"Ceftriaxone";"1g";"Injectable";"Liste I";"Antibacterien (Cephalosporines 3 generation), Antibiotique";"base PHARMACORP";"haute"
"CEFTRIAXONE BGR 1G/10ML IV INJ PDR+SOLV";"3465";"Médicament";"Ceftriaxone";"1g/10ml";"Injectable";"";"";"DCI citée dans la désignation";"moyenne"
"CEFTRIAXONE IG 1000MG PDRE INJ B/1";"1940";"Médicament";"Ceftriaxone";"1g";"Injectable";"Liste I";"Antibacterien (Cephalosporines 3 generation), Antibiotique";"base PHARMACORP";"haute"
"CEFTRIAXONE IG 1000MG PDRE INJ B/1 (F)";"1940";"Médicament";"Ceftriaxone";"1000mg";"Injectable";"";"";"DCI citée dans la désignation";"moyenne"
"CEFTRIAXONE LDP 0,5G PDRE INJ+SOLV B/1";"2775";"Médicament";"Ceftriaxone";"0,5g";"Injectable";"";"";"DCI citée dans la désignation";"moyenne"
"CEFTRIAXONE LDP PDRE 1G INJ+SOLV B/1";"3465";"Médicament";"Ceftriaxone";"1g";"Injectable";"";"";"DCI citée dans la désignation";"moyenne"
"CEFTRIAXONE-LOXAMED 1G INJ B/1";"1250";"Médicament";"Ceftriaxone";"1g";"Injectable";"";"";"DCI citée dans la désignation";"moyenne"
"CEINT LOMBACROSS ACTIVITY NR H26CM T4";"55650";"Dispositif médical / consommable";"";"";"";"";"";"hors médicament";"haute"
"CELEBID 100MG GEL B/20";"5285";"Médicament";"Celecoxib";"100mg";"Gélule";"Liste I";"Antiinflammatoire non steroidien";"même marque dans la base PHARMACORP";"moyenne"
"CELEBID 200MG GEL B/30";"8875";"Médicament";"Celecoxib";"200mg";"Gélule";"Liste I";"Antiinflammatoire non steroidien";"même marque dans la base PHARMACORP";"moyenne"
"CELEBREX 100MG GELULE B/20 5415174004092";"9180";"Médicament";"Celecoxib";"100mg";"Gélule";"Liste I";"Antiinflammatoire non steroidien";"même marque dans la base PHARMACORP";"moyenne"
"CELEBREX 200MG GEL B/10";"9180";"Médicament";"Celecoxib";"200mg";"Gélule";"Liste I";"Antiinflammatoire non steroidien";"même marque dans la base PHARMACORP";"moyenne"
"CELECOXIB BIOG 100MG GEL B/30";"4435";"Médicament";"Celecoxib";"100mg";"Crème / pommade / gel";"Liste I";"Antiinflammatoire non steroidien";"base PHARMACORP";"haute"
"CELECOXIB BIOG 200MG GEL B/30";"5825";"Médicament";"Celecoxib";"200mg";"Gélule";"";"";"DCI citée dans la désignation";"moyenne"
"CELESTENE 0,05% SOL GTTE F/30ML";"3230";"Médicament";"Betamethasone";"0,05%";"Gouttes";"Liste I";"Antiinflammatoire steroidien (Glucocorticoide)";"même marque dans la base PHARMACORP";"moyenne"
"CELESTENE 2MG COMP DISP SEC B/20";"3385";"Médicament";"Betamethasone";"2mg";"Comprimé";"Liste I";"Antiinflammatoire steroidien (Glucocorticoide)";"même marque dans la base PHARMACORP";"moyenne"
"CELESTENE 4MG AMP INJ B/1";"1260";"Médicament";"Betamethasone";"4mg";"Injectable";"Liste I";"Antiinflammatoire steroidien (Glucocorticoide)";"même marque dans la base PHARMACORP";"moyenne"
"CELIA DEVELOP 1ER AGE LAIT B/400G";"3950";"Nutrition / complément";"";"400g";"";"";"";"hors médicament";"haute"
"CELIA DEVELOP 2 B/400G AFR";"3880";"Nutrition / complément";"";"400g";"";"";"";"hors médicament";"haute"
"CELIA DEVELOP 3 B/400G";"3905";"Nutrition / complément";"";"400g";"";"";"";"hors médicament";"haute"
"CELLTRIAXON 1G AMP INJ B/1";"3465";"Médicament";"Ceftriaxone";"1g";"Injectable";"Liste I";"Antibacterien (Cephalosporines 3 generation), Antibiotique";"base PHARMACORP";"haute"
"CEPODEM 200MG CPR B/10";"8320";"Médicament";"Cefpodoxime proxetil";"200mg";"Comprimé";"Liste I";"Antibacterien, Antiinfectieux, Antibacterien (Cephalosporines 3 generation)";"même marque dans la base PHARMACORP";"moyenne"
"CEPROLEN ED 0,3% GTTE OPHTA+AURIC F/5ML";"1805";"Médicament";"Ciprofloxacine";"0,3%";"Collyre / ORL";"Liste I";"Antibiotique Antibacterien (Quinolone 2 generation)";"base PHARMACORP";"haute"
"CERAVE BAUME HYDRATAN PS/PTS P/340G 3337875597227";"15380";"Cosmétique / dermo";"";"340g";"";"";"";"hors médicament";"haute"
"CERAVE BAUME HYDRATANT POT 454G";"20640";"Cosmétique / dermo";"";"454g";"";"";"";"hors médicament";"haute"
"CERAVE BAUME HYDRATANT T/177ML";"14400";"Cosmétique / dermo";"";"177ml";"";"";"";"hors médicament";"haute"
"CERAVE CR HYDR VISAGE JOUR T/52ML";"13205";"Cosmétique / dermo";"";"52ml";"Crème / pommade";"";"";"hors médicament";"haute"
"CERAVE CREM HYDR VISAGE NUIT PM 52ML";"17580";"Cosmétique / dermo";"";"52ml";"";"";"";"hors médicament";"haute"
"CERAVE CREME LAVANTE HYDRATANTE 236ML";"14500";"Cosmétique / dermo";"";"236ml";"Crème / pommade";"";"";"hors médicament";"haute"
"CERAVE CREME LAVANTE HYDRATANTE 473ML";"17450";"Cosmétique / dermo";"";"473ml";"Crème / pommade";"";"";"hors médicament";"haute"
"CERAVE CREME MOUSSANTE FL/236ML";"10000";"Cosmétique / dermo";"";"236ml";"Crème / pommade";"";"";"hors médicament";"haute"
"CERAVE CREME VISAGE SPF50 T/52ML";"13770";"Cosmétique / dermo";"";"52ml";"Crème / pommade";"";"";"hors médicament";"haute"
"CERAVE GEL CONC ANTI IMPERFECTION 40ML";"16000";"Cosmétique / dermo";"";"40ml";"Injectable";"";"";"hors médicament";"haute"
"CERAVE GEL MOUSS POMP FL/236ML 3401560790085";"16595";"Cosmétique / dermo";"";"236ml";"Crème / pommade";"";"";"hors médicament";"haute"
"CERAVE GEL MOUSSANT 473ML";"20400";"Cosmétique / dermo";"";"473ml";"Gel";"";"";"hors médicament";"haute"
"CERAVE GEL MOUSSANT ANTI IMPERFECTI 236ML";"17110";"Cosmétique / dermo";"";"236ml";"Injectable";"";"";"hors médicament";"haute"
"CERAVE HUILE LAVANTE FL/473ML";"17000";"Cosmétique / dermo";"";"473ml";"";"";"";"hors médicament";"haute"
"CERAVE LAIT HYDRATANT FL/236ML";"11000";"Cosmétique / dermo";"";"236ml";"";"";"";"hors médicament";"haute"
"CERAVE LAIT HYDRATANT FL/473ML";"17500";"Cosmétique / dermo";"";"473ml";"";"";"";"hors médicament";"haute"
"CERAVE SA CREME A.RUGOSITE P/340G";"19930";"Cosmétique / dermo";"";"340g";"Crème / pommade";"";"";"hors médicament";"haute"
"CERAVE SA CREME ANTI RUG T/177ML";"14400";"Cosmétique / dermo";"";"177ml";"Crème / pommade";"";"";"hors médicament";"haute"
"CERAVE SA GEL NETT ANTI RUGOSITE 236ML";"12250";"Cosmétique / dermo";"";"236ml";"Gel";"";"";"hors médicament";"haute"
"CERAVE SERUM RETINOL ANTI MARQUES T/30ML";"20985";"Cosmétique / dermo";"";"30ml";"";"";"";"hors médicament";"haute"
"CEREBROFORTE 200MG/ML SUSP BUV F/120ML";"3405";"Médicament";"Piracetam";"200mg";"Suspension buvable";"Liste II";"Psychostimulant";"même marque dans la base PHARMACORP";"moyenne"
"CEREBROFORTE 800MG CPR B/30";"4855";"Médicament";"Piracetam";"800mg";"Comprimé";"Liste II";"Psychostimulant";"base PHARMACORP";"haute"
"CERELAC 3 FRUITS B/400G";"3000";"Nutrition / complément";"";"400g";"";"";"";"hors médicament";"haute"
"CERELAC BLE B/400G";"3000";"Nutrition / complément";"";"400g";"";"";"";"hors médicament";"haute"
"CERELAC BLE-LAIT 200G";"1000";"Nutrition / complément";"";"200g";"";"";"";"hors médicament";"haute"
"CERULYSE GTTE AURICUL FL/10ML";"2080";"Médicament";"Xylene";"10ml";"Gouttes";"ST";"Anticerumen";"même marque dans la base PHARMACORP";"moyenne"
"CETAFOR 0,5G IV PDRE INJ AMP/5ML+F/1";"2080";"Médicament";"Ceftriaxone";"0,5g";"Injectable";"Liste I";"Antibacterien (Cephalosporines 3 generation), Antibiotique";"même marque dans la base PHARMACORP";"moyenne"
"CETAFOR 1000MG IM B/1";"3330";"Médicament";"Ceftriaxone";"1000mg";"Injectable";"Liste I";"Antibacterien (Cephalosporines 3 generation), Antibiotique";"même marque dans la base PHARMACORP";"moyenne"
"CETAFOR 1G IV PDRE INJ AMP/10ML+F/1";"3330";"Médicament";"Ceftriaxone";"1g";"Injectable";"Liste I";"Antibacterien (Cephalosporines 3 generation), Antibiotique";"même marque dans la base PHARMACORP";"moyenne"
"CETAFOR 2000MG IV B/1";"4990";"Médicament";"Ceftriaxone";"2000mg";"Injectable";"Liste I";"Antibacterien (Cephalosporines 3 generation), Antibiotique";"même marque dans la base PHARMACORP";"moyenne"
"CETALGIC 1000MG GEL MOLLE B/8";"1250";"Médicament";"Paracetamol";"1000mg";"Crème / pommade / gel";"ST";"Antalgique, Antipyrétique";"base PHARMACORP";"haute"
"CETALGIC 1G/100ML IV SOL PERF F/100ML";"1385";"Médicament";"Paracetamol";"1g/100mL";"Injectable";"ST";"Antalgique, Antipyrétique";"base PHARMACORP";"haute"
"CETALGIC 500 GEL B2X8";"1385";"Médicament";"Paracetamol";"500g";"Gélule";"ST";"Antalgique, Antipyrétique";"même marque dans la base PHARMACORP";"moyenne"
"CETAMYL 1G CPR B/10";"1150";"Médicament";"Paracetamol";"1g";"Comprimé";"ST";"Antalgique, Antipyrétique";"même marque dans la base PHARMACORP";"moyenne"
"CETAMYL 3% SOL BUV F/90ML";"1250";"Médicament";"Paracetamol";"3%";"";"ST";"Antalgique, Antipyrétique";"même marque dans la base PHARMACORP";"moyenne"
"CETAMYL 500MG CPR EFFV B/16";"1125";"Médicament";"Paracetamol";"500mg";"Comprimé";"ST";"Antalgique, Antipyrétique";"base PHARMACORP";"haute"
"CETAPHIL GENTLE FACIAL CLEANSER FL/591ML";"14000";"Cosmétique / dermo";"";"591ml";"Injectable";"";"";"hors médicament";"haute"
"CETAVLON 0,5% CR T/80G";"8055";"Médicament";"Cetrimide";"0,5%";"Crème / pommade";"ST";"Antiseptique externe";"même marque dans la base PHARMACORP";"moyenne"
"CETAZONE 1G INJ";"3465";"Médicament";"Ceftriaxone";"1g";"Injectable";"Liste I";"Antibacterien (Cephalosporines 3 generation), Antibiotique";"même marque dans la base PHARMACORP";"moyenne"
"CETAZONE 250MG INJ B/1";"1665";"Médicament";"Ceftriaxone";"250mg";"Injectable";"Liste I";"Antibacterien (Cephalosporines 3 generation), Antibiotique";"base PHARMACORP";"haute"
"CETAZONE 500MG AMP INJ B/1";"2775";"Médicament";"Ceftriaxone";"500mg";"Injectable";"Liste I";"Antibacterien (Cephalosporines 3 generation), Antibiotique";"même marque dans la base PHARMACORP";"moyenne"
"CETIX 10MG CPR A SUCER B/7";"1775";"Médicament";"Cetirizine";"10mg";"Comprimé";"Liste II";"Antihistaminique";"même marque dans la base PHARMACORP";"moyenne"
"CETRAXAL OTICO GTTE AUR F/10ML";"4855";"Médicament";"Ciprofloxacine";"10ml";"Gouttes";"";"";"identification manuelle (marque)";"moyenne"
"CETRAXAL+ 3MG/0,25MG GTTE AURIC F/10ML";"5530";"Médicament";"Ciprofloxacine + Fluocinolone acetonide";"3mg/0,25mg";"Gouttes";"";"";"identification manuelle (marque)";"moyenne"
"CETVLON CREME CUTANEE T/80G";"8580";"";"";"80g";"Crème / pommade";"";"";"non identifié";"à vérifier"
"CEVIT VIT C 100MG CP B/10";"2040";"Nutrition / complément";"Acide ascorbique";"100mg";"Comprimé";"";"";"identification manuelle (marque)";"moyenne"
"CEXOLAN 50MCG/ML COLL F/2,5ML";"13395";"Médicament";"Latanoprost";"50mcg";"Collyre";"Liste I";"Antiglaucomateux";"même marque dans la base PHARMACORP";"moyenne"
"CHARBON BELLOC CAPS MOL/36";"9985";"Médicament";"Charbon active";"";"Gélule";"";"";"DCI citée dans la désignation";"moyenne"
"CHATEA U RGE SAV DOUC SURGRAS PAIN/150G 3760065960295";"4740";"Cosmétique / dermo";"";"150g";"";"";"";"hors médicament";"haute"
"CHATEAU RGE FLUID SORB MAT T/50ML";"9860";"Cosmétique / dermo";"";"50ml";"";"";"";"hors médicament";"haute"
"CHATEAU RGE GEL MOUSSANT ECLAIR FL/200ML";"10500";"Cosmétique / dermo";"";"200ml";"Gel";"";"";"hors médicament";"haute"
"CHATEAU RGE GUMMIES CITRON B.60";"18550";"Cosmétique / dermo";"";"";"";"";"";"hors médicament";"haute"
"CHATEAU RGE HUIL DCH AGRUME FL/400ML";"13340";"Cosmétique / dermo";"";"400ml";"";"";"";"hors médicament";"haute"
"CHATEAU RGE HUIL DCH BAMBOU FL/400ML";"13150";"Cosmétique / dermo";"";"400ml";"";"";"";"hors médicament";"haute"
"CHATEAU RGE LAIT DE BEAUTE CORPS HYD.24H";"19035";"Cosmétique / dermo";"";"";"";"";"";"hors médicament";"haute"
"CHATEAU RGE LAIT ULTRA HYDRATANT 500MLX2";"14000";"Cosmétique / dermo";"";"500ml";"";"";"";"hors médicament";"haute"
"CHATEAU RGE LOT A.TACHE FL/200ML";"9025";"Cosmétique / dermo";"";"200ml";"";"";"";"hors médicament";"haute"
"CHATEAU RGE LOT FRAI ECLAIRC FL/400ML";"19000";"Cosmétique / dermo";"";"400ml";"";"";"";"hors médicament";"haute"
"CHATEAU RGE LT ECL A.TACHE F/400ML";"26710";"Cosmétique / dermo";"";"400ml";"";"";"";"hors médicament";"haute"
"CHATEAU RGE SAV EXFOLIANT 200G";"11580";"Cosmétique / dermo";"";"200g";"";"";"";"hors médicament";"haute"
"CHATEAU RGE SAV SURG COT 150G";"5115";"Cosmétique / dermo";"";"150g";"";"";"";"hors médicament";"haute"
"CHATEAU RGE SAV SURG KAR 150G";"5050";"Cosmétique / dermo";"";"150g";"";"";"";"hors médicament";"haute"
"CHATEAU RGE SAV SURGRAS TIA 150G";"4925";"Cosmétique / dermo";"";"150g";"";"";"";"hors médicament";"haute"
"CHATEAU RGE SAV.EXFOL ECLAIR";"11325";"Cosmétique / dermo";"";"";"";"";"";"hors médicament";"haute"
"CHATEAU RGE SAV.SURG AMAND 150G";"4900";"Cosmétique / dermo";"";"150g";"";"";"";"hors médicament";"haute"
"CHATEAU RGE SOIN PURIFANT FL/30ML";"10250";"Cosmétique / dermo";"";"30ml";"";"";"";"hors médicament";"haute"
"CHATEAU ROUG BB GEL LAVANT DX 2EN1/500ML";"13500";"Cosmétique / dermo";"";"1/500ml";"Gel";"";"";"hors médicament";"haute"
"CHATEAU ROUG CR CONCENT ECLAIR VIS 50ML";"19825";"Cosmétique / dermo";"";"50ml";"Crème / pommade";"";"";"hors médicament";"haute"
"CHATEAU ROUG PAIN DERMAT ECLAIRC 100G";"11900";"Cosmétique / dermo";"";"100g";"";"";"";"hors médicament";"haute"
"CHATEAU ROUG SEROGEL GEL ZON REBELL 30ML";"23000";"Cosmétique / dermo";"";"30ml";"Gel";"";"";"hors médicament";"haute"
"CHATEAU ROUGE BB LAIT HYDRATANT F/500ML";"15000";"Cosmétique / dermo";"";"500ml";"";"";"";"hors médicament";"haute"
"CHATEAU ROUGE BB LAIT TOILETTE F/500ML";"13000";"Cosmétique / dermo";"";"500ml";"";"";"";"hors médicament";"haute"
"CHATEAU ROUGE BB SAV SURGRAS PAIN/150G";"5300";"Cosmétique / dermo";"";"150g";"";"";"";"hors médicament";"haute"
"CHATEAU ROUGE BB TALC F/100G";"7500";"Cosmétique / dermo";"";"100g";"";"";"";"hors médicament";"haute"
"CHATEAU ROUGE COLLAGENE GUM/60";"17780";"Cosmétique / dermo";"";"";"Collyre";"";"";"hors médicament";"haute"
"CHATEAU ROUGE CREME GOMMAGE ECLAT POT/50M";"7965";"Cosmétique / dermo";"";"";"Crème / pommade";"";"";"hors médicament";"haute"
"CHATEAU ROUGE CREME PREST UNIF/50ML";"15770";"Cosmétique / dermo";"";"50ml";"Crème / pommade";"";"";"hors médicament";"haute"
"CHATEAU ROUGE FLUID SORB MAT/50ML";"9855";"Cosmétique / dermo";"";"50ml";"";"";"";"hors médicament";"haute"
"CHATEAU ROUGE GEL BB 2/1 500ML";"12575";"Cosmétique / dermo";"";"500ml";"Gélule";"";"";"hors médicament";"haute"
"CHATEAU ROUGE GEL DCH UNIF BAMBOU/400ML";"13050";"Cosmétique / dermo";"";"400ml";"Gel";"";"";"hors médicament";"haute"
"CHATEAU ROUGE GEL DCH UNIF MONOI/400ML";"11755";"Cosmétique / dermo";"";"400ml";"Gel";"";"";"hors médicament";"haute"
"CHATEAU ROUGE GEL DCHE INIF F/400ML";"11595";"Cosmétique / dermo";"";"400ml";"Gel";"";"";"hors médicament";"haute"
"CHATEAU ROUGE GEL DCHE UNIF AGRUME/400ML";"12640";"Cosmétique / dermo";"";"400ml";"Gel";"";"";"hors médicament";"haute"
"CHATEAU ROUGE GUMMIES FRAMB B/60";"18600";"Cosmétique / dermo";"";"";"";"";"";"hors médicament";"haute"
"CHATEAU ROUGE HLE DCHE AGRUME F/500ML";"12830";"Cosmétique / dermo";"";"500ml";"";"";"";"hors médicament";"haute"
"CHATEAU ROUGE LAIT BEAUTE ECLAIR F/400ML";"25000";"Cosmétique / dermo";"";"400ml";"";"";"";"hors médicament";"haute"
"CHATEAU ROUGE LAIT ECL.VIS.CORPS";"23475";"Cosmétique / dermo";"";"";"";"";"";"hors médicament";"haute"
"CHATEAU ROUGE LAIT ECLAIR+20% FL/ 750ML";"29830";"Cosmétique / dermo";"";"20%";"";"";"";"hors médicament";"haute"
"CHATEAU ROUGE LAIT FRAICHEUR ECLAIR F/200";"19000";"Cosmétique / dermo";"";"";"";"";"";"hors médicament";"haute"
"CHATEAU ROUGE LAIT TOIL UTRA HYDR F/500ML";"21000";"Cosmétique / dermo";"";"500ml";"";"";"";"hors médicament";"haute"
"CHATEAU ROUGE LAIT ULTRA HYDR/500MLX2 3400937659673";"14000";"Cosmétique / dermo";"";"500ml";"";"";"";"hors médicament";"haute"
"CHATEAU ROUGE SAV NET/RA SAGE PAIN/100G";"4770";"Cosmétique / dermo";"";"100g";"";"";"";"hors médicament";"haute"
"CHATEAU ROUGE SERUM BOOST 30ML";"18400";"Cosmétique / dermo";"";"30ml";"";"";"";"hors médicament";"haute"
"CHATEAU ROUGE SOIN PURIF/30ML";"9795";"Cosmétique / dermo";"";"30ml";"";"";"";"hors médicament";"haute"
"CHATEAU ROUGE SPF50+ FLUID SOLAIR FL/50ML";"13500";"Cosmétique / dermo";"";"50ml";"";"";"";"hors médicament";"haute"
"CHIBRO CADRON COLLYRE FL/5ML";"2025";"Médicament";"Dexamethasone + Neomycine";"5ml";"Collyre";"";"";"identification manuelle (marque)";"moyenne"
"CHIBRO-PROSCAR 5MG COMP.B/28 3400933524845";"13920";"Médicament";"Finasteride";"5mg";"Comprimé";"";"";"identification manuelle (marque)";"moyenne"
"CHIBROXINE COLLYRE FL/5ML";"3135";"Médicament";"Norfloxacine";"5ml";"Collyre";"Liste I";"Antibiotique Antibacterien (Quinolone 2 generation)";"même marque dans la base PHARMACORP";"moyenne"
"CHOCOFER 50MG/0,5MG SP FL/200ML";"3035";"Médicament";"Fer hydroxyde de polymaltose + Acide folique";"50mg/0,5mg";"Sirop";"ST";"Antianemique";"même marque dans la base PHARMACORP";"moyenne"
"CHONDROFLEX GEL B/30";"19410";"Médicament";"Glucosamine + Chondroitine";"";"Gélule";"ST";"Antalgique, Antiinflammatoire";"même marque dans la base PHARMACORP";"moyenne"
"CHONDROGEN 500MG/400MG CPR ENR B/20";"4230";"Médicament";"Glucosamine + Chondroitine";"500mg/400mg";"Comprimé";"ST";"Antalgique, Antiinflammatoire";"même marque dans la base PHARMACORP";"moyenne"
"CHOPHYTOL 200MG COMP B/180 3400939904054";"11400";"Médicament";"Artichaut";"200mg";"Comprimé";"ST";"Cholagogue Choleretique";"même marque dans la base PHARMACORP";"moyenne"
"CHOPHYTOL COMP B/60";"8575";"Médicament";"Artichaut";"";"Comprimé";"ST";"Cholagogue Choleretique";"même marque dans la base PHARMACORP";"moyenne"
"CIBLOR 100/12,5MG SUSP BUV FL/60ML";"4810";"Médicament";"Amoxicilline + Acide clavulanique";"100/12,5mg";"Suspension buvable";"Liste I";"Antibiotique Antibacterien (Penicillines)";"même marque dans la base PHARMACORP";"moyenne"
"CIBLOR 1G/125MG SACHET B/12";"5295";"Médicament";"Amoxicilline + Acide clavulanique";"1g/125mg";"Poudre / sachet";"Liste I";"Antibiotique Antibacterien (Penicillines)";"même marque dans la base PHARMACORP";"moyenne"
"CIBLOR 500/62,5MG SACHET B/12";"3815";"Médicament";"Amoxicilline + Acide clavulanique";"500/62,5mg";"Poudre / sachet";"Liste I";"Antibiotique Antibacterien (Penicillines)";"même marque dans la base PHARMACORP";"moyenne"
"CICABIAFINE BAUME CORPS FL/400ML";"24500";"Cosmétique / dermo";"";"400ml";"";"";"";"hors médicament";"haute"
"CICABIAFINE LAIT CORPS FL/400ML";"17500";"Cosmétique / dermo";"";"400ml";"";"";"";"hors médicament";"haute"
"CICADERMA BIORON POMMADE T/30G 3352712007844";"5635";"";"";"30g";"Crème / pommade";"";"";"non identifié";"à vérifier"
"CICADIANE SOIN REP APAISANT 40ML";"12750";"Cosmétique / dermo";"";"40ml";"";"";"";"hors médicament";"haute"
"CICALFER SIROP FL/200ML";"2775";"Nutrition / complément";"Fer";"200ml";"Sirop";"";"";"identification manuelle (marque)";"moyenne"
"CICAPLAST BAUME B5 100ML";"16565";"Cosmétique / dermo";"";"100ml";"";"";"";"hors médicament";"haute"
"CICATRYL DM PDE SACH DOSE/2G B/10";"7915";"Médicament";"Allantoine + chlorometacresol + gaiazulene + acetate d'alpha tocopherol";"2g";"Poudre / sachet";"ST";"Cicatrisant";"même marque dans la base PHARMACORP";"moyenne"
"CICATRYL PANS ASTUC DOIGT B/30";"7650";"Médicament";"Allantoine + chlorometacresol + gaiazulene + acetate d'alpha tocopherol";"";"";"ST";"Cicatrisant";"même marque dans la base PHARMACORP";"moyenne"
"CICIAN 500MG CPR PELL B/10";"970";"Médicament";"Ciprofloxacine";"500mg";"Comprimé";"Liste I";"Antibiotique Antibacterien (Quinolone 2 generation)";"base PHARMACORP";"haute"
"CICLOVIRAL 200MG COMP,DETAIL";"1165";"Médicament";"Aciclovir";"200mg";"Comprimé";"Liste I";"Antiviral";"même marque dans la base PHARMACORP";"moyenne"
"CICLOVIRAL 200MG CPR B/25";"5955";"Médicament";"Aciclovir";"200mg";"Comprimé";"Liste I";"Antiviral";"même marque dans la base PHARMACORP";"moyenne"
"CICLOVIRAL 400MG CPR B/25";"8040";"Médicament";"Aciclovir";"400mg";"Comprimé";"Liste I";"Antiviral";"même marque dans la base PHARMACORP";"moyenne"
"CICLOVIRAL 400MG DETAIL/5";"1610";"Médicament";"Aciclovir";"400mg";"";"Liste I";"Antiviral";"même marque dans la base PHARMACORP";"moyenne"
"CICLOVIRAL 800MG COMP B/25";"10190";"Médicament";"Aciclovir";"800mg";"Comprimé";"Liste I";"Antiviral";"même marque dans la base PHARMACORP";"moyenne"
"CIELCEF 100MG/5ML SUSP F/60ML";"7440";"Médicament";"Cefixime";"100mg/5ml";"Suspension buvable";"";"";"identification manuelle (marque)";"à vérifier"
"CIELCEF 200MG CPR B/10";"7280";"Médicament";"Cefixime";"200mg";"Comprimé";"Liste I";"Antibiotique Antibacterien (Cephalosporines 3 generation)";"base PHARMACORP";"haute"
"CIELCEF 400MG CPR B/10";"8320";"Médicament";"Cefixime";"400mg";"Comprimé";"Liste I";"Antibiotique Antibacterien (Cephalosporines 3 generation)";"base PHARMACORP";"haute"
"CIELCEF-O 200MG/500MG CPR B/10";"8320";"Médicament";"Cefixime + Ornidazole";"200mg/500mg";"Comprimé";"Liste I";"Antiparasitaire, Antibiotique Antibacterien (Cephalosporines)";"base PHARMACORP";"haute"
"CIELNAC 100MG/500MG CPR B/10";"2495";"Médicament";"Aceclofenac + Paracetamol";"100mg/500mg";"Comprimé";"";"";"identification manuelle (marque)";"moyenne"
"CIELNAC SP 100MG/325MG/15MG CPR B/10";"2775";"Médicament";"Aceclofenac + Paracetamol + Serratiopeptidase";"100mg/325mg/15mg";"Comprimé";"Liste II";"Antalgique, Antipyrétique, Antiinflammatoire non steroidien";"base PHARMACORP";"haute"
"CIELPRAZ 40MG CPR B/10";"2775";"Médicament";"Pantoprazole";"40mg";"Comprimé";"Liste II";"Antiulcereux (IPP)";"base PHARMACORP";"haute"
"CIELPRAZ 40MG INJ B/1";"4160";"Médicament";"Pantoprazole";"40mg";"Injectable";"";"";"identification manuelle (marque)";"à vérifier"
"CIELPRAZ-D 40MG/30MG GEL B/10";"4160";"Médicament";"Pantoprazole + Domperidone";"40mg/30mg";"Crème / pommade / gel";"Liste II";"Antiemetique, Antiulcereux (IPP)";"base PHARMACORP";"haute"
"CIFRAN 500MG COMP B/10";"5160";"Médicament";"Ciprofloxacine";"500mg";"Comprimé";"";"";"identification manuelle (marque)";"moyenne"
"CIFRAN CT COMP B/10";"8430";"Médicament";"Ciprofloxacine + Tinidazole";"";"Comprimé";"";"";"identification manuelle (marque)";"moyenne"
"CIFRAN OD 1G CPR B/10";"11095";"Médicament";"Ciprofloxacine";"1g";"Comprimé";"";"";"identification manuelle (marque)";"moyenne"
"CILENEM 500MG/500MG PDRE PERF B/1";"9705";"Médicament";"Imipenem + Cilastatine";"500mg/500mg";"Injectable";"Liste I";"Antiinfectieux, Antibacterien (Penicillines)";"base PHARMACORP";"haute"
"CILOXAN 0,3% COLLYRE F/5ML";"5005";"Médicament";"Ciprofloxacine";"0,3%";"Collyre";"Liste I";"Antibiotique Antibacterien (Quinolone 2 generation)";"même marque dans la base PHARMACORP";"moyenne"
"CINABAC 250MG CPR B/10";"4785";"Médicament";"Ciprofloxacine";"250mg";"Comprimé";"Liste I";"Antibiotique Antibacterien (Quinolone 2 generation)";"base PHARMACORP";"haute"
"CINABAC 500MG CPR B/10";"5545";"Médicament";"Ciprofloxacine";"500mg";"Comprimé";"Liste I";"Antibiotique Antibacterien (Quinolone 2 generation)";"base PHARMACORP";"haute"
"CINET 10MG CP DISP B/40";"4590";"Médicament";"Domperidone";"10mg";"Comprimé";"Liste II";"Antiemetique";"même marque dans la base PHARMACORP";"moyenne"
"CINET 1MG/ML SUSP BUV F/200ML";"2660";"Médicament";"Domperidone";"1mg";"Suspension buvable";"Liste II";"Antiemetique";"même marque dans la base PHARMACORP";"moyenne"
"CINOD 10MG COMP B/30";"9015";"Médicament";"Cilnidipine";"10mg";"Comprimé";"Liste I";"Antihypertenseur (IC)";"même marque dans la base PHARMACORP";"moyenne"
"CINOD 5MG COMP B/30";"7280";"Médicament";"Cilnidipine";"5mg";"Comprimé";"Liste I";"Antihypertenseur (IC)";"même marque dans la base PHARMACORP";"moyenne"
"CIPLACEF 1G PDRE INJ IM/IV+SOLV F/1";"2775";"Médicament";"Ceftriaxone";"1g";"Injectable";"Liste I";"Antibacterien (Cephalosporines 3 generation), Antibiotique";"même marque dans la base PHARMACORP";"moyenne"
"CIPOTAX 500/600MG CPR B/30";"8320";"Médicament";"Ciprofloxacine chlorhydrate + Tinidazole";"500/600mg";"Comprimé";"Liste I";"Antiparasitaire ( Nitro imidazoles + Quinolone 2 génération), Antibiotique Antibacterien";"même marque dans la base PHARMACORP";"moyenne"
"CIPOTAX 500/600MG CPR PL/10";"2775";"Médicament";"Ciprofloxacine chlorhydrate + Tinidazole";"500/600mg";"Comprimé";"Liste I";"Antiparasitaire ( Nitro imidazoles + Quinolone 2 génération), Antibiotique Antibacterien";"même marque dans la base PHARMACORP";"moyenne"
"CIPRO 0,3% COLL 5ML";"5075";"Médicament";"Ciprofloxacine";"0,3%";"Collyre";"Liste I";"Antibiotique Antibacterien (Quinolone 2 generation)";"même marque dans la base PHARMACORP";"moyenne"
"CIPRO DENK 500MG CPR B/10";"4425";"Médicament";"Ciprofloxacine";"500mg";"Comprimé";"Liste I";"Antibiotique Antibacterien (Quinolone 2 generation)";"même marque dans la base PHARMACORP";"moyenne"
"CIPRO DENK 750MG CPR PELL B/10";"4435";"Médicament";"Ciprofloxacine";"750mg";"Comprimé";"Liste I";"Antibiotique Antibacterien (Quinolone 2 generation)";"même marque dans la base PHARMACORP";"moyenne"
"CIPROAS-TZ 500MG/600MG COMP/20";"5545";"Médicament";"Ciprofloxacine chlorhydrate + Tinidazole";"500mg/600mg";"Comprimé";"Liste I";"Antiparasitaire ( Nitro imidazoles + Quinolone 2 génération), Antibiotique Antibacterien";"même marque dans la base PHARMACORP";"moyenne"
"CIPROCON 0,3% COLLYRE FL/5ML";"1940";"Médicament";"Ciprofloxacine";"0,3%";"Collyre";"Liste I";"Antibiotique Antibacterien (Quinolone 2 generation)";"même marque dans la base PHARMACORP";"moyenne"
"CIPRODAC 500MG CPR B/10";"7350";"Médicament";"Ciprofloxacine";"500mg";"Comprimé";"Liste I";"Antibiotique Antibacterien (Quinolone 2 generation)";"même marque dans la base PHARMACORP";"moyenne"
"CIPRODYNE 250MG CPR B/10";"3470";"Médicament";"Ciprofloxacine";"250mg";"Comprimé";"Liste I";"Antibiotique Antibacterien (Quinolone 2 generation)";"base PHARMACORP";"haute"
"CIPRODYNE 500MG CPR B/10";"5685";"Médicament";"Ciprofloxacine";"500mg";"Comprimé";"Liste I";"Antibiotique Antibacterien (Quinolone 2 generation)";"même marque dans la base PHARMACORP";"moyenne"
"CIPROFLOXACINE BGR 250MG B/12";"3190";"Médicament";"Ciprofloxacine";"250mg";"";"";"";"DCI citée dans la désignation";"moyenne"
"CIPROFLOXACINE BGR 500MG B/12";"3545";"Médicament";"Ciprofloxacine";"500mg";"";"";"";"DCI citée dans la désignation";"moyenne"
"CIPROFLOXACINE KABI 200MG PERF POHCH100ML";"2685";"Médicament";"Ciprofloxacine";"200mg";"Injectable";"";"";"DCI citée dans la désignation";"moyenne"
"CIPROFLOXACINE PAN 200MG INJ COFFRET/10";"24680";"Médicament";"Ciprofloxacine";"200mg";"Injectable";"";"";"DCI citée dans la désignation";"moyenne"
"CIPROFLOXACINE PAN 200MG INJ DETAIL/1";"2470";"Médicament";"Ciprofloxacine";"200mg";"Injectable";"";"";"DCI citée dans la désignation";"moyenne"
"CIPROFLOXACINE UBI 100MG SOL INJ F/50ML";"1970";"Médicament";"Ciprofloxacine";"100mg";"Injectable";"";"";"DCI citée dans la désignation";"moyenne"
"CIPROFLOXACINE UBI 750MG CPR 10 BL 10";"16430";"Médicament";"Ciprofloxacine";"750mg";"Comprimé";"";"";"DCI citée dans la désignation";"moyenne"
"CIPROFLOXACINE UBI 750MG DETAIL";"1625";"Médicament";"Ciprofloxacine";"750mg";"";"";"";"DCI citée dans la désignation";"moyenne"
"CIPROFLOXACINE VIR 250MG CPR PELL B/14";"1720";"Médicament";"Ciprofloxacine";"250mg";"Comprimé";"Liste I";"Antibiotique Antibacterien (Quinolone 2 generation)";"base PHARMACORP";"haute"
"CIPROFLOXACINE VIR 500MG CPR PELL B/14";"2650";"Médicament";"Ciprofloxacine";"500mg";"Comprimé";"Liste I";"Antibiotique Antibacterien (Quinolone 2 generation)";"base PHARMACORP";"haute"
"CIPROLENT XR 1000MG COMP B/10";"4435";"Médicament";"Ciprofloxacine";"1000mg";"Comprimé";"Liste I";"Antibiotique Antibacterien (Quinolone 2 generation)";"même marque dans la base PHARMACORP";"moyenne"
"CIPROLEX-TZ 500MG/600MG CPR PELL B/14";"4855";"Médicament";"Ciprofloxacine chlorhydrate + Tinidazole";"500mg/600mg";"Comprimé";"Liste I";"Antiparasitaire ( Nitro imidazoles + Quinolone 2 génération), Antibiotique Antibacterien";"base PHARMACORP";"haute"
"CIPROMED 500MG CPR B/10";"1665";"Médicament";"Ciprofloxacine";"500mg";"Comprimé";"";"";"identification manuelle (marque)";"moyenne"
"CIPROMED TZ CPR B/10";"3190";"Médicament";"Ciprofloxacine + Tinidazole";"";"Comprimé";"";"";"identification manuelle (marque)";"moyenne"
"CIPRONAT 200MG SOL INJ IV F/100ML";"4160";"Médicament";"Ciprofloxacine";"200mg";"Injectable";"Liste I";"Antibiotique Antibacterien (Quinolone 2 generation)";"même marque dans la base PHARMACORP";"moyenne"
"CIPRONAT 250MG CPR B/14";"2775";"Médicament";"Ciprofloxacine";"250mg";"Comprimé";"Liste I";"Antibiotique Antibacterien (Quinolone 2 generation)";"même marque dans la base PHARMACORP";"moyenne"
"CIPRONAT 500MG CPR B/14";"3330";"Médicament";"Ciprofloxacine";"500mg";"Comprimé";"Liste I";"Antibiotique Antibacterien (Quinolone 2 generation)";"même marque dans la base PHARMACORP";"moyenne"
"CIPRONAT 750MG CPR B/14";"5825";"Médicament";"Ciprofloxacine";"750mg";"Comprimé";"Liste I";"Antibiotique Antibacterien (Quinolone 2 generation)";"même marque dans la base PHARMACORP";"moyenne"
"CIPROX 500MG CPR PELL B/10";"5715";"Médicament";"Ciprofloxacine";"500mg";"Comprimé";"Liste I";"Antibiotique Antibacterien (Quinolone 2 generation)";"même marque dans la base PHARMACORP";"moyenne"
"CIPROZED 750MG CPR B/10";"5545";"Médicament";"Ciprofloxacine";"750mg";"Comprimé";"Liste I";"Antibiotique Antibacterien (Quinolone 2 generation)";"base PHARMACORP";"haute"
"CIPROZOLE FORTE 500/600MG COMP.B/10";"8320";"Médicament";"Ciprofloxacine chlorhydrate + Tinidazole";"500/600mg";"Comprimé";"Liste I";"Antiparasitaire ( Nitro imidazoles + Quinolone 2 génération), Antibiotique Antibacterien";"même marque dans la base PHARMACORP";"moyenne"
"CIPROZOLE FORTE 500MG/600MG CPR B/20";"7625";"Médicament";"Ciprofloxacine chlorhydrate + Tinidazole";"500mg/600mg";"Comprimé";"Liste I";"Antiparasitaire ( Nitro imidazoles + Quinolone 2 génération), Antibiotique Antibacterien";"base PHARMACORP";"haute"
"CIPTIN 250MG CPR B/10";"1860";"Médicament";"Ciprofloxacine chlorhydrate + Tinidazole";"250mg";"Comprimé";"Liste I";"Antiparasitaire ( Nitro imidazoles + Quinolone 2 génération), Antibiotique Antibacterien";"même marque dans la base PHARMACORP";"moyenne"
"CIPTIN FORTE 500/600MG CPR B/10";"3135";"Médicament";"Ciprofloxacine chlorhydrate + Tinidazole";"500/600mg";"Comprimé";"Liste I";"Antiparasitaire ( Nitro imidazoles + Quinolone 2 génération), Antibiotique Antibacterien";"même marque dans la base PHARMACORP";"moyenne"
"CISTANCHE BIO NATUREO PACK DE 50G";"4000";"Nutrition / complément";"";"50g";"";"";"";"hors médicament";"haute"
"CITAL LIQUIDE 1,37G/5ML SOL BUV F/100ML";"4270";"Médicament";"Citrate d'hydrogene disodique";"1,37g/5mL";"Sirop / solution buvable";"Liste I";"Alcalinisant urinaire";"base PHARMACORP";"haute"
"CITINEX 500MG/600MG CPR PELL B/30";"8595";"";"";"500mg/600mg";"Comprimé";"";"";"non identifié";"à vérifier"
"CITRATE BETAINE UPSA 2G SS CPR EFFV T/20";"3910";"Médicament";"Citrate de betaine";"2g";"Suspension buvable";"";"";"identification manuelle (marque)";"moyenne"
"CLAIRISSIME CR ECLAIR AF 50ML";"4800";"Cosmétique / dermo";"";"50ml";"Crème / pommade";"";"";"hors médicament";"haute"
"CLAIRISSIME CR ECLAIR UBIGUINONE/50ML";"4150";"Cosmétique / dermo";"";"50ml";"Crème / pommade";"";"";"hors médicament";"haute"
"CLAIRISSIME GOLD CREME ECLAIR POT/50ML";"7600";"Cosmétique / dermo";"";"50ml";"Crème / pommade";"";"";"hors médicament";"haute"
"CLAIRISSIME GOLD GEL DOUCH EXFOLIAN F/1L";"11000";"Cosmétique / dermo";"";"";"Gel";"";"";"hors médicament";"haute"
"CLAIRISSIME GOLD LAIT ECLAIR FL/500ML";"11600";"Cosmétique / dermo";"";"500ml";"";"";"";"hors médicament";"haute"
"CLAIRISSIME GOLD LOT TONIQ ECLAI FL/200ML";"8200";"Cosmétique / dermo";"";"200ml";"";"";"";"hors médicament";"haute"
"CLAIRISSIME GOLD SERUM ECLAIRIC FL/50ML";"5500";"Cosmétique / dermo";"";"50ml";"";"";"";"hors médicament";"haute"
"CLAIRISSIME HYDR.CORP KARITE 500ML";"7595";"Cosmétique / dermo";"";"500ml";"";"";"";"hors médicament";"haute"
"CLAIRISSIME LAIT CORP HYDRAT F/500ML";"7590";"Cosmétique / dermo";"";"500ml";"";"";"";"hors médicament";"haute"
"CLAIRISSIME LAIT ECLAI JAUNE AF F/500ML";"7590";"Cosmétique / dermo";"";"500ml";"";"";"";"hors médicament";"haute"
"CLAIRISSIME LAIT ECLAIR SK F/500ML";"7795";"Cosmétique / dermo";"";"500ml";"";"";"";"hors médicament";"haute"
"CLAIRISSIME LAIT ECLAIR UBIQUINONE/500ML";"8355";"Cosmétique / dermo";"";"500ml";"";"";"";"hors médicament";"haute"
"CLAIRISSIME LOTION ECLAIRCIS Q10 FL/200ML";"7390";"Cosmétique / dermo";"";"200ml";"";"";"";"hors médicament";"haute"
"CLAIRISSIME LT HYD COCO F/500ML";"4500";"Cosmétique / dermo";"";"500ml";"";"";"";"hors médicament";"haute"
"CLAIRISSIME SAV GOMMANT ECLAIRC PAIN 200G";"5000";"Cosmétique / dermo";"";"200g";"";"";"";"hors médicament";"haute"
"CLAIRISSIME SERUM ECLAIR UBIQUINONE";"3600";"Cosmétique / dermo";"";"";"";"";"";"hors médicament";"haute"
"CLAMOXYL 1G COMP DISP B/12";"4230";"Médicament";"Amoxicilline";"1g";"Comprimé";"Liste I";"Antibiotique Antibacterien (Penicillines)";"même marque dans la base PHARMACORP";"moyenne"
"CLAMOXYL 500MG GELULE B/12";"1720";"Médicament";"Amoxicilline";"500mg";"Gélule";"Liste I";"Antibiotique Antibacterien (Penicillines)";"même marque dans la base PHARMACORP";"moyenne"
"CLAMOXYL 500MG PDRE SIR FL/60ML";"1985";"Médicament";"Amoxicilline";"500mg";"Sirop";"Liste I";"Antibiotique Antibacterien (Penicillines)";"même marque dans la base PHARMACORP";"moyenne"
"CLAMP DE BAR OMBILICAL 110MMX67MM/1";"825";"Dispositif médical / consommable";"";"";"Injectable";"";"";"hors médicament";"haute"
"CLANOXY 500/125MG COMP B/10";"3190";"Médicament";"Amoxicilline + Acide clavulanique";"500/125mg";"Comprimé";"Liste I";"Antibiotique Antibacterien (Penicillines)";"même marque dans la base PHARMACORP";"moyenne"
"CLANOXYL 200/28.5MG SUSP BUV F/100ML";"4645";"Médicament";"Amoxicilline + Acide clavulanique";"200/28.5mg";"Suspension buvable";"";"";"identification manuelle (marque)";"moyenne"
"CLARICIN 500MG CPR PELL B/14";"8320";"Médicament";"Clarithromycine";"500mg";"Comprimé";"Liste I";"Antibacterien, Antiinfectieux, Antibacterien (Macrolides)";"base PHARMACORP";"haute"
"CLARIE OD 500MG CPR B/7";"4960";"Médicament";"Clarithromycine";"500mg";"Comprimé";"Liste I";"Antibacterien, Antiinfectieux, Antibacterien (Macrolides)";"base PHARMACORP";"haute"
"CLARITHRO BGR 500MG COMP B10";"6990";"Médicament";"Clarithromycine";"500mg";"Comprimé";"";"";"DCI citée dans la désignation";"moyenne"
"CLARITHROMYCINE BIOG 250MG CPR PELL B/10";"3995";"Médicament";"Clarithromycine";"250mg";"Comprimé";"Liste I";"Antibacterien, Antiinfectieux, Antibacterien (Macrolides)";"base PHARMACORP";"haute"
"CLARITHROMYCINE BIOG 500MG CPR PELL B/10";"6990";"Médicament";"Clarithromycine";"500mg";"Comprimé";"Liste I";"Antibacterien, Antiinfectieux, Antibacterien (Macrolides)";"base PHARMACORP";"haute"
"CLARITHROMYCINE VIR 500MG COMP B/14";"5340";"Médicament";"Clarithromycine";"500mg";"Comprimé";"";"";"DCI citée dans la désignation";"moyenne"
"CLARITRON 500MG CPR B/10";"8250";"Médicament";"Clarithromycine";"500mg";"Comprimé";"Liste I";"Antibacterien, Antiinfectieux, Antibacterien (Macrolides)";"même marque dans la base PHARMACORP";"moyenne"
"CLARITYNE 10MG COMP B/10";"4435";"Médicament";"Loratadine";"10mg";"Comprimé";"Liste II";"Antihistaminique, Antiallergique (H1)";"même marque dans la base PHARMACORP";"moyenne"
"CLARIVA 250MG COMP.B/14";"6100";"Médicament";"Clarithromycine";"250mg";"Comprimé";"Liste I";"Antibacterien, Antiinfectieux, Antibacterien (Macrolides)";"même marque dans la base PHARMACORP";"moyenne"
"CLARIVA 500MG CPR B/14";"10540";"Médicament";"Clarithromycine";"500mg";"Comprimé";"Liste I";"Antibacterien, Antiinfectieux, Antibacterien (Macrolides)";"même marque dans la base PHARMACORP";"moyenne"
"CLARIX 2% EXPECT ENF SIROP FL/150ML";"3425";"Médicament";"Carbocysteine";"2%";"Sirop";"ST";"Antitussif, Expectorant";"même marque dans la base PHARMACORP";"moyenne"
"CLARTEC 10MG CPR B/15";"3465";"Médicament";"Loratadine";"10mg";"Comprimé";"Liste II";"Antihistaminique, Antiallergique (H1)";"même marque dans la base PHARMACORP";"moyenne"
"CLARTEC 10MG CPR B/30";"4785";"Médicament";"Loratadine";"10mg";"Comprimé";"Liste II";"Antihistaminique, Antiallergique (H1)";"même marque dans la base PHARMACORP";"moyenne"
"CLARTEC 5MG/5ML SP FL/120ML";"3465";"Médicament";"Loratadine";"5mg/5mL";"Injectable";"Liste II";"Antihistaminique, Antiallergique (H1)";"base PHARMACORP";"haute"
"CLAVADEC 1G/125MG PDRE SUSP BUV SACH B/16";"8030";"Médicament";"Amoxicilline + Acide clavulanique";"1g/125mg";"Suspension buvable";"Liste I";"Antibiotique Antibacterien (Penicillines)";"même marque dans la base PHARMACORP";"moyenne"
"CLAVADEC 500/100MG PDRE INJ F/1+SOL";"2525";"Médicament";"Amoxicilline + Acide clavulanique";"500/100mg";"Injectable";"Liste I";"Antibiotique Antibacterien (Penicillines)";"même marque dans la base PHARMACORP";"moyenne"
"CLAVADEC 500/62,5MG PDRE SUSP SACH B/16";"7555";"Médicament";"Amoxicilline + Acide clavulanique";"500mg/62,5mg";"Sirop / solution buvable";"Liste I";"Antibiotique Antibacterien (Penicillines)";"base PHARMACORP";"haute"
"CLAVADEC ENF 281,25MG/5ML PDR BUV F/60ML";"2525";"Médicament";"Amoxicilline + Acide clavulanique";"250mg/31,25mg";"Sirop / solution buvable";"Liste I";"Antibiotique Antibacterien (Penicillines)";"base PHARMACORP";"haute"
"CLAVICIN 1,2G PDRE INJ B/1";"2470";"Médicament";"Amoxicilline + Acide clavulanique";"1,2g";"Injectable";"Liste I";"Antibiotique Antibacterien (Penicillines)";"même marque dans la base PHARMACORP";"moyenne"
"CLAVICIN 400MG/57MG/5ML SOL BUV F/70ML";"4160";"Médicament";"Amoxicilline + Acide clavulanique";"400mg/57mg/5mL";"Sirop / solution buvable";"Liste I";"Antibiotique Antibacterien (Penicillines)";"base PHARMACORP";"haute"
"CLAVICIN XR 1G CPR B/10";"4855";"Médicament";"Amoxicilline + Acide clavulanique";"1g";"Comprimé";"Liste I";"Antibiotique Antibacterien (Penicillines)";"même marque dans la base PHARMACORP";"moyenne"
"CLAVISAC PDRE 1G/125MG B/12";"5545";"Médicament";"Amoxicilline + Acide clavulanique";"1g/125mg";"Poudre / sachet";"Liste I";"Antibiotique Antibacterien (Penicillines)";"même marque dans la base PHARMACORP";"moyenne"
"CLAVUJECT 1,2G INJ B/1";"2495";"Médicament";"Amoxicilline + Acide clavulanique";"1000mg/200mg";"Injectable";"Liste I";"Antibiotique Antibacterien (Penicillines)";"base PHARMACORP";"haute"
"CLAVUMOCCID 100/12,5MG/ML PDRE BUV/60ML/2";"7000";"Médicament";"Amoxicilline + Acide clavulanique";"100/12,5mg";"Poudre / sachet";"Liste I";"Antibiotique Antibacterien (Penicillines)";"même marque dans la base PHARMACORP";"moyenne"
"CLAVUMOCCID 1G CPR B/10";"6240";"Médicament";"Amoxicilline + Acide clavulanique";"1g";"Comprimé";"Liste I";"Antibiotique Antibacterien (Penicillines)";"même marque dans la base PHARMACORP";"moyenne"
"CLAVUMOCCID 1G/125MG CPR B/20";"9015";"Médicament";"Amoxicilline + Acide clavulanique";"1g/125mg";"Comprimé";"Liste I";"Antibiotique Antibacterien (Penicillines)";"même marque dans la base PHARMACORP";"moyenne"
"CLAVUMOCCID 1G/125MG PDRE BUV SACH/10";"7210";"Médicament";"Amoxicilline + Acide clavulanique";"1g/125mg";"Sirop / solution buvable";"Liste I";"Antibiotique Antibacterien (Penicillines)";"base PHARMACORP";"haute"
"CLAVUMOCCID 500/62,5MG PDRE BUV SACH/20";"8235";"Médicament";"Amoxicilline + Acide clavulanique";"500mg/62,5mg";"Sirop / solution buvable";"Liste I";"Antibiotique Antibacterien (Penicillines)";"base PHARMACORP";"haute"
"CLAVUMOCCID 500MG CPR B/12";"4435";"Médicament";"Amoxicilline + Acide clavulanique";"500mg/62,5mg";"Comprimé";"Liste I";"Antibiotique Antibacterien (Penicillines)";"base PHARMACORP";"haute"
"CLAVUSUN PEDIATRIQUE FL/100ML";"5115";"Médicament";"Amoxicilline + Acide clavulanique";"100ml";"";"Liste I";"Antibiotique Antibacterien (Penicillines)";"même marque dans la base PHARMACORP";"moyenne"
"CLEANTRACT-S PDR SACH B/10";"3765";"";"";"";"Poudre / sachet";"";"";"non identifié";"à vérifier"
"CLEDOMOX 1G/125MG CPR PELL B/16";"7625";"Médicament";"Amoxicilline + Acide clavulanique";"1g/125mg";"Comprimé";"Liste I";"Antibiotique Antibacterien (Penicillines)";"base PHARMACORP";"haute"
"CLEDOMOX ENF 562,5MG/5ML SUSP BUV F/60ML";"4990";"Médicament";"Amoxicilline + Acide clavulanique";"500mg/62,5mg";"Sirop / solution buvable";"Liste I";"Antibiotique Antibacterien (Penicillines)";"base PHARMACORP";"haute"
"CLIGANIC HUILE ARGAN FL/120ML";"10000";"Cosmétique / dermo";"";"120ml";"";"";"";"hors médicament";"haute"
"CLIP+CHAINETTE MOUTON LUC&LEA ANN SPLE/1";"3465";"Dispositif médical / consommable";"";"";"";"";"";"hors médicament";"haute"
"CLIVON HYG INT F/250ML";"9345";"Médicament";"Mimosa tenuiflora + Avena sativa + Huile de pepins de raisin + Acide lactique + Acide pyruvique";"multidosage";"Autre";"ST";"Antiseptique";"base PHARMACORP";"haute"
"CLIVON HYG INTIM F/150ML";"5760";"Hygiène";"";"150ml";"";"";"";"hors médicament";"haute"
"CLOBEN-G CR DERM T/15G";"4160";"Médicament";"Beclometasone + Neomycine + Clotrimazole";"0,025%/1 %/0,5 %";"Crème / pommade / gel";"Liste I";"Antifongique, Antiinflammatoire steroidien, Antibiotique";"base PHARMACORP";"haute"
"CLOBEX 0.05% CREME T/30G";"1665";"Médicament";"Clobetasol";"0.05%";"Crème / pommade";"Liste I";"Antiinflammatoire steroidien, Dermocorticoide";"même marque dans la base PHARMACORP";"moyenne"
"CLOBRIL BG CREME T/20G";"2775";"Médicament";"Clotrimazole";"20g";"Crème / pommade";"Liste I";"Antifongique, Antimycosique";"même marque dans la base PHARMACORP";"moyenne"
"CLOFAINS 500MG/50MG CPR B/10";"1305";"Médicament";"Paracetamol + diclofenac";"500mg/50mg";"Comprimé";"Liste II";"Antalgique, Antipyrétique, Antiinflammatoire non steroidien";"même marque dans la base PHARMACORP";"moyenne"
"CLOMED CREME T/30G";"1985";"Médicament";"Clobetasol";"30g";"Crème / pommade";"Liste I";"Antiinflammatoire steroidien, Dermocorticoide";"même marque dans la base PHARMACORP";"moyenne"
"CLOMED POMMADE T/30G";"1985";"Médicament";"Clobetasol";"30g";"Crème / pommade";"Liste I";"Antiinflammatoire steroidien, Dermocorticoide";"même marque dans la base PHARMACORP";"moyenne"
"CLOMID 50MG CPR BT 10";"7820";"Médicament";"Clomifene citrate";"50mg";"Comprimé";"Liste I";"Inducteur de l'ovulation";"même marque dans la base PHARMACORP";"moyenne"
"CLOMID 50MG CPR BT 5";"3965";"Médicament";"Clomifene citrate";"50mg";"Comprimé";"Liste I";"Inducteur de l'ovulation";"même marque dans la base PHARMACORP";"moyenne"
"CLOMIFENE IG 50MG CPR B/10";"4230";"Médicament";"Clomifene citrate";"50mg";"Comprimé";"Liste I";"Inducteur de l'ovulation";"base PHARMACORP";"haute"
"CLOMIFEX 50MG CPR B/10";"5545";"Médicament";"Clomifene citrate";"50mg";"Comprimé";"Liste I";"Inducteur de l'ovulation";"base PHARMACORP";"haute"
"CLOMIGEN 50MG CPR B/10";"5545";"Médicament";"Clomifene citrate";"50mg";"Comprimé";"Liste I";"Inducteur de l'ovulation";"même marque dans la base PHARMACORP";"moyenne"
"CLOMILEN 50MG COMP B/10";"2220";"Médicament";"Clomifene citrate";"50mg";"Comprimé";"Liste I";"Inducteur de l'ovulation";"même marque dans la base PHARMACORP";"moyenne"
"CLOPI-DENK 75MG CPR B/30";"9015";"Médicament";"Clopidogrel";"75mg";"Comprimé";"Liste I";"Antiagregant plaquettaire";"même marque dans la base PHARMACORP";"moyenne"
"CLOPIDOGREL GH 75MG CPR B/30";"11090";"Médicament";"Clopidogrel";"75mg";"Comprimé";"";"";"DCI citée dans la désignation";"moyenne"
"CLOPIDOGREL IG 75MG COMP B/30";"9385";"Médicament";"Clopidogrel";"75mg";"Comprimé";"";"";"DCI citée dans la désignation";"moyenne"
"CLORENA 1% CREME T/30G";"1580";"Médicament";"Clotrimazole";"1%";"Crème / pommade";"";"";"identification manuelle (marque)";"à vérifier"
"CLOTREX CREME T/30G";"1665";"Médicament";"Clotrimazole";"30g";"Crème / pommade";"Liste I";"Antifongique, Antimycosique";"même marque dans la base PHARMACORP";"moyenne"
"CLOTRI DENK 1% CR T/20G";"2010";"Médicament";"Clotrimazole";"1%";"Crème / pommade";"Liste I";"Antifongique, Antimycosique";"même marque dans la base PHARMACORP";"moyenne"
"CLOTRI DENK 100MG CPR VAG B/6";"2230";"Médicament";"Clotrimazole";"100mg";"Comprimé";"Liste I";"Antifongique, Antimycosique";"même marque dans la base PHARMACORP";"moyenne"
"CLOTRIMAZOLE IG 200MG OVULES B/3";"2385";"Médicament";"Clotrimazole";"200mg";"Suppositoire / ovule";"Liste I";"Antifongique, Antimycosique";"base PHARMACORP";"haute"
"CLOTRIMAZOLE UBI CREME 1% T/20G";"1040";"Médicament";"Clotrimazole";"1%";"Crème / pommade";"";"";"DCI citée dans la désignation";"moyenne"
"CLOVACAINE SOL APPL LOCALE BUCCALE FL/15M";"1260";"Médicament";"Lignocaine + Huile de geranium + Huile de clove";"";"";"ST";"Antiseptique";"même marque dans la base PHARMACORP";"moyenne"
"CLOVIREX 5% CREME T/15G";"2775";"Médicament";"Aciclovir";"5%";"Crème / pommade";"Liste I";"Antiviral";"même marque dans la base PHARMACORP";"moyenne"
"CO ALGESIC 500/30MG CPR PELL SEC B/16";"1915";"Médicament";"Paracetamol + Codeine";"500mg/30mg";"Comprimé";"Liste I";"Antalgique, Antipyrétique";"base PHARMACORP";"haute"
"CO AMSTAN 10/160/12,5MG COMP B/30";"13170";"Médicament";"Amlodipine + Hydrochlorothiazide + Valsartan";"10/160/12,5mg";"Comprimé";"Liste I";"Antihypertenseur (IC + DT + ARAII)";"même marque dans la base PHARMACORP";"moyenne"
"CO AMSTAN 10/160/25MG COMP B/30";"13450";"Médicament";"Amlodipine + Hydrochlorothiazide + Valsartan";"10/160/25mg";"Comprimé";"Liste I";"Antihypertenseur (IC + DT + ARAII)";"même marque dans la base PHARMACORP";"moyenne"
"CO ARTESIANE 180/1080MG PDRE SUSP F/60ML";"2425";"Médicament";"Artemether + Lumefantrine";"180/1080mg";"Suspension buvable";"Liste I";"Antipaludique";"même marque dans la base PHARMACORP";"moyenne"
"CO ARTESIANE 360/2160MG PDRE SUSP F/120ML";"4715";"Médicament";"Artemether + Lumefantrine";"360/2160mg";"Suspension buvable";"Liste I";"Antipaludique";"même marque dans la base PHARMACORP";"moyenne"
"CO AVAZIR 0,3%/0,1%/ML COLL GTTE F/5ML";"1690";"Médicament";"Tobramycine + dexamethasone";"0,3%";"Collyre";"Liste I";"Antiinflammatoire steroidien, Antibiotique Antibacterien";"même marque dans la base PHARMACORP";"moyenne"
"CO-ARINATE AD CPR B/3";"3050";"Médicament";"Artesunate + Amodiaquine";"";"Comprimé";"";"";"identification manuelle (marque)";"moyenne"
"CO-ARINATE ENF CPR B/3";"2495";"Médicament";"Artesunate + Amodiaquine";"";"Comprimé";"";"";"identification manuelle (marque)";"moyenne"
"CO-AVAZIR PDE OPHTALM. T/5G";"3260";"Médicament";"Tobramycine + dexamethasone";"5g";"";"Liste I";"Antiinflammatoire steroidien, Antibiotique Antibacterien";"même marque dans la base PHARMACORP";"moyenne"
"CO-MEDZAR 50MG/12,5MG CPR PELL SEC B/28";"8735";"Médicament";"Losartan potassium + Hydrochlorothiazide";"50mg/12,5mg";"Comprimé";"Liste I";"Antihypertenseur (ARAII + DT)";"base PHARMACORP";"haute"
"CO-MEDZAR FORT100/25MG CPR PELL SEC B/28";"9925";"Médicament";"Losartan potassium + Hydrochlorothiazide";"100mg/25mg";"Comprimé";"Liste I";"Antihypertenseur (ARAII + DT)";"base PHARMACORP";"haute"
"CO-ORIXO 200MG/500MG CPR B/10";"5545";"Médicament";"Ofloxacine + Ornidazole";"200mg/500mg";"Comprimé";"";"";"identification manuelle (marque)";"moyenne"
"CO-RENITEC 20/12,5MG CPR B/28";"4245";"Médicament";"Enalapril + Hydrochlorothiazide";"20mg/12,5mg";"Comprimé";"Liste I";"Antihypertenseur (IEC + DT)";"base PHARMACORP";"haute"
"COAPROVEL 150/12,5MG CPR PELL B/25";"19230";"Médicament";"Irbesartan + Hydrochlorothiazide";"150/12,5mg";"Comprimé";"Liste I";"Antihypertenseur (ARAII + DT)";"même marque dans la base PHARMACORP";"moyenne"
"COAPROVEL 300/12,5MG CPR PELL B/30 3582911100880";"19965";"Médicament";"Irbesartan + Hydrochlorothiazide";"300/12,5mg";"Comprimé";"Liste I";"Antihypertenseur (ARAII + DT)";"même marque dans la base PHARMACORP";"moyenne"
"COAPROVEL 300/25 COMP.B/30";"8110";"Médicament";"Irbesartan + Hydrochlorothiazide";"";"Comprimé";"Liste I";"Antihypertenseur (ARAII + DT)";"même marque dans la base PHARMACORP";"moyenne"
"COARTEM 20/120MG CPR DIDP B/12 I08";"2080";"Médicament";"Artemether + Lumefantrine";"20/120mg";"Comprimé";"Liste I";"Antipaludique";"même marque dans la base PHARMACORP";"moyenne"
"COARTEM 20/120MG CPR DISP B/6 I08";"1190";"Médicament";"Artemether + Lumefantrine";"20/120mg";"Comprimé";"Liste I";"Antipaludique";"même marque dans la base PHARMACORP";"moyenne"
"COARTEM 80/480MG CPR B/6";"3760";"Médicament";"Artemether + Lumefantrine";"80/480mg";"Comprimé";"Liste I";"Antipaludique";"même marque dans la base PHARMACORP";"moyenne"
"COCHON POMMADE KERATOLYTIQ T/10G";"2910";"Médicament";"Acide salicylique";"10g";"Crème / pommade";"ST";"Antiseptique oculaire, Coricide";"même marque dans la base PHARMACORP";"moyenne"
"COCHON VERNIS FILM PROT 10ML";"10535";"Cosmétique / dermo";"";"10ml";"";"";"";"hors médicament (filtre)";"moyenne"
"CODOLIPRANE 400/20MG AD CPR SEC B/16";"2260";"Médicament";"Paracetamol + Codeine";"400/20mg";"Comprimé";"Liste I";"Antalgique, Antipyrétique";"même marque dans la base PHARMACORP";"moyenne"
"COFANTRINE 180/1080MG SUSP BUV F/60ML";"2705";"Médicament";"Artemether + Lumefantrine";"180/1080mg";"Suspension buvable";"Liste I";"Antipaludique";"même marque dans la base PHARMACORP";"moyenne"
"COFANTRINE 20/120MG CPR B/24";"1805";"Médicament";"Artemether + Lumefantrine";"20/120mg";"Comprimé";"Liste I";"Antipaludique";"même marque dans la base PHARMACORP";"moyenne"
"COFANTRINE 20/120MG CPR DISP B/6";"1110";"Médicament";"Artemether + Lumefantrine";"20/120mg";"Comprimé";"Liste I";"Antipaludique";"même marque dans la base PHARMACORP";"moyenne"
"COFANTRINE AD 80/480MG CPR B/6";"2705";"Médicament";"Artemether + Lumefantrine";"80/480mg";"Comprimé";"Liste I";"Antipaludique";"même marque dans la base PHARMACORP";"moyenne"
"COFFET FRANCE LAIT 2 AGE 400GX2";"9690";"Nutrition / complément";"";"400g";"";"";"";"hors médicament";"haute"
"COFFET FRANCE LAIT 3 AGE 400GX2";"9590";"Nutrition / complément";"";"400g";"";"";"";"hors médicament";"haute"
"COFFRET FRANCE LAIT CONFORT 2AGE 400GX2";"10170";"Nutrition / complément";"";"400g";"";"";"";"hors médicament";"haute"
"COLCHICINE 1MG COMP.SEC B/30";"3830";"Médicament";"Colchicine";"1mg";"Comprimé";"";"";"DCI citée dans la désignation";"moyenne"
"COLCHICINE OPOCALCIUM 1MG CPR B/20";"2550";"Médicament";"Colchicine";"1mg";"Comprimé";"";"";"DCI citée dans la désignation";"moyenne"
"COLCHIMAX CP SEC B/20";"4310";"Médicament";"Colchicine + Tiemonium methylsulfate + Opium poudre";"";"Comprimé";"Liste I";"Antigoutteux";"même marque dans la base PHARMACORP";"moyenne"
"COLDEX 500/30/5/2MG COMP B/100";"7920";"Médicament";"Paracetamol + Cafeine + Phenylephrine + Chlorphenamine";"500/30/5/2mg";"Comprimé";"";"";"identification manuelle (marque)";"moyenne"
"COLDEX 500/30/5/2MG DETAIL POCH/4 COMP";"325";"Médicament";"Paracetamol + Cafeine + Phenylephrine + Chlorphenamine";"500/30/5/2mg";"Comprimé";"";"";"identification manuelle (marque)";"moyenne"
"COLDEX COMP B/4";"325";"Médicament";"Paracetamol + Cafeine + Phenylephrine + Chlorphenamine";"";"Comprimé";"";"";"identification manuelle (marque)";"moyenne"
"COLDEX SIROP F/100ML";"1385";"Médicament";"Dexthromethorphane + Chlorpheniramine + Pseudoephedrine + Glyceryl guaiacolate";"10mg/1,25mg/30mg/50mg";"Sirop / solution buvable";"Liste II";"Antihistaminique, Antitussif";"base PHARMACORP";"haute"
"COLDKLIN PLUS SIROP F/100ML";"2080";"Médicament";"Paracetamol + Phenylephrine + Chlorphenamine";"NR";"Sirop / solution buvable";"ST";"Decongestif nasal, Antigrippal";"base PHARMACORP";"haute"
"COLICACIP 0,3% COLLYRE F/5ML";"1270";"Médicament";"Ciprofloxacine";"0,3%";"Collyre";"Liste I";"Antibiotique Antibacterien (Quinolone 2 generation)";"même marque dans la base PHARMACORP";"moyenne"
"COLINIL GTTES BUV FL/15ML";"2080";"Médicament";"Simethicone+ Huile d'aneth + Huile de fenouil";"15ml";"Gouttes";"ST";"Antiflatulent";"même marque dans la base PHARMACORP";"moyenne"
"COLLAGEN MARIN NATUREO 50G";"5000";"Nutrition / complément";"";"50g";"Collyre";"";"";"hors médicament";"haute"
"COLLAGEN MARIN PLUS NATUREO B/500G";"45000";"Nutrition / complément";"";"500g";"Collyre";"";"";"hors médicament";"haute"
"COLLAGEN NUTRITION GEEKS GLOW UP 420G";"25000";"Nutrition / complément";"";"420g";"Collyre";"";"";"hors médicament";"haute"
"COLLAGENE PURE POT/240G 8718836396465";"28000";"Nutrition / complément";"";"240g";"Collyre";"";"";"hors médicament";"haute"
"COLLECTEUR URINE LABELL 2L SACH/1";"910";"Dispositif médical / consommable";"";"";"Collyre";"";"";"hors médicament";"haute"
"COLLUDOL COLLUT ATOM/30ML";"3995";"Médicament";"Lidocaine chlorhydrate + Hexamidine Di-Isetionate";"200mg/100mg";"Collyre / ORL";"ST";"Antalgique, Antiseptique";"base PHARMACORP";"haute"
"COLLYRE LAITER BLEU FL/10ML";"2605";"Médicament";"Methylthioninium hydroxyde + nitrate de naphazoline";"10ml";"Collyre";"Liste II";"Antiseptique oculaire";"même marque dans la base PHARMACORP";"moyenne"
"COLOSAR DENK 100/12,5MG CPR B/28";"9015";"Médicament";"Losartan potassium + Hydrochlorothiazide";"100/12,5mg";"Comprimé";"Liste I";"Antihypertenseur (ARAII + DT)";"même marque dans la base PHARMACORP";"moyenne"
"COLOSAR DENK 50/12,5MG CPR B/28";"5545";"Médicament";"Losartan potassium + Hydrochlorothiazide";"50/12,5mg";"Comprimé";"Liste I";"Antihypertenseur (ARAII + DT)";"même marque dans la base PHARMACORP";"moyenne"
"COLOSAR MEDIS 50/12,5 CPR B/30";"8180";"Médicament";"Losartan potassium + Hydrochlorothiazide";"";"Comprimé";"Liste I";"Antihypertenseur (ARAII + DT)";"même marque dans la base PHARMACORP";"moyenne"
"COLPOTROPHINE CAPS GYNEO B/20";"5420";"Médicament";"Promestriene";"";"Gélule";"Liste II";"Estrogene";"même marque dans la base PHARMACORP";"moyenne"
"COMB0DART 0.5/0.4MG GELULE B/30";"21840";"Médicament";"Dutasteride + Tamsulosine";"0.5/0.4mg";"Gélule";"";"";"identification manuelle (marque)";"moyenne"
"COMBANTRIN SUSP BUV FL/15ML";"2510";"Médicament";"Pyrantel";"15ml";"Suspension buvable";"";"";"identification manuelle (marque)";"moyenne"
"COMBIART 15MG/90MG/5ML SUSP BUV F/60ML";"2495";"Médicament";"Artemether + Lumefantrine";"15mg/90mg/5mL";"Sirop / solution buvable";"Liste I";"Antipaludique";"base PHARMACORP";"haute"
"COMBIART 20/120MG CPR B/24";"2705";"Médicament";"Artemether + Lumefantrine";"20mg/120mg";"Comprimé";"Liste I";"Antipaludique";"base PHARMACORP";"haute"
"COMBIART 80/480MG SACHET B/6";"4855";"Médicament";"Artemether + Lumefantrine";"80/480mg";"Poudre / sachet";"Liste I";"Antipaludique";"même marque dans la base PHARMACORP";"moyenne"
"COMBIART 80MG/480MG CPR SEC B/6";"2775";"Médicament";"Artemether + Lumefantrine";"80mg/480mg";"Comprimé";"Liste I";"Antipaludique";"base PHARMACORP";"haute"
"COMBIART DT 40/240MG COMP B/6";"2080";"Médicament";"Artemether + Lumefantrine";"40/240mg";"Comprimé";"Liste I";"Antipaludique";"même marque dans la base PHARMACORP";"moyenne"
"COMBIART DT 60/360MG COMP B/6";"2360";"Médicament";"Artemether + Lumefantrine";"60/360mg";"Comprimé";"Liste I";"Antipaludique";"même marque dans la base PHARMACORP";"moyenne"
"COMBIBROL 250MG/200MG SUSP BUV F/100ML";"4505";"Médicament";"Diloxanide furoate + Metronidazole";"250mg/200mg";"Sirop / solution buvable";"Liste I";"Antiinfectieux, Antiparasitaire, Antiparasitaire (Amibicide + Nitro imidazoles)";"base PHARMACORP";"haute"
"COMBIFRINIL 250MG COMP B/3";"1870";"Médicament";"Pyrantel";"250mg";"Comprimé";"Liste II";"Antiparasitaire, Antihelminthique";"même marque dans la base PHARMACORP";"moyenne"
"COMBIFRINIL SUSP BUV FL/15ML";"2010";"Médicament";"Pyrantel";"50mg/mL";"Sirop / solution buvable";"Liste II";"Antiparasitaire, Antihelminthique";"base PHARMACORP";"haute"
"COMBIMAL CPR B/3";"600";"Médicament";"Sulfadoxine + Pyrimethamine";"500mg/25mg";"Comprimé";"Liste I";"Antipaludique";"base PHARMACORP";"haute"
"COMPRES NON-TISSE STER LABELL 10X10X20";"1475";"Dispositif médical / consommable";"";"";"Comprimé";"";"";"hors médicament";"haute"
"COMPRES NON-TISSE STER LABELL 7.5X7.5B/20";"1130";"Dispositif médical / consommable";"";"";"Comprimé";"";"";"hors médicament";"haute"
"COMPRESS STER.LABELL 20X20 B/10";"715";"Dispositif médical / consommable";"";"";"Comprimé";"";"";"hors médicament";"haute"
"COMPRESS STER.LABELL 30X30X10";"1050";"Dispositif médical / consommable";"";"";"Comprimé";"";"";"hors médicament";"haute"
"COMPRESS STERIL LABELL 40X40 B/10";"1660";"Dispositif médical / consommable";"";"";"Comprimé";"";"";"hors médicament";"haute"
"COMPRESSE 40X40 LAURA B/10";"1000";"Dispositif médical / consommable";"";"";"Comprimé";"";"";"hors médicament";"haute"
"COMPRESSE GAZE ST PHD 20X20CM B/10";"690";"Dispositif médical / consommable";"";"";"Comprimé";"";"";"hors médicament";"haute"
"COMPRESSE GAZE ST PHD 30X30M B/10";"905";"Dispositif médical / consommable";"";"";"Comprimé";"";"";"hors médicament";"haute"
"COMPRESSE GAZE ST PHD 40X40CM B/10";"1410";"Dispositif médical / consommable";"";"";"Comprimé";"";"";"hors médicament";"haute"
"COMPRESSE NON-TISSE STER LABELL 5X5 B/20";"845";"Dispositif médical / consommable";"";"";"Comprimé";"";"";"hors médicament";"haute"
"COMPRESSE STER 40X40 B/1";"145";"Dispositif médical / consommable";"";"";"Comprimé";"";"";"hors médicament";"haute"
"COMPRESSE STER LABELL 40X40 B/100";"14310";"Dispositif médical / consommable";"";"";"Comprimé";"";"";"hors médicament";"haute"
"COMPRINET PRO BAS CUISSE T2";"13695";"Dispositif médical / consommable";"";"";"Comprimé";"";"";"hors médicament";"haute"
"COMPRINET PRO BAS CUISSE T4";"13695";"Dispositif médical / consommable";"";"";"Comprimé";"";"";"hors médicament";"haute"
"CONASEC CR T/15G";"1525";"Médicament";"Ketoconazole";"2 %";"Crème / pommade / gel";"Liste I";"Antifongique, Antimycosique";"base PHARMACORP";"haute"
"CONCOR AMLO 10MG/10MG COMP.B/30";"5990";"Médicament";"Bisoprolol fumarate + Amlodipine";"10mg/10mg";"Comprimé";"Liste I";"Antihypertenseur (Betabloquant + IC)";"même marque dans la base PHARMACORP";"moyenne"
"CONCOR AMLO 10MG/5MG COMP.B/30";"6380";"Médicament";"Bisoprolol fumarate + Amlodipine";"10mg/5mg";"Comprimé";"Liste I";"Antihypertenseur (Betabloquant + IC)";"même marque dans la base PHARMACORP";"moyenne"
"CONCOR AMLO 5MG/10MG COMP.B/30";"6380";"Médicament";"Bisoprolol fumarate + Amlodipine";"5mg/10mg";"Comprimé";"Liste I";"Antihypertenseur (Betabloquant + IC)";"même marque dans la base PHARMACORP";"moyenne"
"CONCOR AMLO 5MG/5MG COMP.B/30";"5685";"Médicament";"Bisoprolol fumarate + Amlodipine";"5mg/5mg";"Comprimé";"Liste I";"Antihypertenseur (Betabloquant + IC)";"même marque dans la base PHARMACORP";"moyenne"
"CONDYLINE 0,5% SOL LOCALE FL/3,5ML 3400933126162";"22215";"Médicament";"Podophyllotoxine";"0,5%";"";"Liste I";"Antiviral";"même marque dans la base PHARMACORP";"moyenne"
"CONGHIST SP FL/100ML";"2220";"";"";"100ml";"Sirop";"";"";"non identifié";"à vérifier"
"CONSTILEX 10G SOL BUV SACH B/15";"6935";"Médicament";"Lactulose";"10g";"Poudre / sachet";"ST";"Laxatif";"même marque dans la base PHARMACORP";"moyenne"
"CONSTILEX 10G SOL BUV SACH DETAIL";"470";"Médicament";"Lactulose";"10g";"Poudre / sachet";"ST";"Laxatif";"même marque dans la base PHARMACORP";"moyenne"
"CONSTILEX BIO COMP B/30";"5575";"Médicament";"Lactulose";"";"Comprimé";"ST";"Laxatif";"même marque dans la base PHARMACORP";"moyenne"
"CONSTILEX BIO SS VANILLE SP FL/200ML";"3465";"Médicament";"Lactulose";"200ml";"Sirop";"ST";"Laxatif";"même marque dans la base PHARMACORP";"moyenne"
"COOLEX SIROP F/120ML";"1580";"Médicament";"Extraits de plantes";"120ml";"Sirop";"ST";"phytotherapique";"même marque dans la base PHARMACORP";"moyenne"
"COQUELUSEDAL AD SUPPO B/10";"2010";"Médicament";"Huile essentielle de niaouli + extrail alcoolique de grindelia + extrail alcoolique de gelsemium";"40mg/40mg/20mg";"Suppositoire / ovule";"ST";"Antitussif";"base PHARMACORP";"haute"
"COQUELUSEDAL ENF SUP SN B/10";"1940";"";"";"";"";"";"";"non identifié";"à vérifier"
"COQUELUSEDAL NOUR SUPPO B/10";"1870";"";"";"";"Suppositoire";"";"";"non identifié";"à vérifier"
"COQUELUSEDAL PARA BB 100MG SUPPO B/10";"2010";"";"";"100mg";"Suppositoire";"";"";"non identifié";"à vérifier"
"COQUELUSEDAL PARACE DT ENF250MG SUPPO/10";"2080";"Médicament";"Paracetamol + Extrait alcoolique de grindelia + extrail alcoolique de gelsemium";"250mg/20mg/10mg";"Suppositoire / ovule";"Liste I";"Antalgique, Antipyrétique, Antitussif";"base PHARMACORP";"haute"
"CORDARONE 200MG COMP B/30 3400930256503";"11050";"Médicament";"Amiodarone";"200mg";"Comprimé";"Liste I";"Antiarythmique";"même marque dans la base PHARMACORP";"moyenne"
"CORICIDE LE DIABLE 11G/100G SOL.5ML 3400933924055";"8750";"";"";"11g/100g";"";"";"";"non identifié";"à vérifier"
"CORILOX FL/100ML";"1940";"Médicament";"Salbutamol + Bromhexine + Guaifenesine + Menthol";"100ml";"";"Liste I";"Mucolytique, Bronchodilatateur";"même marque dans la base PHARMACORP";"moyenne"
"CORNEREGEL GEL OPHT T/10G";"3135";"Médicament";"Dexpanthenol (Vit B5)";"10g";"Gel";"ST";"Cicatrisant oculaire, Protecteur cutane";"même marque dans la base PHARMACORP";"moyenne"
"CORNETEARS GEL OPHTALMIQUE T/10G";"2425";"Médicament";"Vitamine A (retinol)";"10g";"Gel";"ST";"Cicatrisant oculaire, Hydratant cutane";"même marque dans la base PHARMACORP";"moyenne"
"CORRECTOL COLLYRE FL/10ML";"1220";"Médicament";"Inosine phoshate disodique hydrate + chlorhexidine gluconate";"10ml";"Collyre";"ST";"Opacite cristallinienne";"même marque dans la base PHARMACORP";"moyenne"
"CORTANCYL 20MG (F) COMP B/20";"3330";"Médicament";"Prednisone";"20mg";"Comprimé";"Liste I";"Antiinflammatoire steroidien";"même marque dans la base PHARMACORP";"moyenne"
"CORTANCYL 20MG CP B/20";"3330";"Médicament";"Prednisone";"20mg";"Comprimé";"Liste I";"Antiinflammatoire steroidien";"même marque dans la base PHARMACORP";"moyenne"
"CORVASAL 2MG COMPB/30 3400932410811";"4660";"Médicament";"Molsidomine";"2mg";"Comprimé";"Liste I";"Antiangoreux";"même marque dans la base PHARMACORP";"moyenne"
"CORVASAL 4MG (F) COMP B/30";"9080";"Médicament";"Molsidomine";"4mg";"Comprimé";"Liste I";"Antiangoreux";"même marque dans la base PHARMACORP";"moyenne"
"CORVASAL 4MG COMP B/30";"9080";"Médicament";"Molsidomine";"4mg";"Comprimé";"Liste I";"Antiangoreux";"même marque dans la base PHARMACORP";"moyenne"
"COSMO PAPAYE LAIT ECLAIRCISSANT FL/1L";"15000";"Médicament";"Papaye fermentée";"";"";"";"";"DCI citée dans la désignation";"moyenne"
"COSMO PAPAYE LAIT ECLAIRCISSANT FL/500ML";"8000";"Médicament";"Papaye fermentée";"500ml";"";"";"";"DCI citée dans la désignation";"moyenne"
"COSOPT 20MG/ML+5MG/ML COLL F/5ML";"15250";"Médicament";"Dorzolamide chlorhydrate + Timolol maleate";"200mg/5mg/mL";"Collyre / ORL";"Liste I";"Antiglaucomateux";"base PHARMACORP";"haute"
"COSYREL 10MG/10MG COMP PELL B/30";"21480";"Médicament";"Bisoprolol fumarate + Perindopril arginine";"10mg/10mg";"Comprimé";"Liste I";"Antihypertenseur (Betabloquant + IEC)";"même marque dans la base PHARMACORP";"moyenne"
"COTIPRED 20MG CPR EFFV B/20";"4560";"Médicament";"Prednisolone";"20mg";"Comprimé";"Liste I";"Antiinflammatoire steroidien";"même marque dans la base PHARMACORP";"moyenne"
"COTON CARDE LABEL.ROULEAU 500G";"5165";"Dispositif médical / consommable";"";"500g";"";"";"";"hors médicament";"haute"
"COTON CODEX HYDRO LABELL 100G";"1365";"Dispositif médical / consommable";"";"100g";"";"";"";"hors médicament";"haute"
"COTON CODEX HYDRO LABELL 200G";"2580";"Dispositif médical / consommable";"";"200g";"";"";"";"hors médicament";"haute"
"COTON CODEX HYDRO LABELL 25G";"600";"Dispositif médical / consommable";"";"25g";"";"";"";"hors médicament";"haute"
"COTON CODEX HYDRO LABELL 50G";"695";"Dispositif médical / consommable";"";"50g";"";"";"";"hors médicament";"haute"
"COTRIM FORT 960MG CP DETAIL";"675";"Médicament";"Sulfamethoxazole + Trimethoprime";"960mg";"Comprimé";"Liste I";"Antibiotique, Antibacterien (Sulfamides)";"même marque dans la base PHARMACORP";"moyenne"
"COTRIM FORT CREAT 960 B/10X10";"6740";"Médicament";"Sulfamethoxazole + Trimethoprime";"";"";"Liste I";"Antibiotique, Antibacterien (Sulfamides)";"même marque dans la base PHARMACORP";"moyenne"
"COTRIM LAPR SUSP BUV FL/100ML";"1495";"Médicament";"Sulfamethoxazole + Trimethoprime";"100ml";"Suspension buvable";"Liste I";"Antibiotique, Antibacterien (Sulfamides)";"même marque dans la base PHARMACORP";"moyenne"
"COTRIMOXAXOLE UBI 480MG CPR 10BL 10";"3050";"Médicament";"Sulfamethoxazole + Trimethoprime";"480mg";"Comprimé";"";"";"identification manuelle (marque)";"moyenne"
"COTRIMOXAZOL UBI PDRE SUSP F/100ML";"1540";"Médicament";"Sulfamethoxazole + Trimethoprime";"100ml";"Suspension buvable";"";"";"identification manuelle (marque)";"moyenne"
"COTRIMOXAZOLE 480MG DETAIL";"305";"Médicament";"Sulfamethoxazole + Trimethoprime";"480mg";"";"Liste I";"Antibiotique, Antibacterien (Sulfamides)";"même marque dans la base PHARMACORP";"moyenne"
"COTRIMOXAZOLE FORT 960MG DETAIL";"825";"Médicament";"Sulfamethoxazole + Trimethoprime";"960mg";"";"Liste I";"Antibiotique, Antibacterien (Sulfamides)";"même marque dans la base PHARMACORP";"moyenne"
"COTRIMOXOLE FORT UBI 960 CPR 10BL 10";"8020";"Médicament";"Sulfamethoxazole + Trimethoprime";"";"Comprimé";"";"";"identification manuelle (marque)";"moyenne"
"COUGH OFF SS SIR F/100ML";"1805";"Médicament";"Extraits de plantes";"100ml";"Sirop";"ST";"phytotherapique";"même marque dans la base PHARMACORP";"moyenne"
"COUP D ECLAT HLE CORP ECLAIRC FL/125ML";"9210";"Cosmétique / dermo";"";"125ml";"";"";"";"hors médicament";"haute"
"COUP D ECLAT LAIT HYD ECLAIRCISS FL/125ML";"10010";"Cosmétique / dermo";"";"125ml";"";"";"";"hors médicament";"haute"
"COUP D ECLAT LOTION PURIFIANTE FL/125ML";"8000";"Cosmétique / dermo";"";"125ml";"";"";"";"hors médicament";"haute"
"COUP D ECLAT SAVON GOMMANT PAIN/250G";"5250";"Cosmétique / dermo";"";"250g";"";"";"";"hors médicament";"haute"
"COVERAM 10MG/10MG CPR B/30";"21480";"Médicament";"Perindopril + Amlodipine";"10mg/10mg";"Comprimé";"";"";"identification manuelle (marque)";"moyenne"
"COVERAM 10MG/5MG CPR B/30";"21145";"Médicament";"Perindopril + Amlodipine";"10mg/5mg";"Comprimé";"";"";"identification manuelle (marque)";"moyenne"
"COVERAM 5MG/10MG COMP B/30 3400938581430";"14905";"Médicament";"Perindopril + Amlodipine";"5mg/10mg";"Comprimé";"";"";"identification manuelle (marque)";"moyenne"
"COVERAM 5MG/5MG CPR B/30";"14560";"Médicament";"Perindopril + Amlodipine";"5mg/5mg";"Comprimé";"";"";"identification manuelle (marque)";"moyenne"
"COVERSYL 10MG CPR PELL B/30";"13105";"Médicament";"Perindopril";"10mg";"Comprimé";"Liste I";"Antihypertenseur (IEC)";"même marque dans la base PHARMACORP";"moyenne"
"COVERSYL 5MG COMP B/30 3400936659582";"8945";"Médicament";"Perindopril";"5mg";"Comprimé";"Liste I";"Antihypertenseur (IEC)";"même marque dans la base PHARMACORP";"moyenne"
"COXIWOOD 60MG COMP PELL B/28";"3465";"Médicament";"Etoricoxib";"60mg";"Comprimé";"Liste I";"Antiinflammatoire non steroidien";"même marque dans la base PHARMACORP";"moyenne"
"COXIWOOD 90MG COMP PELL B/28";"5490";"Médicament";"Etoricoxib";"90mg";"Comprimé";"Liste I";"Antiinflammatoire non steroidien";"même marque dans la base PHARMACORP";"moyenne"
"COZAAR 50MG COMP SEC B/28";"5545";"Médicament";"Losartan potassium";"50mg";"Comprimé";"Liste I";"Antihypertenseur (ARAII)";"même marque dans la base PHARMACORP";"moyenne"
"CRAYON PORTE NITRATE NM B/1";"3870";"Médicament";"Nitrate d'Argent + Nitrate de potassium";"63.3%/36.7%";"Autre";"ST";"Verrucide";"base PHARMACORP";"haute"
"CREAZITHRO AZITHROMYCINE 500MG CPR B/3";"3465";"Médicament";"Azithromycine";"500mg";"Comprimé";"Liste I";"Antibiotique Antibacterien (Macrolides)";"base PHARMACORP";"haute"
"CRESTOR 10MG CPR PELL B/30";"19410";"Médicament";"Rosuvastatine";"10mg";"Comprimé";"Liste I";"Hypocholesterolemiant (Statines), Hypolipemiant";"même marque dans la base PHARMACORP";"moyenne"
"CRESTOR 20MG COMP B/30 3400939169750";"27730";"Médicament";"Rosuvastatine";"20mg";"Comprimé";"Liste I";"Hypocholesterolemiant (Statines), Hypolipemiant";"même marque dans la base PHARMACORP";"moyenne"
"CRESTOR 5MG CPR PELL B/30";"12065";"Médicament";"Rosuvastatine";"5mg";"Comprimé";"Liste I";"Hypocholesterolemiant (Statines), Hypolipemiant";"même marque dans la base PHARMACORP";"moyenne"
"CRISTABION COLLYRE F/5ML";"2775";"Médicament";"Dexamethasone + Neomycine sulfate";"5ml";"Collyre";"Liste I";"Antiinfectieux, Antiinflammatoire oculaire";"même marque dans la base PHARMACORP";"moyenne"
"CRISTALINE EAU MINERALE 1,5L";"600";"Nutrition / complément";"";"";"";"";"";"hors médicament";"haute"
"CROISCARD 500MG/250UI CPR B/15";"1940";"Médicament";"Calcium + Vit D3";"500mg/25UI";"Comprimé";"ST";"Supplement calcique";"base PHARMACORP";"haute"
"CROISCARD-E 250MG/125UI/5ML SUSP F/150ML";"2775";"Médicament";"Calcium + Vit D3";"250mg/125ui";"Sirop / solution buvable";"ST";"Supplement calcique";"base PHARMACORP";"haute"
"CROMOPTIC 2% COLLYRE F/10ML";"3145";"Médicament";"Cromoglicate de sodium";"2%";"Collyre";"ST";"Antihistaminique, Antiallergique oculaire";"même marque dans la base PHARMACORP";"moyenne"
"CROMOPTIC UNIDOSES COLLYRE B/30 3400935356642";"4230";"Médicament";"Cromoglicate de sodium";"";"Collyre";"ST";"Antihistaminique, Antiallergique oculaire";"même marque dans la base PHARMACORP";"moyenne"
"CROMSOL 2% COLL F/5ML";"1180";"Médicament";"Cromoglicate de sodium";"2%";"Collyre";"ST";"Antihistaminique, Antiallergique oculaire";"même marque dans la base PHARMACORP";"moyenne"
"CROSSCAL 250MG/250UI SUSP BUV F/200ML";"4160";"Médicament";"Calcium + Vit D3";"200mg/250UI";"Sirop / solution buvable";"ST";"Supplement calcique";"base PHARMACORP";"haute"
"CROSSCAL 500MG/500UI CPR PELL B/15";"4160";"Médicament";"Calcium + Vit D3";"500mg/500UI";"Comprimé";"ST";"Supplement calcique";"base PHARMACORP";"haute"
"CRV CR.HYDR LAIT HYDR 236ML";"14830";"Cosmétique / dermo";"";"236ml";"Crème / pommade";"";"";"hors médicament";"haute"
"CUPID 50MG CPR B/1";"2355";"Médicament";"Sildenafil";"50mg";"Comprimé";"Liste I";"Troubles de l'érection";"même marque dans la base PHARMACORP";"moyenne"
"CUPULE HYSTERO RIGISTER 25MM/1";"11055";"Dispositif médical / consommable";"";"";"";"";"";"hors médicament";"haute"
"CUPULE HYSTERO ROBE 28MM B/1";"21000";"Dispositif médical / consommable";"";"";"";"";"";"hors médicament";"haute"
"CUPULE HYSTERO ROBE 35MM/1";"21000";"Dispositif médical / consommable";"";"";"";"";"";"hors médicament";"haute"
"CUPULE INOX 18/10 20ML";"4465";"Dispositif médical / consommable";"";"20ml";"";"";"";"hors médicament";"haute"
"CURACNE 20MG CAPS MOLLE B/30 3400935813688";"24420";"Médicament";"Isotretinoine";"20mg";"Gélule";"Liste I";"Antiacneique";"même marque dans la base PHARMACORP";"moyenne"
"CURAM 100/12,5MG/ML ENF PDR SUSP BUV 60ML";"5035";"Médicament";"Amoxicilline + Acide clavulanique";"100/12,5mg";"Suspension buvable";"Liste I";"Antibiotique Antibacterien (Penicillines)";"même marque dans la base PHARMACORP";"moyenne"
"CURAM 100/12,5MG/ML NN PDR SUSP BUV/30ML";"2580";"Médicament";"Amoxicilline + Acide clavulanique";"100/12,5mg";"Suspension buvable";"Liste I";"Antibiotique Antibacterien (Penicillines)";"même marque dans la base PHARMACORP";"moyenne"
"CURAM 1000MG COMP B/10";"8665";"Médicament";"Amoxicilline + Acide clavulanique";"1000mg";"Comprimé";"Liste I";"Antibiotique Antibacterien (Penicillines)";"même marque dans la base PHARMACORP";"moyenne"
"CURAM 1000MG/125MG SACHET B/12";"7490";"Médicament";"Amoxicilline + Acide clavulanique";"1000mg/125mg";"Poudre / sachet";"Liste I";"Antibiotique Antibacterien (Penicillines)";"même marque dans la base PHARMACORP";"moyenne"
"CURAM 1G/200MG AMP INJ IV B/1";"3535";"Médicament";"Amoxicilline + Acide clavulanique";"1g/200mg";"Injectable";"Liste I";"Antibiotique Antibacterien (Penicillines)";"même marque dans la base PHARMACORP";"moyenne"
"CURAM 1G/200MG AMP INJ IV B/10";"35430";"Médicament";"Amoxicilline + Acide clavulanique";"1g/200mg";"Injectable";"Liste I";"Antibiotique Antibacterien (Penicillines)";"même marque dans la base PHARMACORP";"moyenne"
"CURAM 500MG/100MG AMP INJ IV B/1";"2125";"Médicament";"Amoxicilline + Acide clavulanique";"500mg/100mg";"Injectable";"Liste I";"Antibiotique Antibacterien (Penicillines)";"même marque dans la base PHARMACORP";"moyenne"
"CURAM 500MG/100MG AMP INJ IV B/10";"21240";"Médicament";"Amoxicilline + Acide clavulanique";"500mg/100mg";"Injectable";"Liste I";"Antibiotique Antibacterien (Penicillines)";"même marque dans la base PHARMACORP";"moyenne"
"CURAPEL CR T/30G";"4160";"Médicament";"Sulfadiazine d'argent + Chitosane";"1%/2%";"Crème / pommade / gel";"ST";"antimicrobien";"base PHARMACORP";"haute"
"CURTEC 1MG/ML SOL BUV FL/60ML";"2220";"Médicament";"Cetirizine";"1mg";"";"Liste II";"Antihistaminique";"même marque dans la base PHARMACORP";"moyenne"
"CUTACNYL 10% GEL DERMIQUE T/40";"2495";"Médicament";"Peroxyde de benzoyle";"10%";"Gel";"Liste II";"Antiacneique";"même marque dans la base PHARMACORP";"moyenne"
"CUTACNYL 5% GEL T/40G";"2495";"Médicament";"Peroxyde de benzoyle";"5%";"Gel";"Liste II";"Antiacneique";"même marque dans la base PHARMACORP";"moyenne"
"CUTICELL CLASSIC 10X1";"4245";"Dispositif médical / consommable";"";"";"";"";"";"hors médicament";"haute"
"CUTICELL CLASSIC PANS GRAS 10X10CM B/10";"4245";"Dispositif médical / consommable";"";"";"";"";"";"hors médicament";"haute"
"CUTIMED GEL STER T/25";"3800";"Dispositif médical / consommable";"";"";"Gel";"";"";"hors médicament";"haute"
"CYCLO 3 FORT GELU B/30";"4130";"Médicament";"Ruscus aculeatus + Hesperidine methylchalcone + Acide ascorbique";"";"Gélule";"";"";"identification manuelle (marque)";"moyenne"
"CYCLOPAM CPR B/10";"2110";"Médicament";"Dicyclomine + Paracetamol";"20mg/500mg";"Comprimé";"Liste II";"Antalgique, Antispasmodique";"base PHARMACORP";"haute"
"CYCLOPAM SUSP BUV F/30ML";"2635";"Médicament";"Dicycloverine + Simethicone";"10mg/40mg";"Sirop / solution buvable";"Liste II";"Antiflatulent, Antispasmodique";"base PHARMACORP";"haute"
"CYSTINE B6 BAILLEUL CPR PELL B/20";"3505";"Médicament";"L cystine + chlorhydrate de pyridoxine";"";"Comprimé";"ST";"Stimulant des phaneres";"même marque dans la base PHARMACORP";"moyenne"
"CYTEAL SOLUTION MOUSSANTE F/250M";"4825";"Médicament";"Hexamidine + chlorhexidine + chlorocresol";"";"";"ST";"Antiseptique externe";"même marque dans la base PHARMACORP";"moyenne"
"CYTEAL SOLUTION MOUSSANTE F/250ML (F)";"6000";"Médicament";"Hexamidine + chlorhexidine + chlorocresol";"250ml";"";"ST";"Antiseptique externe";"même marque dans la base PHARMACORP";"moyenne"
"CYTEAL SOLUTION MOUSSANTE F/500ML";"8800";"Médicament";"Hexamidine + chlorhexidine + chlorocresol";"500ml";"";"ST";"Antiseptique externe";"même marque dans la base PHARMACORP";"moyenne"
"D-ARTEPP 20MG/160MG CPR DISP B/6";"1385";"Médicament";"Dihydroartemisinine + Piperaquine phosphate";"20mg/160mg";"Comprimé";"Liste I";"Antipaludique";"même marque dans la base PHARMACORP";"moyenne"
"D-ARTEPP 40MG/320MG CPR DISP B/6";"2775";"Médicament";"Dihydroartemisinine + Piperaquine phosphate";"40mg/320mg";"Comprimé";"Liste I";"Antipaludique";"base PHARMACORP";"haute"
"D-ARTEPP 40MG/320MG CPR PELL B/9";"3330";"Médicament";"Dihydroartemisinine + Piperaquine phosphate";"40mg/320mg";"Comprimé";"Liste I";"Antipaludique";"même marque dans la base PHARMACORP";"moyenne"
"D-ARTEPP 80MG/640MG CPR PELL B/6";"3815";"Médicament";"Dihydroartemisinine + Piperaquine phosphate";"80mg/640mg";"Comprimé";"Liste I";"Antipaludique";"même marque dans la base PHARMACORP";"moyenne"
"DACRYOSERUM COLL UNID 5ML B/20";"3230";"Cosmétique / dermo";"";"5ml";"Collyre";"";"";"hors médicament (filtre)";"moyenne"
"DAFALGAN 1000MG COMP PELL B/8";"1540";"Médicament";"Paracetamol";"1000mg";"Comprimé";"ST";"Antalgique, Antipyrétique";"même marque dans la base PHARMACORP";"moyenne"
"DAFALGAN 1G COMP.EFF.B/8 3400935291035";"1540";"Médicament";"Paracetamol";"1g";"Comprimé";"ST";"Antalgique, Antipyrétique";"même marque dans la base PHARMACORP";"moyenne"
"DAFLON 1000MG CPR PELL B/30";"10515";"Médicament";"Fraction flavonoïque purifiee micronisee";"1000mg";"Comprimé";"ST";"Vasculoprotecteur";"base PHARMACORP";"haute"
"DAFLON 500MG COMP B/30";"5250";"Médicament";"Fraction flavonoïque purifiee micronisee";"500mg";"Comprimé";"ST";"Vasculoprotecteur";"même marque dans la base PHARMACORP";"moyenne"
"DAFRAZOL 20MG CAPS B/28";"5410";"Médicament";"Omeprazole";"20mg";"Gélule";"Liste II";"Antiulcereux (IPP)";"même marque dans la base PHARMACORP";"moyenne"
"DAFRAZOL 20MG GEL B/14";"2775";"Médicament";"Omeprazole";"20mg";"Gélule";"Liste II";"Antiulcereux (IPP)";"même marque dans la base PHARMACORP";"moyenne"
"DAFRAZOL 40MG IV PDRE SOL INJ+SOLV/10ML";"4855";"Médicament";"Omeprazole";"40mg";"Injectable";"Liste II";"Antiulcereux (IPP)";"même marque dans la base PHARMACORP";"moyenne"
"DAKIN CPF STAB 250ML UNIT AFR";"1635";"Médicament";"Hypochlorite de sodium";"250ml";"";"ST";"Antiseptique, Desinfectant";"même marque dans la base PHARMACORP";"moyenne"
"DAKIN CPF STAB 500ML UNIT AFR";"2175";"Médicament";"Hypochlorite de sodium";"500ml";"";"ST";"Antiseptique, Desinfectant";"même marque dans la base PHARMACORP";"moyenne"
"DAKTARIN GEL BUCCAL T/40G";"4770";"Médicament";"Miconazole";"40g";"Gélule";"Liste I";"Antifongique, Antimycosique, Antiseptique";"même marque dans la base PHARMACORP";"moyenne"
"DALACINE 150MG GELULE B/12";"3495";"Médicament";"Clindamycine";"150mg";"Gélule";"Liste I";"Antibiotique Antiacneique (Lincosamines)";"même marque dans la base PHARMACORP";"moyenne"
"DALACINE 300MG GELULE B/16 3400934103650";"9110";"Médicament";"Clindamycine";"300mg";"Gélule";"Liste I";"Antibiotique Antiacneique (Lincosamines)";"même marque dans la base PHARMACORP";"moyenne"
"DAONIL 5MG COMP.B/100 3400930280973";"8390";"Médicament";"Glibenclamide";"5mg";"Comprimé";"Liste I";"Antidiabetique (sulfonylurees)";"même marque dans la base PHARMACORP";"moyenne"
"DAONIL 5MG COMP.DETAIL";"840";"Médicament";"Glibenclamide";"5mg";"Comprimé";"Liste I";"Antidiabetique (sulfonylurees)";"même marque dans la base PHARMACORP";"moyenne"
"DAONIL 5MG CPR B/20";"2010";"Médicament";"Glibenclamide";"5mg";"Comprimé";"Liste I";"Antidiabetique (sulfonylurees)";"même marque dans la base PHARMACORP";"moyenne"
"DAREXYL 3G PDRE SUSP BUV SACH B/10";"1375";"Médicament";"Diosmectite";"3g";"Sirop / solution buvable";"ST";"Antidiarrheique, Pansement gastrique";"base PHARMACORP";"haute"
"DARTE Q 40MG/320MG GEL B/9";"3868";"Médicament";"Dihydroartemisinine + Piperaquine phosphate";"40mg/320mg";"Gélule";"Liste I";"Antipaludique";"même marque dans la base PHARMACORP";"moyenne"
"DARTE Q GRANULES SACHET";"250";"Médicament";"Dihydroartemisinine + Piperaquine phosphate";"";"Poudre / sachet";"Liste I";"Antipaludique";"même marque dans la base PHARMACORP";"moyenne"
"DATIZOLE 500MG COMP B/4";"2120";"Médicament";"Tinidazole";"500mg";"Autre";"Liste I";"Antiinfectieux, Antiparasitaire (Nitro imidazoles)";"base PHARMACORP";"haute"
"DATRAMOL ORAL TABS B/10";"1805";"Médicament";"Tramadol";"";"";"";"";"identification manuelle (marque)";"à vérifier"
"DAXOL POLYVITAMINE SOL BUV FL/20ML";"1455";"Médicament";"MULTIVITAMINES";"20ml";"";"ST";"Supplement vitaminique";"même marque dans la base PHARMACORP";"moyenne"
"DAZEL KIT CPR B/4";"6240";"Médicament";"Fluconazole + Azithromycine + Secnidazole";"";"Comprimé";"Liste I";"Antifongique Antibiotique Antibacterien (Macrolides) Antiparasitaire";"même marque dans la base PHARMACORP";"moyenne"
"DDONNA AC HYALUR SERUM FL/30ML";"6500";"Cosmétique / dermo";"";"30ml";"";"";"";"hors médicament";"haute"
"DDONNA RETINOL SERUM FL/30ML";"6500";"Cosmétique / dermo";"";"30ml";"";"";"";"hors médicament";"haute"
"DEBRIDAT 100MG COMP B/30";"5380";"Médicament";"Trimebutine";"100mg";"Comprimé";"Liste II";"Antispasmodique (Musculotrope)";"même marque dans la base PHARMACORP";"moyenne"
"DEBRIDAT 200MG COMP B/30";"6710";"Médicament";"Trimebutine";"200mg";"Comprimé";"Liste II";"Antispasmodique (Musculotrope)";"même marque dans la base PHARMACORP";"moyenne"
"DEBRIDAT PDRE SACH B/30";"6560";"Médicament";"Trimebutine";"";"Poudre / sachet";"Liste II";"Antispasmodique (Musculotrope)";"même marque dans la base PHARMACORP";"moyenne"
"DEBRIDAT SUSP BUV F/250ML";"3120";"Médicament";"Trimebutine";"250ml";"Suspension buvable";"Liste II";"Antispasmodique (Musculotrope)";"même marque dans la base PHARMACORP";"moyenne"
"DECAPEPTYL LP 3.75MG IM INJ+SOL 3400932850037";"152525";"Médicament";"Triptoreline";"3.75mg";"Injectable";"Liste I";"Hormone de synthese";"même marque dans la base PHARMACORP";"moyenne"
"DECODERM TRI 25MG/500MG CR T/25G";"4505";"Médicament";"Fluprednidene acetate 21+ miconazole nitrate";"25mg/500mg";"Crème / pommade / gel";"Liste I";"Antiinflammatoire steroidien, Dermocorticoide";"base PHARMACORP";"haute"
"DECONTRACTYL MEPH CPR B/50";"1915";"Médicament";"Mephenesine";"";"Comprimé";"";"";"identification manuelle (marque)";"moyenne"
"DEFAL 22,75MG/ML SOL BUV GTTE F/13ML";"8445";"Médicament";"Deflazacort";"22,75mg";"Gouttes";"Liste I";"Antiinflammatoire steroidien";"même marque dans la base PHARMACORP";"moyenne"
"DEFAL 30MG CPR B/10";"8290";"Médicament";"Deflazacort";"30mg";"Comprimé";"Liste I";"Antiinflammatoire steroidien";"même marque dans la base PHARMACORP";"moyenne"
"DEFAL 6MG CPR B/20";"3980";"Médicament";"Deflazacort";"6mg";"Comprimé";"Liste I";"Antiinflammatoire steroidien";"même marque dans la base PHARMACORP";"moyenne"
"DEFNIL P 50/500MG CPR SUBLING B/30";"3465";"Médicament";"Paracetamol + diclofenac";"50/500mg";"Comprimé";"Liste II";"Antalgique, Antipyrétique, Antiinflammatoire non steroidien";"même marque dans la base PHARMACORP";"moyenne"
"DELABARRE GEL GINGIVAL 20G";"4505";"Médicament";"Pulpe de tamarin + Teinture de safran";"20g";"Gel";"ST";"Antalgique";"même marque dans la base PHARMACORP";"moyenne"
"DELLER 5MG COMP DISP B/10";"2980";"Médicament";"Desloratadine";"5mg";"Comprimé";"Liste II";"Antiallergique, Antihistaminique H2";"même marque dans la base PHARMACORP";"moyenne"
"DELTA-LITE + BLC 3,6MX12,5CM";"11830";"Dispositif médical / consommable";"";"";"";"";"";"hors médicament";"haute"
"DELTA-LITE+ BLE 3,6MX10CM 4042809366266";"10315";"Dispositif médical / consommable";"";"";"";"";"";"hors médicament";"haute"
"DELTA-LITE+ BLE 3,6MX5CM 4042809366228";"7825";"Dispositif médical / consommable";"";"";"";"";"";"hors médicament";"haute"
"DELTA-LITE+BLC 3.6MX7.5CM";"7750";"Dispositif médical / consommable";"";"";"";"";"";"hors médicament";"haute"
"DENK AIR 10MG CPR PELL B/28";"8320";"Médicament";"Montelukast";"10mg";"Comprimé";"Liste II";"Antiallergique Antiasthmatique";"base PHARMACORP";"haute"
"DENTIOR SAVON DOUX BEBE 100G";"2800";"Cosmétique / dermo";"";"100g";"";"";"";"hors médicament";"haute"
"DEPAKINE 200MG COMP DRG B/40";"3315";"Médicament";"Valproate de sodium";"200mg";"Comprimé";"Liste II";"Antiepileptique (Anticonvulsivant non barbiturique)";"même marque dans la base PHARMACORP";"moyenne"
"DEPAKINE 500MG CPR DGR B/40";"8250";"Médicament";"Valproate de sodium";"500mg";"Comprimé";"Liste II";"Antiepileptique (Anticonvulsivant non barbiturique)";"même marque dans la base PHARMACORP";"moyenne"
"DEPAKINE BUV SOL FL/40ML";"4990";"Médicament";"Valproate de sodium";"40ml";"";"Liste II";"Antiepileptique (Anticonvulsivant non barbiturique)";"même marque dans la base PHARMACORP";"moyenne"
"DEPAKINE CHRONO 500MG CPR B/30";"10330";"Médicament";"Valproate de sodium";"500mg";"Comprimé";"Liste II";"Antiepileptique (Anticonvulsivant non barbiturique)";"même marque dans la base PHARMACORP";"moyenne"
"DEPAKINESIROP FL/150ML";"8570";"Médicament";"Valproate de sodium";"150ml";"Sirop";"";"";"identification manuelle (marque)";"moyenne"
"DEPIWHITE ADVANCED CR DEPIG T/40ML";"19980";"Cosmétique / dermo";"";"40ml";"Crème / pommade";"";"";"hors médicament";"haute"
"DEPIWHITE CONTOUR YEUX 15ML";"11600";"Cosmétique / dermo";"";"15ml";"";"";"";"hors médicament";"haute"
"DEPIWHITE DAY SPF20 T/40ML 3760095250298";"17225";"Cosmétique / dermo";"";"40ml";"";"";"";"hors médicament";"haute"
"DEPIWHITE LAIT ECLAIR F/500ML";"18220";"Cosmétique / dermo";"";"500ml";"";"";"";"hors médicament";"haute"
"DEPIWHITE M ECRAN SOLAIRE SPF50+ T/40ML";"16830";"Cosmétique / dermo";"";"40ml";"";"";"";"hors médicament";"haute"
"DEPIWHITE MOUSSE NETTOYANTE FL/200ML";"17520";"Cosmétique / dermo";"";"200ml";"";"";"";"hors médicament";"haute"
"DEPIWHITE S GEL PRO SPF50 40ML 3400922356877";"16465";"Cosmétique / dermo";"";"40ml";"Gel";"";"";"hors médicament";"haute"
"DEPO MEDROL 80MG/2ML SER INJ AMP/2ML B/1";"11605";"Médicament";"Methylprednisolone";"80mg/2mL";"Injectable";"Liste I";"Antiinflammatoire steroidien";"base PHARMACORP";"haute"
"DERINOX SOL PULV NAS F/15ML";"2775";"Médicament";"Prednisolone + nitrate de naphazoline";"15ml";"";"Liste I";"Decongestif nasal";"même marque dans la base PHARMACORP";"moyenne"
"DERMADINE 125ML B/1";"1690";"Médicament";"Povidone iodee";"125ml";"";"ST";"Antiseptique externe";"même marque dans la base PHARMACORP";"moyenne"
"DERMAGYN GEL T/200ML";"3220";"Cosmétique / dermo";"";"200ml";"Gel";"";"";"hors médicament";"haute"
"DERMIA D CR T/30G";"2980";"Médicament";"Betamethasone";"0,05 %";"Crème / pommade / gel";"Liste I";"Antiinflammatoire steroidien (Glucocorticoide)";"base PHARMACORP";"haute"
"DERMIA SALICIA CR T/30G";"2720";"Médicament";"Betamethasone + Acide salicylique";"0,064%/3,0%";"Crème / pommade / gel";"Liste I";"Antiinflammatoire steroidien, Dermocorticoide";"base PHARMACORP";"haute"
"DERMOBACTER SOL EXT FL/125ML";"2600";"Médicament";"Benzalkonium chlorure + Chlorhexidine digluconate";"0,500g/1,065g";"Injectable";"ST";"Antalgique, Antiseptique";"base PHARMACORP";"haute"
"DERMOBACTER SOL EXT FL/300ML";"4685";"Médicament";"Benzalkonium chlorure + Chlorhexidine digluconate";"300ml";"";"ST";"Antalgique, Antiseptique";"même marque dans la base PHARMACORP";"moyenne"
"DERMOBBA CAROTTE CREME JOUR 50ML";"36545";"Cosmétique / dermo";"";"50ml";"Crème / pommade";"";"";"hors médicament";"haute"
"DERMOBBA CAROTTE CREME NUIT 50ML";"33975";"Cosmétique / dermo";"";"50ml";"Crème / pommade";"";"";"hors médicament";"haute"
"DERMOBBA CAROTTE SERUM FL/30ML";"26255";"Cosmétique / dermo";"";"30ml";"";"";"";"hors médicament";"haute"
"DERMOBBA GABA CREME JOUR 50ML";"40000";"Cosmétique / dermo";"";"50ml";"Crème / pommade";"";"";"hors médicament";"haute"
"DERMOBBA GABA CREME NUIT 50ML";"37000";"Cosmétique / dermo";"";"50ml";"Crème / pommade";"";"";"hors médicament";"haute"
"DERMOBBA GABA SERUM FL/30ML";"28000";"Cosmétique / dermo";"";"30ml";"";"";"";"hors médicament";"haute"
"DERMOBBA GEL ANTI TACHE SPECIFIQUE T/75ML";"28000";"Cosmétique / dermo";"";"75ml";"Gel";"";"";"hors médicament";"haute"
"DERMOBBA GEL ECLAT GOMMANT ABRICOT 400ML";"29910";"Cosmétique / dermo";"";"400ml";"Gel";"";"";"hors médicament";"haute"
"DERMOBBA GLYCERIN ECLAIRCISSANT FL/150ML";"26255";"Cosmétique / dermo";"";"150ml";"";"";"";"hors médicament";"haute"
"DERMOBBA LAIT CAROTTE FL/500ML";"36600";"Cosmétique / dermo";"";"500ml";"";"";"";"hors médicament";"haute"
"DERMOBBA LAIT FUSION JOUR FL/250ML";"55000";"Cosmétique / dermo";"";"250ml";"";"";"";"hors médicament";"haute"
"DERMOBBA LAIT FUSION NUIT FL/250ML";"45000";"Cosmétique / dermo";"";"250ml";"";"";"";"hors médicament";"haute"
"DERMOBBA LAIT GABA FL/500ML";"40000";"Cosmétique / dermo";"";"500ml";"";"";"";"hors médicament";"haute"
"DERMOBBA SAVON EXFOLIANT 200G";"20000";"Cosmétique / dermo";"";"200g";"";"";"";"hors médicament";"haute"
"DERMOFIX CREM T/20G";"3175";"Médicament";"Sertaconazole";"20g";"";"Liste I";"Antifongique, Antimycosique";"même marque dans la base PHARMACORP";"moyenne"
"DERMOLINE CREME T/15G";"1805";"Médicament";"Clobetasol propionate + Miconazole + Gentamicine";"15g";"Crème / pommade";"Liste I";"Antifongique, Antiinflammatoire steroidien, Dermocorticoide, Antiprurigineux, Antibiotique";"même marque dans la base PHARMACORP";"moyenne"
"DERMOVAL CREME 0.05% T/15G";"2595";"Médicament";"Clobetasol";"0.05%";"Crème / pommade";"Liste I";"Antiinflammatoire steroidien, Dermocorticoide";"même marque dans la base PHARMACORP";"moyenne"
"DEROXAT 20MG CPR B/14";"11815";"Médicament";"Paroxetine";"20mg";"Comprimé";"Liste I";"Antidepresseur (IRS)";"base PHARMACORP";"haute"
"DESARROL SOL BUV F/200ML";"3950";"Médicament";"Cyproheptadine + Carnitine + Arginine aspartate";"1mg/250mg/125mg/5mL";"Sirop / solution buvable";"ST";"Stimulant de l'appetit";"base PHARMACORP";"haute"
"DESLINE 5MG COMP B/30";"4855";"Médicament";"Desloratadine";"5mg";"Comprimé";"Liste II";"Antiallergique, Antihistaminique H2";"même marque dans la base PHARMACORP";"moyenne"
"DESLOR 5MG COMP B/15";"5130";"Médicament";"Desloratadine";"5mg";"Comprimé";"Liste II";"Antiallergique, Antihistaminique H2";"même marque dans la base PHARMACORP";"moyenne"
"DESLORA-DENK 5MG CPR PELL B/10";"2775";"Médicament";"Desloratadine";"5mg";"Comprimé";"Liste II";"Antiallergique, Antihistaminique H2";"base PHARMACORP";"haute"
"DESLORATADINE BGR 5MG COMP B/15";"2495";"Médicament";"Desloratadine";"5mg";"Comprimé";"";"";"DCI citée dans la désignation";"moyenne"
"DESLORATADINE BGR 5MG COMP B/30 3400941999499";"4505";"Médicament";"Desloratadine";"5mg";"Comprimé";"";"";"DCI citée dans la désignation";"moyenne"
"DESLORATADINE BIOGARAN 5MG COMP PELL B/30";"3370";"Médicament";"Desloratadine";"5mg";"Comprimé";"";"";"DCI citée dans la désignation";"moyenne"
"DESLORATADINE GH 5MG CPR B/15";"3120";"Médicament";"Desloratadine";"5mg";"Comprimé";"";"";"DCI citée dans la désignation";"moyenne"
"DESLORATADINE UBI 0,5%/ML SOL BUV/60ML";"1710";"Médicament";"Desloratadine";"0,5%";"";"";"";"DCI citée dans la désignation";"moyenne"
"DESLORATADINE UBI 5MG COMP.B/100";"11095";"Médicament";"Desloratadine";"5mg";"Comprimé";"";"";"DCI citée dans la désignation";"moyenne"
"DESLORATADINE UBI 5MG DETAIL/10";"1110";"Médicament";"Desloratadine";"5mg";"";"";"";"DCI citée dans la désignation";"moyenne"
"DESOMEDINE CY FL/10ML";"1900";"Médicament";"Hexamidine di-isetionate";"10ml";"";"ST";"Antiseptique";"même marque dans la base PHARMACORP";"moyenne"
"DETENSIEL 10MG COMP B/30";"5530";"Médicament";"Bisoprolol hemifumarate";"10mg";"Comprimé";"Liste I";"Antiangoreux, Antihypertenseur (Betabloquant)";"même marque dans la base PHARMACORP";"moyenne"
"DEXAFLOX COLL F/5ML";"3080";"Médicament";"Ofloxacine + Dexamethasone";"1mg/3mg/mL";"Collyre / ORL";"Liste I";"Antibacterien (Quinolone 2 generation), Antiinflammatoire steroidien, Antibiotique";"base PHARMACORP";"haute"
"DEXAFREE COLLYRE 1MG/ML B/20";"5325";"Médicament";"Dexamethasone";"1mg";"Collyre";"";"";"identification manuelle (marque)";"moyenne"
"DEXAMETHASONE 4MG/1ML AMP INJ B/10";"4230";"Médicament";"Dexamethasone";"4mg/1ml";"Injectable";"";"";"DCI citée dans la désignation";"moyenne"
"DEXAMETHASONE 4MG/1ML DETAIL";"425";"Médicament";"Dexamethasone";"4mg/1ml";"";"";"";"DCI citée dans la désignation";"moyenne"
"DEXAPRIN 0,5/0,1/0,02% COLL F/10ML";"1870";"Médicament";"Dexamethasone + Neomycine sulfate + Benzalkonium chlorure";"0,1g/0;5g/0,02%";"Collyre / ORL";"Liste I";"Antibacterien, Antiinflammatoire steroidien";"base PHARMACORP";"haute"
"DEXERYL CREME T/250G";"3815";"Médicament";"Glycerol + vaseline + paraffine liquide";"250g";"Crème / pommade";"ST";"Protecteur cutane";"même marque dans la base PHARMACORP";"moyenne"
"DEXERYL HUILE DE DOUCHE 200ML";"6000";"Cosmétique / dermo";"";"200ml";"";"";"";"hors médicament (filtre)";"moyenne"
"DEXPURE 10MG COMP B/30";"6200";"Médicament";"Rabeprazole";"10mg";"Comprimé";"Liste II";"Antiulcereux (IPP)";"même marque dans la base PHARMACORP";"moyenne"
"DIACOL 27MG/15ML SP F/200ML";"2885";"Médicament";"Dextromethorphane";"27mg/15ml";"Sirop";"ST";"Antitussif toux sèche";"même marque dans la base PHARMACORP";"moyenne"
"DIADERMINE RETINOL CREME 50ML";"15000";"Médicament";"Retinol synthetique concentre huileux";"50ml";"Crème / pommade";"";"";"DCI citée dans la désignation";"moyenne"
"DIAFORMINE 500MG CPR B/30";"1110";"Médicament";"Metformine chlorhydrate";"500mg";"Comprimé";"Liste I";"Antidiabetique (Biguanides)";"base PHARMACORP";"haute"
"DIAFORMINE 850MG CPR B/30";"2775";"Médicament";"Metformine chlorhydrate";"850mg";"Comprimé";"Liste I";"Antidiabetique (Biguanides)";"base PHARMACORP";"haute"
"DIAFORMINE SL 1G CPR B/30";"3050";"Médicament";"Metformine chlorhydrate";"1g";"Comprimé";"Liste I";"Antidiabetique (Biguanides)";"base PHARMACORP";"haute"
"DIAGNOSTIQUE DE PEAU";"2500";"";"";"";"";"";"";"non identifié";"à vérifier"
"DIAMICRON 60MG COMP B/150 8424657104553";"48390";"Médicament";"Gliclazide";"60mg";"Comprimé";"Liste I";"Antidiabetique (sulfonylurees)";"même marque dans la base PHARMACORP";"moyenne"
"DIAMICRON 60MG CPR SEC B/30";"13810";"Médicament";"Gliclazide";"60mg";"Comprimé";"Liste I";"Antidiabetique (sulfonylurees)";"même marque dans la base PHARMACORP";"moyenne"
"DIAMICRON LM 60MG CPR SEC BLIST/15 DETAIL";"4840";"Médicament";"Gliclazide";"60mg";"Comprimé";"Liste I";"Antidiabetique (sulfonylurees)";"même marque dans la base PHARMACORP";"moyenne"
"DIAMOX CPR 250MG B/24";"4715";"Médicament";"Acetazolamide";"250mg";"Comprimé";"Liste II";"Diuretique, Antioedemateux";"même marque dans la base PHARMACORP";"moyenne"
"DIAMVUS M 50MG/500MG COMP.B/30";"9705";"Médicament";"Vildagliptine + Metformine";"50mg/500mg";"Comprimé";"";"";"identification manuelle (marque)";"moyenne"
"DIAMVUS M50MG/1000MG COMP.B/30";"10120";"Médicament";"Vildagliptine + Metformine";"50mg/1000mg";"Comprimé";"";"";"identification manuelle (marque)";"moyenne"
"DIANTALEX 500MG/250MG/50MG CPR SEC B/10";"1250";"Médicament";"Paracetamol + Chlorzoxazone + Diclofenac";"500mg/250mg/50mg";"Comprimé";"Liste II";"Antalgique, Antiinflammatoire, Relaxant musculaire";"base PHARMACORP";"haute"
"DIANTALEX PLUS GEL T/30G";"1385";"Médicament";"Diclofenac + Huile de lin + Methyl salicylate + Menthol";"1,16%/3%/10%/5%/1%";"Crème / pommade / gel";"Liste II";"Antalgique, Antiinflammatoire non steroidien";"base PHARMACORP";"haute"
"DIAPRIDE 2MG COMP B/30";"3190";"Médicament";"Glimepiride";"2mg";"Comprimé";"Liste I";"Antidiabetique (sulfonylurees)";"même marque dans la base PHARMACORP";"moyenne"
"DIAPRIDE 4MG COMP B/30";"5825";"Médicament";"Glimepiride";"4mg";"Comprimé";"Liste I";"Antidiabetique (sulfonylurees)";"même marque dans la base PHARMACORP";"moyenne"
"DIARLOC 2MG COMP.B/20";"2775";"Médicament";"Loperamide";"2mg";"Comprimé";"Liste II";"Antidiarrheique";"même marque dans la base PHARMACORP";"moyenne"
"DIARTEM IG 1MG/8MG/ML SUSP ORAL F/120ML";"2705";"Médicament";"Dihydroartemisinine + Piperaquine phosphate";"1mg/8mg/mL";"Sirop / solution buvable";"Liste I";"Antipaludique";"base PHARMACORP";"haute"
"DIARTEM IG 40MG/320MG CPR B/12";"3190";"Médicament";"Dihydroartemisinine + Piperaquine phosphate";"40mg/320mg";"Comprimé";"Liste I";"Antipaludique";"base PHARMACORP";"haute"
"DIARTEM IG AD 120MG/960MG CPR B/3";"3050";"Médicament";"Dihydroartemisinine + Piperaquine phosphate";"120mg/960mg";"Comprimé";"Liste I";"Antipaludique";"base PHARMACORP";"haute"
"DIARUM SP 0,2MG/ML FL/100ML";"1665";"Médicament";"Loperamide";"0,2mg";"Sirop";"Liste II";"Antidiarrheique";"même marque dans la base PHARMACORP";"moyenne"
"DIARYL 200MG GEL B/20";"2330";"Médicament";"Nifuroxazide";"200mg";"Crème / pommade / gel";"Liste II";"Antidiarrheique, Antiinfectieux intestinal";"base PHARMACORP";"haute"
"DIARYL SP F/60ML";"1900";"Médicament";"Nifuroxazide";"40mg";"Autre";"Liste II";"Antidiarrheique, Antiinfectieux intestinal";"base PHARMACORP";"haute"
"DIARYL SUSP 200MG/5ML F/100ML";"2080";"Médicament";"Nifuroxazide";"200mg/5ml";"Suspension buvable";"Liste II";"Antidiarrheique, Antiinfectieux intestinal";"même marque dans la base PHARMACORP";"moyenne"
"DIASTOP SP F/60ML";"1260";"Médicament";"Calcium + kaolin + teinture de catechu + teinture de belladone + huile d'anis + huile de citron";"60ml";"Sirop";"ST";"Antidiarrheique";"même marque dans la base PHARMACORP";"moyenne"
"DIAZAC 10MG COMP PELL B/14";"8320";"";"";"10mg";"Comprimé";"";"";"non identifié";"à vérifier"
"DIAZAC 10MG COMP PELL B/30";"13860";"";"";"10mg";"Comprimé";"";"";"non identifié";"à vérifier"
"DIAZAC 5MG COMP B/14";"6655";"";"";"5mg";"Comprimé";"";"";"non identifié";"à vérifier"
"DIAZAC M ER LP 10MG/1G COMP B/30";"17535";"";"";"10mg/1g";"Comprimé";"";"";"non identifié";"à vérifier"
"DIAZAC M ER LP 10MG/500MG COMP B/30";"15940";"";"";"10mg/500mg";"Comprimé";"";"";"non identifié";"à vérifier"
"DIAZAC M ER LP 5MG/1G COMP B/30";"12750";"";"";"5mg/1g";"Comprimé";"";"";"non identifié";"à vérifier"
"DIAZEPAM 10MG/2ML INJ REN DETAIL/1";"855";"Médicament";"Diazepam";"10mg/2ml";"Injectable";"";"";"DCI citée dans la désignation";"moyenne"
"DIAZEPTAM 10MG/2ML INJ REN/10";"8530";"Médicament";"Diazepam";"10mg/2ml";"Injectable";"";"";"identification manuelle (marque)";"moyenne"
"DICACILLINE INJ 0,6MUI AMP B/1";"1345";"Médicament";"Benzathine benzylpenicilline";"0,6mui";"Injectable";"Liste I";"Antibiotique";"même marque dans la base PHARMACORP";"moyenne"
"DICACILLINE INJ 2,4MUI AMP B/1";"1750";"Médicament";"Benzathine benzylpenicilline";"2,4mui";"Injectable";"Liste I";"Antibiotique";"même marque dans la base PHARMACORP";"moyenne"
"DICETEL 100MG CPR PELL B/30";"7685";"Médicament";"Pinaverium bromure";"100mg";"Comprimé";"Liste II";"Antispasmodique (Musculotrope)";"même marque dans la base PHARMACORP";"moyenne"
"DICLAC LP 75MG CPR B/20";"4855";"Médicament";"Diclofenac";"75mg";"Comprimé";"Liste II";"Antiinflammatoire non steroidien";"base PHARMACORP";"haute"
"DICLO DENK 100 RETARD";"3465";"Médicament";"Diclofenac";"";"";"Liste II";"Antiinflammatoire non steroidien";"même marque dans la base PHARMACORP";"moyenne"
"DICLO DENK 100MG RETARD CPR B/10";"1315";"Médicament";"Diclofenac";"100mg";"Comprimé";"Liste II";"Antiinflammatoire non steroidien";"même marque dans la base PHARMACORP";"moyenne"
"DICLO DENK 100MG SUPPO B/10";"2455";"Médicament";"Diclofenac";"100mg";"Suppositoire";"Liste II";"Antiinflammatoire non steroidien";"même marque dans la base PHARMACORP";"moyenne"
"DICLO DENK 50MG CPR B/100";"5460";"Médicament";"Diclofenac";"50mg";"Comprimé";"Liste II";"Antiinflammatoire non steroidien";"même marque dans la base PHARMACORP";"moyenne"
"DICLO DENK 50MG CPR BLIST/10 DETAIL";"535";"Médicament";"Diclofenac";"50mg";"Comprimé";"Liste II";"Antiinflammatoire non steroidien";"même marque dans la base PHARMACORP";"moyenne"
"DICLO DENK 75MG AMP INJ B/1 DETAIL";"355";"Médicament";"Diclofenac";"75mg";"Injectable";"Liste II";"Antiinflammatoire non steroidien";"même marque dans la base PHARMACORP";"moyenne"
"DICLO DENK RETARD 100MG COMP B/100";"11745";"Médicament";"Diclofenac";"100mg";"Comprimé";"Liste II";"Antiinflammatoire non steroidien";"même marque dans la base PHARMACORP";"moyenne"
"DICLO DENK RETARD 100MG COMP DETAIL";"1175";"Médicament";"Diclofenac";"100mg";"Comprimé";"Liste II";"Antiinflammatoire non steroidien";"même marque dans la base PHARMACORP";"moyenne"
"DICLO PH5 75 MG/3ML INJ B/6";"3120";"Médicament";"Diclofenac";"75mg/3ml";"Injectable";"Liste II";"Antiinflammatoire non steroidien";"même marque dans la base PHARMACORP";"moyenne"
"DICLO PHARMA5 100MG SUPPO B/10";"2290";"Médicament";"Diclofenac";"100mg";"Suppositoire";"Liste II";"Antiinflammatoire non steroidien";"même marque dans la base PHARMACORP";"moyenne"
"DICLO PHARMA5 50MG CPR B/20";"2565";"Médicament";"Diclofenac";"50mg";"Comprimé";"Liste II";"Antiinflammatoire non steroidien";"même marque dans la base PHARMACORP";"moyenne"
"DICLOCED COLLYRE 1% F/10ML";"5530";"Médicament";"Diclofenac";"1%";"Collyre";"Liste II";"Antiinflammatoire non steroidien";"même marque dans la base PHARMACORP";"moyenne"
"DICLOCHEK 1MG/ML COLLYRE FL/5ML";"2065";"Médicament";"Diclofenac";"1mg";"Collyre";"Liste II";"Antiinflammatoire non steroidien";"même marque dans la base PHARMACORP";"moyenne"
"DICLOFEN 100MG SUPPO B/10";"1525";"Médicament";"Diclofenac";"100mg";"Suppositoire / ovule";"Liste II";"Antiinflammatoire non steroidien";"base PHARMACORP";"haute"
"DICLOFEN 50MG CPR ENR B/30";"1525";"Médicament";"Diclofenac";"50mg";"Comprimé";"Liste II";"Antiinflammatoire non steroidien";"base PHARMACORP";"haute"
"DICLOFENAC UBI 50MG COMP.B/100";"4330";"Médicament";"Diclofenac";"50mg";"Comprimé";"";"";"DCI citée dans la désignation";"moyenne"
"DICLOFENAC UBI 50MG COMP/DETAIL";"435";"Médicament";"Diclofenac";"50mg";"Comprimé";"";"";"DCI citée dans la désignation";"moyenne"
"DICLOFENAC UBI 75MG AMP INJ 10BL 10";"11230";"Médicament";"Diclofenac";"75mg";"Injectable";"";"";"DCI citée dans la désignation";"moyenne"
"DICLOFENAC UBI 75MG INJ B/10 DETAIL";"1125";"Médicament";"Diclofenac";"75mg";"Injectable";"";"";"DCI citée dans la désignation";"moyenne"
"DICLOFENAC UBI 75MG INJ DETAIL/UNITE";"150";"Médicament";"Diclofenac";"75mg";"Injectable";"";"";"DCI citée dans la désignation";"moyenne"
"DICLOLEX POWER HEAT GEL DERMIQUE T/30G";"1940";"Médicament";"Diclofenac + Huile de lin + Methyl salicylate + Menthol";"0 %";"Crème / pommade / gel";"Liste II";"Antalgique, Antiinflammatoire non steroidien";"base PHARMACORP";"haute"
"DICLOPAR 50/650MG COMP B/20";"2915";"Médicament";"Paracetamol + Chlorzoxazone + Diclofenac";"50/650mg";"Comprimé";"Liste II";"Antalgique, Antiinflammatoire, Relaxant musculaire";"même marque dans la base PHARMACORP";"moyenne"
"DICLOSON 50MG CPR B/30";"2080";"Médicament";"Diclofenac";"50mg";"Comprimé";"Liste II";"Antiinflammatoire non steroidien";"base PHARMACORP";"haute"
"DICLOSON AQ 75MG IM SOL INJ B/5";"2775";"Médicament";"Diclofenac";"75mg";"Injectable";"Liste II";"Antiinflammatoire non steroidien";"base PHARMACORP";"haute"
"DICLOSON-AQ 75MG INJ.DETAIL";"555";"Médicament";"Diclofenac";"75mg";"Injectable";"";"";"identification manuelle (marque)";"moyenne"
"DICLOSON-P 50MG/500MG CPR B/30";"2635";"Médicament";"Diclofenac + Paracetamol";"50mg/500mg";"Comprimé";"Liste II";"Antalgique, Antipyrétique, Antiinflammatoire non steroidien";"base PHARMACORP";"haute"
"DICLOSON-S 50MG/10MG COMP B/30";"4160";"Médicament";"Diclofenac + Serratiopeptidase";"50mg/10mg";"Comprimé";"";"";"identification manuelle (marque)";"moyenne"
"DICLOWAL 100MG SUPPO B/10";"2650";"Médicament";"Diclofenac";"100mg";"Suppositoire / ovule";"Liste II";"Antiinflammatoire non steroidien";"base PHARMACORP";"haute"
"DICLOWAL 4% SOL PULV CUT SPR F/30ML";"5780";"Médicament";"Diclofenac";"4%";"";"Liste II";"Antiinflammatoire non steroidien";"même marque dans la base PHARMACORP";"moyenne"
"DICYNONE 250MG INJ AMP B/4";"2980";"Médicament";"Etamsylate";"250mg";"Injectable";"ST";"Antihemorragique";"même marque dans la base PHARMACORP";"moyenne"
"DICYNONE 250MG INJ AMP DETAIL";"750";"Médicament";"Etamsylate";"250mg";"Injectable";"ST";"Antihemorragique";"même marque dans la base PHARMACORP";"moyenne"
"DICYNONE 500MG GELULE B/20";"5475";"Médicament";"Etamsylate";"500mg";"Gélule";"ST";"Antihemorragique";"même marque dans la base PHARMACORP";"moyenne"
"DIETAZ SP F/125ML";"5830";"Médicament";"Sorbitol + Extraits liquide de curcuma + de gentiane + d'artichaut, d'anis + de réglisse + de rhubarbe +arômes menthe verte + Huiles essentielles de menthe poivrée + sorbate de potassium + benzoate de sodium + acide cirtique + HE de carvi + eau purifiée";"125ml";"Sirop";"ST";"Antispasmodique, Hepatoprotecteur";"même marque dans la base PHARMACORP";"moyenne"
"DIETERS DRINK TEA SACHET B/30";"7880";"Nutrition / complément";"";"";"Poudre / sachet";"";"";"hors médicament";"haute"
"DIFENASOL COLL F/5ML";"1235";"Médicament";"Diclofenac";"5ml";"Collyre";"Liste II";"Antiinflammatoire non steroidien";"même marque dans la base PHARMACORP";"moyenne"
"DIFFU K GELULE B/40";"4825";"Médicament";"Chlorure de potassium";"";"Gélule";"";"";"identification manuelle (marque)";"moyenne"
"DIFLAMMEX 50MG CPR B/40";"4855";"Médicament";"Diclofenac";"50mg";"Comprimé";"Liste II";"Antiinflammatoire non steroidien";"même marque dans la base PHARMACORP";"moyenne"
"DIFLUSTERO COLLYRE FL/5ML";"5130";"Médicament";"Difluprednate";"5ml";"Collyre";"";"";"identification manuelle (marque)";"à vérifier"
"DIFRAREL 100MG CPR B/20";"3535";"Médicament";"Extrait de myrtille + Beta-carotene";"100mg";"Comprimé";"";"";"identification manuelle (marque)";"moyenne"
"DIFRAREL E CPR DRG B/24";"2620";"Médicament";"Extrait de myrtille + Beta-carotene";"";"Comprimé";"";"";"identification manuelle (marque)";"moyenne"
"DIGEREX SP F/100ML";"2080";"";"";"100ml";"Sirop";"";"";"non identifié";"à vérifier"
"DIGEST HALEINE COMP A SUCER B/14";"6900";"Médicament";"Huile essentielle de fenouil + Extrait d'anis + Persil + Menthe + Papaye fermentée + Champex (complexe)";"";"Comprimé";"ST";"Complement alimentaire";"même marque dans la base PHARMACORP";"moyenne"
"DIGEST HALEINE COMP A SUCER B/28";"11000";"Médicament";"Huile essentielle de fenouil + Extrait d'anis + Persil + Menthe + Papaye fermentée + Champex (complexe)";"";"Comprimé";"ST";"Complement alimentaire";"même marque dans la base PHARMACORP";"moyenne"
"DIGOXINE NATI 0,05/1000 GT/60ML";"1805";"Médicament";"Digoxine";"0,05/1000g";"";"";"";"DCI citée dans la désignation";"moyenne"
"DIGOXINE NATI 0,25MG CPR B/30";"2540";"Médicament";"Digoxine";"0,25mg";"Comprimé";"";"";"DCI citée dans la désignation";"moyenne"
"DILOSON-AQ IM/IV DETAIL";"555";"Médicament";"Diclofenac";"";"Injectable";"";"";"identification manuelle (marque)";"moyenne"
"DIMI GEL T/30G";"1455";"Médicament";"Diclofenac diethylamine + Diclofenac sodique + Huile de lin + Salicylate de methyle + Menthol + Alcool benzylique";"5%, 10%, 1%, 3%, 1,16 %";"Crème / pommade / gel";"Liste II";"Analgesique, Antiinflammatoire";"base PHARMACORP";"haute"
"DIOF 200MG/500MG COMP B/10";"2635";"Médicament";"Ofloxacine + Ornidazole";"200mg/500mg";"Comprimé";"Liste I";"Antiparasitaire ( Nitro imidazoles + Quinolone 2 génération), Antibiotique Antibacterien";"même marque dans la base PHARMACORP";"moyenne"
"DIOVENOR 600MG COMP B/30";"13380";"Médicament";"Diosmine";"600mg";"Comprimé";"ST";"Antihemorroidaire, Veinotonique, Vasculoprotecteur";"même marque dans la base PHARMACORP";"moyenne"
"DIOVENOR 600MG CPR B/15";"6240";"Médicament";"Diosmine";"600mg";"Comprimé";"ST";"Antihemorroidaire, Veinotonique, Vasculoprotecteur";"base PHARMACORP";"haute"
"DIPARA CPR B/10";"1790";"Médicament";"Diclofenac + Paracetamol";"";"Comprimé";"Liste II";"Antalgique, Antipyrétique, Antiinflammatoire non steroidien";"même marque dans la base PHARMACORP";"moyenne"
"DIPHOS 40MG/320MG CPR B/9";"3175";"Médicament";"Dihydroartemisinine + Piperaquine phosphate";"40mg/320mg";"Comprimé";"Liste I";"Antipaludique";"base PHARMACORP";"haute"
"DIPROLENE 0,05% POM T/15G";"1940";"Médicament";"Betamethasone";"0,05%";"Crème / pommade";"Liste I";"Antiinflammatoire steroidien (Glucocorticoide)";"même marque dans la base PHARMACORP";"moyenne"
"DIPROSALIC LOTION F/30G";"3175";"Cosmétique / dermo";"";"30g";"";"";"";"hors médicament (filtre)";"moyenne"
"DIPROSALIC POM T/30G";"4145";"Médicament";"Betamethasone + Acide salicylique";"30g";"Crème / pommade";"Liste I";"Antiinflammatoire steroidien, Dermocorticoide";"même marque dans la base PHARMACORP";"moyenne"
"DIPROSONE 0,05% CREME T/30G 3400932309016";"3175";"Médicament";"Betamethasone";"0,05%";"Crème / pommade";"Liste I";"Antiinflammatoire steroidien (Glucocorticoide)";"même marque dans la base PHARMACORP";"moyenne"
"DIPROSONE 0,05% POMMADE T/30G 3400932308293";"3760";"Médicament";"Betamethasone";"0,05%";"Crème / pommade";"Liste I";"Antiinflammatoire steroidien (Glucocorticoide)";"même marque dans la base PHARMACORP";"moyenne"
"DIPROSONE 0.05% LOTION FL/30MG";"3465";"Cosmétique / dermo";"";"0.05%";"";"";"";"hors médicament (filtre)";"moyenne"
"DIPROSTENE SUSP INJ SER PRER/1ML (F)";"4740";"Médicament";"Betamethasone dipropionate + betamethasone phosphate dissodique";"1ml";"Injectable";"Liste I";"Antiinflammatoire steroidien";"même marque dans la base PHARMACORP";"moyenne"
"DIPROSTENE SUSP INJ SER PRER/1ML+AIG B/1 3400932005093";"4740";"Médicament";"Betamethasone dipropionate + betamethasone phosphate dissodique";"1ml";"Injectable";"Liste I";"Antiinflammatoire steroidien";"même marque dans la base PHARMACORP";"moyenne"
"DISFOR 500MG COMP.B/20";"4325";"Médicament";"Methocarbamol";"500mg";"Comprimé";"Liste II";"Myorelaxant";"même marque dans la base PHARMACORP";"moyenne"
"DISLEP 25MG AMP INJ 2ML B/6";"6380";"Médicament";"Levosulpiride";"25mg";"Injectable";"Liste II";"Regulateur du transit intestinal";"même marque dans la base PHARMACORP";"moyenne"
"DISLEP 25MG AMP INJ DETAIL";"1065";"Médicament";"Levosulpiride";"25mg";"Injectable";"Liste II";"Regulateur du transit intestinal";"même marque dans la base PHARMACORP";"moyenne"
"DISLEP 25MG CPR B/20";"6380";"Médicament";"Levosulpiride";"25mg";"Comprimé";"Liste II";"Regulateur du transit intestinal";"même marque dans la base PHARMACORP";"moyenne"
"DISMIGRAS 10MG CPR PELL B/30";"4855";"Médicament";"Rosuvastatine";"10mg";"Comprimé";"Liste I";"Hypocholesterolemiant (Statines), Hypolipemiant";"même marque dans la base PHARMACORP";"moyenne"
"DISMIGRAS 20MG CPR PELL B/30";"6240";"Médicament";"Rosuvastatine";"20mg";"Comprimé";"Liste I";"Hypocholesterolemiant (Statines), Hypolipemiant";"même marque dans la base PHARMACORP";"moyenne"
"DISMIGRAS 5MG B/30";"2775";"Médicament";"Rosuvastatine";"5mg";"";"Liste I";"Hypocholesterolemiant (Statines), Hypolipemiant";"même marque dans la base PHARMACORP";"moyenne"
"DISTEM 300MG/380MG CPR B/50";"4435";"Médicament";"Methocarbamol + paracetamol";"300mg/380mg";"Comprimé";"Liste II";"Antalgique, Antipyrétique, Myorelaxant";"même marque dans la base PHARMACORP";"moyenne"
"DISUF-B CR T/15G";"1365";"Médicament";"Acide fusidique + Betamethasone";"15g";"Crème / pommade / gel";"Liste I";"Antiinflammatoire steroidien, Antibiotique Antibacterien";"base PHARMACORP";"haute"
"DITROPAN 5MG COMP SEC B/60 3400932730759";"3910";"Médicament";"Oxybutynine chlorhydrate";"5mg";"Comprimé";"Liste II";"Incontinence urinaire";"même marque dans la base PHARMACORP";"moyenne"
"DIVERS 2";"929745";"";"";"";"";"";"";"non identifié";"à vérifier"
"DIVERS 3";"929745";"";"";"";"";"";"";"non identifié";"à vérifier"
"DIZONAL GEL T/30G";"3465";"";"";"30g";"Gel";"";"";"non identifié";"à vérifier"
"DOC BIENVENUE";"272785";"";"";"";"";"";"";"non identifié";"à vérifier"
"DODIE BIB SENS+0-6M VERRE DEB1 BGE150ML";"6185";"Dispositif médical / consommable";"";"150ml";"";"";"";"hors médicament";"haute"
"DODIE BRUME RAFR EAU THERMALE SPR/300ML";"6700";"Dispositif médical / consommable";"";"300ml";"";"";"";"hors médicament";"haute"
"DODIE GOUPILLON 2 EN 1";"9865";"Dispositif médical / consommable";"";"";"";"";"";"hors médicament";"haute"
"DODIE PLAST COL LRGE 270ML";"8025";"Dispositif médical / consommable";"";"270ml";"";"";"";"hors médicament";"haute"
"DODIE SUCET ANAT+18M FLUO MONSTRE A60/1";"2985";"Dispositif médical / consommable";"";"";"";"";"";"hors médicament";"haute"
"DODIE SUCETTE ANAT +18 FILLE A47 B/2";"5100";"Dispositif médical / consommable";"";"";"";"";"";"hors médicament";"haute"
"DODIE SUCETTE ANAT +18 GARCON A8 B/2";"5100";"Dispositif médical / consommable";"";"18g";"";"";"";"hors médicament";"haute"
"DODIE SUCETTE PHYSIO SILICONE 0-6M NUIT";"8025";"Dispositif médical / consommable";"";"";"";"";"";"hors médicament";"haute"
"DODIE SUCETTE SILICON +6MOIS NUIT";"3550";"Dispositif médical / consommable";"";"";"";"";"";"hors médicament";"haute"
"DOGMATIL FORT 200MG CPR B/12";"3105";"Médicament";"Sulpiride";"200mg";"Comprimé";"Liste I";"Neuroleptique, Antipsychotique";"même marque dans la base PHARMACORP";"moyenne"
"DOIGTIER 2 DOIGTS UU ROBE/100";"1225";"Dispositif médical / consommable";"";"";"";"";"";"hors médicament";"haute"
"DOIGTIERS SACHET/1";"75";"Dispositif médical / consommable";"";"";"Poudre / sachet";"";"";"hors médicament";"haute"
"DOL-P 37,5/325MG CPR PELL B/10";"3175";"Médicament";"Tramadol chlorhydrate + Paracetamol";"37,5mg/325mg";"Comprimé";"Liste I";"Analgesique, Antalgique";"base PHARMACORP";"haute"
"DOLAMINE CPR B/20";"1205";"Médicament";"Paracetamol + Cafeine + Promethazine chlorhydrate";"";"Comprimé";"ST";"Antalgique, Antihistaminique, Antipyrétique";"même marque dans la base PHARMACORP";"moyenne"
"DOLBUFEN 400MG/325MG COMP B/20";"2415";"Médicament";"Ibuprofene + Paracetamol";"400mg/325mg";"Comprimé";"Liste II";"Antalgique, Antipyrétique, Antiinflammatoire non steroidien";"même marque dans la base PHARMACORP";"moyenne"
"DOLEX 0,1% COLL F/10ML";"2775";"Médicament";"Diclofenac";"0,1%";"Collyre";"Liste II";"Antiinflammatoire non steroidien";"même marque dans la base PHARMACORP";"moyenne"
"DOLEX 50MG CP B/30";"1735";"Médicament";"Diclofenac";"50mg";"Comprimé";"Liste II";"Antiinflammatoire non steroidien";"même marque dans la base PHARMACORP";"moyenne"
"DOLEX 75MG IM SOL INJ AMP 3ML B/5";"1385";"Médicament";"Diclofenac";"75mg";"Injectable";"Liste II";"Antiinflammatoire non steroidien";"même marque dans la base PHARMACORP";"moyenne"
"DOLEX SR 75MG CP B/30";"3465";"Médicament";"Diclofenac";"75mg";"Comprimé";"Liste II";"Antiinflammatoire non steroidien";"même marque dans la base PHARMACORP";"moyenne"
"DOLIMEX 125MG SUPPO B/10";"1125";"Médicament";"Paracetamol";"125mg";"Suppositoire / ovule";"ST";"Antalgique, Antipyrétique";"base PHARMACORP";"haute"
"DOLIMEX 1G CPR EFFV B/8";"1110";"Médicament";"Paracetamol";"1g";"Comprimé";"ST";"Antalgique, Antipyrétique";"base PHARMACORP";"haute"
"DOLIMEX 1G PDRE SUSP BUV SACH B/8";"1095";"Médicament";"Paracetamol";"1g";"Sirop / solution buvable";"ST";"Antalgique, Antipyrétique";"base PHARMACORP";"haute"
"DOLIMEX 200MG PDRE SUSP BUV SACH B/12";"1305";"Médicament";"Paracetamol";"200mg";"Sirop / solution buvable";"ST";"Antalgique, Antipyrétique";"base PHARMACORP";"haute"
"DOLIMEX 250MG SUPPO B/10";"1125";"Médicament";"Paracetamol";"250mg";"Suppositoire / ovule";"ST";"Antalgique, Antipyrétique";"base PHARMACORP";"haute"
"DOLIMEX 300MG PDRE SUSP SACHET B/12";"1315";"";"";"300mg";"Suspension buvable";"";"";"non identifié";"à vérifier"
"DOLIMEX 500MG CPR EFFV B/16";"1180";"Médicament";"Paracetamol";"500mg";"Comprimé";"ST";"Antalgique, Antipyrétique";"base PHARMACORP";"haute"
"DOLIMEX 500MG PDRE SUSP BUV SACH B/12";"1135";"Médicament";"Paracetamol";"500mg";"Sirop / solution buvable";"ST";"Antalgique, Antipyrétique";"base PHARMACORP";"haute"
"DOLIMEX GORGE PAST GINGEMBRE B/12";"1965";"Médicament";"Menthe verte + Camphre + Eucalyptus bleu + Reglisse + Gingembre + Arome gingembre";"5.75mg/0,18mg/1,5mg/2,2mg/0,5mg/0,075mg";"Autre";"ST";"Antitussif";"base PHARMACORP";"haute"
"DOLIMEX MIGRAINE CP EFF B/16";"2635";"";"";"";"Comprimé";"";"";"non identifié";"à vérifier"
"DOLIMEX PERF 10MG/ML SOL POCH/100ML";"2220";"Médicament";"Paracetamol";"10mg/Ml";"Injectable";"ST";"Antalgique, Antipyrétique";"base PHARMACORP";"haute"
"DOLIPRANE 1000MG CPR EFFV B/8";"1440";"Médicament";"Paracetamol";"1000mg";"Comprimé";"";"";"identification manuelle (marque)";"moyenne"
"DOLIPRANE 1000MG SACHET B/8";"1165";"Médicament";"Paracetamol";"1000mg";"Poudre / sachet";"";"";"identification manuelle (marque)";"moyenne"
"DOLIPRANE 100MG NN BB SUPPO B/10";"1250";"Médicament";"Paracetamol";"100mg";"Suppositoire";"";"";"identification manuelle (marque)";"moyenne"
"DOLIPRANE 150MG ENF SUPPO B/10";"1250";"Médicament";"Paracetamol";"150mg";"Suppositoire";"";"";"identification manuelle (marque)";"moyenne"
"DOLIPRANE 1G COMP SEC B/8";"1165";"Médicament";"Paracetamol";"1g";"Comprimé";"";"";"identification manuelle (marque)";"moyenne"
"DOLIPRANE 1G GELULE B/8 3400941533969";"1135";"Médicament";"Paracetamol";"1g";"Gélule";"";"";"identification manuelle (marque)";"moyenne"
"DOLIPRANE 2,4% SUSP BUV SS F/100ML";"1885";"Médicament";"Paracetamol";"0.024";"Sirop / solution buvable";"ST";"Antalgique, Antipyrétique";"base PHARMACORP";"haute"
"DOLIPRANE 200MG SACH B/12";"1375";"Médicament";"Paracetamol";"200mg";"Poudre / sachet";"";"";"identification manuelle (marque)";"moyenne"
"DOLIPRANE 200MG SUPPO B/10";"1250";"Médicament";"Paracetamol";"200mg";"Suppositoire";"";"";"identification manuelle (marque)";"moyenne"
"DOLIPRANE 300MG ENF SUPPO/10";"1250";"Médicament";"Paracetamol";"300mg";"Suppositoire";"";"";"identification manuelle (marque)";"moyenne"
"DOLIPRANE 300MG PDRE SACH B/12";"1375";"Médicament";"Paracetamol";"300mg";"Poudre / sachet";"";"";"identification manuelle (marque)";"moyenne"
"DOLIPRANE 500 VIT C COMP EFF/16";"1455";"Médicament";"Paracetamol";"";"Comprimé";"";"";"identification manuelle (marque)";"moyenne"
"DOLIPRANE 500MG COMP EFF T/16";"1510";"Médicament";"Paracetamol";"500mg";"Comprimé";"";"";"identification manuelle (marque)";"moyenne"
"DOLIPRANE 500MG CPR B/16";"1190";"Médicament";"Paracetamol";"500mg";"Comprimé";"";"";"identification manuelle (marque)";"moyenne"
"DOLIPRANE 500MG PDRE SACH B/12";"1505";"Médicament";"Paracetamol";"500mg";"Poudre / sachet";"";"";"identification manuelle (marque)";"moyenne"
"DOLIPREX SACH B/8";"1805";"Médicament";"Paracetamol + pseudoephedrine + vit c";"";"Poudre / sachet";"ST";"Rhume et etat grippal";"même marque dans la base PHARMACORP";"moyenne"
"DOLIRHUME 500/30MG CP B/16";"2705";"Médicament";"Paracetamol + pseudoephedrine";"500/30mg";"Comprimé";"ST";"Rhume et etat grippal";"même marque dans la base PHARMACORP";"moyenne"
"DOLKO SUSP BUV FL/90ML";"2260";"Médicament";"Paracetamol";"90ml";"Suspension buvable";"ST";"Antalgique, Antipyrétique";"même marque dans la base PHARMACORP";"moyenne"
"DOLMIGAN 3000 COMP.B/30";"7655";"";"";"";"Comprimé";"";"";"non identifié";"à vérifier"
"DOLMIGAN 50MG/500MG/4MG/100MG COMP B/10";"980";"";"";"50mg/500mg";"Comprimé";"";"";"non identifié";"à vérifier"
"DOLMIGAN GEL T/50G";"2610";"Médicament";"Etoricoxib + Huile de Lin + Menthol + Salicate de methyl";"NR";"Crème / pommade / gel";"ST";"Antiinflammatoire non steroidien, Myorelaxant";"base PHARMACORP";"haute"
"DOLMUS 500MG/500MG/50MG CPR B/10";"3005";"Médicament";"Methocarbamol + Paracetamol + Diclofenac";"500mg/500mg/50mg";"Comprimé";"Liste II";"Antalgique, Antiinflammatoire, Myorelaxant";"base PHARMACORP";"haute"
"DOLO DENK GEL T/20G";"2565";"";"";"20g";"Gel";"";"";"non identifié";"à vérifier"
"DOLODENT SOL GINGIVAL F/27G";"3050";"Médicament";"Amyleine chlorhydrate";"27g";"";"ST";"Anesthesique local";"même marque dans la base PHARMACORP";"moyenne"
"DOLOFORTE DENK CP B/20";"2495";"";"";"";"Comprimé";"";"";"non identifié";"à vérifier"
"DOLOGAN DENK COMP B/20 3664540019259";"2220";"";"";"";"Comprimé";"";"";"non identifié";"à vérifier"
"DOLOGEL GEL GINGIVAL T/25ML";"4410";"Médicament";"Valeriana officinalis extract + Chamomilla recutita + Propolis cera";"5%/5 %/5 %";"Crème / pommade / gel";"ST";"gel gingival";"base PHARMACORP";"haute"
"DOLOSEPTYL BAIN BCHE UNID/10ML B/10";"4960";"Médicament";"Aqua + Glycerine + Polysorbate 20 + Acide citrique + Bicarbonate de sodium + Chamomilla recutita (Matricaria) flower extract + Propolis Cera (Wax) + Dipotassium Glycyrrhizate + Hexetidine + Sodium lauryl sulfate + Parfum (Fragrance) + Sodium cyclamate";"multidosage";"Autre";"ST";"Bains de bouche";"base PHARMACORP";"haute"
"DOLOSTOP 1G COMP.EFF.B/8";"1250";"Médicament";"Paracetamol";"1g";"Comprimé";"ST";"Antalgique, Antipyrétique";"même marque dans la base PHARMACORP";"moyenne"
"DOLOSTOP 500MG COMP.EFF.B/16";"1250";"Médicament";"Paracetamol";"500mg";"Comprimé";"ST";"Antalgique, Antipyrétique";"même marque dans la base PHARMACORP";"moyenne"
"DOLOSTOP PED.S.BUV.F/90ML";"1250";"Médicament";"Paracetamol";"90ml";"";"ST";"Antalgique, Antipyrétique";"même marque dans la base PHARMACORP";"moyenne"
"DOLOTREN 100MG GELULE B/20 5055382311386";"3675";"Médicament";"Diclofenac";"100mg";"Gélule";"Liste II";"Antiinflammatoire non steroidien";"même marque dans la base PHARMACORP";"moyenne"
"DOLOTREN 50MG COMP B/20";"2275";"Médicament";"Diclofenac";"50mg";"Comprimé";"Liste II";"Antiinflammatoire non steroidien";"même marque dans la base PHARMACORP";"moyenne"
"DOLOTREN 75MG INJ B/6 3705629271127";"3160";"Médicament";"Diclofenac";"75mg";"Injectable";"Liste II";"Antiinflammatoire non steroidien";"même marque dans la base PHARMACORP";"moyenne"
"DOLOTREN 75MG INJ DETAIL";"525";"Médicament";"Diclofenac";"75mg";"Injectable";"Liste II";"Antiinflammatoire non steroidien";"même marque dans la base PHARMACORP";"moyenne"
"DOLOTREN DISPERSIBLE B/40";"5285";"Médicament";"Diclofenac";"";"";"Liste II";"Antiinflammatoire non steroidien";"même marque dans la base PHARMACORP";"moyenne"
"DOLOTREN GEL T/60G";"3035";"Médicament";"Diclofenac";"1%";"Crème / pommade / gel";"Liste II";"Antiinflammatoire non steroidien";"base PHARMACORP";"haute"
"DOLOTREN SUPPO B/12";"3050";"Médicament";"Diclofenac";"";"Suppositoire";"Liste II";"Antiinflammatoire non steroidien";"même marque dans la base PHARMACORP";"moyenne"
"DOLYC 1G CPR PELL B/10";"850";"Médicament";"Paracetamol";"1g";"Comprimé";"ST";"Antalgique, Antipyrétique";"base PHARMACORP";"haute"
"DOLYC 500MG CP B/20";"640";"Médicament";"Paracetamol";"500mg";"Comprimé";"ST";"Antalgique, Antipyrétique";"même marque dans la base PHARMACORP";"moyenne"
"DOMINO XL PRESERVATIF B/3";"1310";"Hygiène";"";"";"";"";"";"hors médicament";"haute"
"DOMPERIX 1MG/ML SIROP F/200ML";"1780";"Médicament";"Domperidone";"1mg";"Sirop";"";"";"identification manuelle (marque)";"moyenne"
"DONORMYL 15MG CP EFFV B/10";"3160";"Médicament";"Doxylamine succinate";"15mg";"Comprimé";"ST";"Hypnotique (Phenotiazines), Antihistaminique H1";"même marque dans la base PHARMACORP";"moyenne"
"DONORMYL 15MG CP SEC B/10";"2605";"Médicament";"Doxylamine succinate";"15mg";"Comprimé";"ST";"Hypnotique (Phenotiazines), Antihistaminique H1";"même marque dans la base PHARMACORP";"moyenne"
"DONTOMYCINE 1,5MUI COMP B/16";"4575";"Médicament";"Spiramycine";"1,5mui";"Comprimé";"Liste I";"Antiinfectieux, Antibacterien (Macrolides)";"même marque dans la base PHARMACORP";"moyenne"
"DONTOMYCINE 3MUI CPR B/10";"4715";"Médicament";"Spiramycine";"3mui";"Comprimé";"Liste I";"Antiinfectieux, Antibacterien (Macrolides)";"même marque dans la base PHARMACORP";"moyenne"
"DORZODROP 20MG/ML COLLYRE F/5ML";"6515";"Médicament";"Dorzolamide chlorhydrate";"20mg";"Collyre";"Liste I";"Antiglaucomateux";"même marque dans la base PHARMACORP";"moyenne"
"DORZODROP T 20MG/ML COLLYRE F/5ML";"9540";"Médicament";"Dorzolamide chlorhydrate";"20mg";"Collyre";"Liste I";"Antiglaucomateux";"même marque dans la base PHARMACORP";"moyenne"
"DORZOLAMIDE BGR 20MG/ML CY FL/5ML B/1";"5545";"Médicament";"Dorzolamide chlorhydrate";"20mg";"";"";"";"DCI citée dans la désignation";"moyenne"
"DORZOLAMIDE/TIMOLOL BGR CY FL/5ML";"6935";"Médicament";"Dorzolamide chlorhydrate + timolol";"5ml";"";"";"";"DCI citée dans la désignation";"moyenne"
"DOSIFIX PERFUSOR 180CM B/1";"6270";"Dispositif médical / consommable";"";"";"Injectable";"";"";"hors médicament";"haute"
"DOSIFIX SAFESET MIDR SPL/PS250";"6255";"Dispositif médical / consommable";"";"";"";"";"";"hors médicament";"haute"
"DOSTINEX 0,5MG COMP B/8";"31140";"Médicament";"Cabergoline";"0,5mg";"Comprimé";"Liste I";"Inhibiteur de la prolactine";"même marque dans la base PHARMACORP";"moyenne"
"DOULEREX COMP B/30";"4160";"Médicament";"Menthol + Eucalyptus globulus + Huile Wintergreen + Turpentine + Huile de girofle + Oleoresin + Asthisahari + Camphre + Withania somnifera";"";"Comprimé";"ST";"Analgesique";"même marque dans la base PHARMACORP";"moyenne"
"DOULEREX GEL T/30G";"1230";"Médicament";"Menthol + Eucalyptus globulus + Huile Wintergreen + Turpentine + Huile de girofle + Oleoresin + Asthisahari + Camphre + Withania somnifera";"6%/2%/12%/2%/0,5%/0,0125%/2%/6%/1%";"Crème / pommade / gel";"ST";"Analgesique";"base PHARMACORP";"haute"
"DOULEREX SPRAY FL/30G";"2430";"Médicament";"Menthol + Eucalyptus globulus + Huile Wintergreen + Turpentine + Huile de girofle + Oleoresin + Asthisahari + Camphre + Withania somnifera";"30g";"Spray";"ST";"Analgesique";"même marque dans la base PHARMACORP";"moyenne"
"DOVE BODY LOVE LOTION CORPS 400ML";"4200";"Cosmétique / dermo";"";"400ml";"";"";"";"hors médicament";"haute"
"DOVE BODY WASH 750ML";"6000";"Cosmétique / dermo";"";"750ml";"";"";"";"hors médicament";"haute"
"DOVE SAVON EXFOLIANT DETAIL 200G";"1000";"Cosmétique / dermo";"";"200g";"";"";"";"hors médicament";"haute"
"DOVE SAVON EXFOLIANT PACK DE 4";"3850";"Cosmétique / dermo";"";"";"";"";"";"hors médicament";"haute"
"DOVE SAVON ORIGINAL DETAIL PAIN/200G";"1000";"Cosmétique / dermo";"";"200g";"";"";"";"hors médicament";"haute"
"DOVE SAVON ORIGINAL PACK DE 4X200G";"3850";"Cosmétique / dermo";"";"200g";"";"";"";"hors médicament";"haute"
"DOXIUM 500MG CAPS B/30";"5685";"Médicament";"Dobesilate de calcium";"500mg";"Gélule";"ST";"Veinotonique";"base PHARMACORP";"haute"
"DOXY 200MG CPR B/8";"2400";"Médicament";"Doxycycline";"200mg";"Comprimé";"Liste I";"Antiinfectieux, Antibacterien (Cyclines)";"même marque dans la base PHARMACORP";"moyenne"
"DOXY DENK 100MG CPR B/20";"4050";"Médicament";"Doxycycline";"100mg";"Comprimé";"Liste I";"Antiinfectieux, Antibacterien (Cyclines)";"base PHARMACORP";"haute"
"DOXY DENK 200MG CPR PELL B/8";"2495";"Médicament";"Doxycycline";"200mg";"Comprimé";"Liste I";"Antiinfectieux, Antibacterien (Cyclines)";"base PHARMACORP";"haute"
"DOXYCYCLINE CREA T 100 BL 10X10 CES";"4815";"Médicament";"Doxycycline";"";"";"";"";"DCI citée dans la désignation";"moyenne"
"DOXYCYCLINE CREAT 100MG COMP DETAIL";"485";"Médicament";"Doxycycline";"100mg";"Comprimé";"";"";"DCI citée dans la désignation";"moyenne"
"DOXYCYCLINE CREAT 200 COMP 10BL 10";"6795";"Médicament";"Doxycycline";"";"Comprimé";"";"";"DCI citée dans la désignation";"moyenne"
"DOXYCYCLINE CREAT 200MG COMP DETAIL";"680";"Médicament";"Doxycycline";"200mg";"Comprimé";"";"";"DCI citée dans la désignation";"moyenne"
"DOXYNOR 100MG CPR B/20";"4160";"Médicament";"Doxycycline";"100mg";"Comprimé";"Liste I";"Antiinfectieux, Antibacterien (Cyclines)";"même marque dans la base PHARMACORP";"moyenne"
"DR LM THE MINCEUR B/20 SACHET";"7000";"Nutrition / complément";"";"";"Poudre / sachet";"";"";"hors médicament";"haute"
"DR TEALS COCO LAIT CORPS FL/532ML";"16500";"Cosmétique / dermo";"";"532ml";"";"";"";"hors médicament";"haute"
"DR TEALS EUCALYPTUS LAIT CORPS FL/532ML";"16500";"Cosmétique / dermo";"";"532ml";"";"";"";"hors médicament";"haute"
"DR TEALS LAVANDE LAIT CORPS FL/532ML";"16500";"Cosmétique / dermo";"";"532ml";"";"";"";"hors médicament";"haute"
"DR TEALS VIT C LAIT CORPS FL/532ML";"20000";"Cosmétique / dermo";"";"532ml";"";"";"";"hors médicament";"haute"
"DRENOXOL 30MG/10ML SP FL/200ML";"3465";"Médicament";"Ambroxol chlorhydrate";"30mg/10ml";"Sirop";"Liste I";"Fluidifiant bronchique";"même marque dans la base PHARMACORP";"moyenne"
"DRENOXOL 3MG/ML AMP BUV/10ML B/20";"4370";"Médicament";"Ambroxol chlorhydrate";"3mg";"Injectable";"Liste I";"Fluidifiant bronchique";"même marque dans la base PHARMACORP";"moyenne"
"DRILL TX SECHE ENF SP F/125ML";"3660";"Médicament";"Dextromethorphane";"125ml";"Sirop";"";"";"identification manuelle (marque)";"à vérifier"
"DRILL TX SECHE SS AD F/125ML";"3660";"Médicament";"Dextromethorphane";"125ml";"Suspension buvable";"";"";"identification manuelle (marque)";"à vérifier"
"DRILL TX SECHE SS ENF F/125ML";"3660";"Médicament";"Dextromethorphane";"125ml";"Suspension buvable";"";"";"identification manuelle (marque)";"à vérifier"
"DUBIX CP 500/250MG B/10";"4575";"Médicament";"Acide tranexamique + Acide mefenamique";"500/250mg";"Comprimé";"Liste I";"Analgesique, Antalgique, Antihemorragique";"même marque dans la base PHARMACORP";"moyenne"
"DUCRAY DEXYANE MED CR REPAR/100ML";"12260";"Cosmétique / dermo";"";"100ml";"Crème / pommade";"";"";"hors médicament";"haute"
"DUCRAY ICTYANE ECLAT LAIT FL/400ML";"22900";"Cosmétique / dermo";"";"400ml";"";"";"";"hors médicament";"haute"
"DUCRAY ICTYANE LAIT HYDR CORPS F/400ML";"17670";"Cosmétique / dermo";"";"400ml";"";"";"";"hors médicament";"haute"
"DUCRAY KERACNYL LOTION NETTOYANTE 200ML";"9000";"Cosmétique / dermo";"";"200ml";"";"";"";"hors médicament";"haute"
"DULCOLAX 5MG CP B/30";"12285";"Médicament";"Bisacodyl";"5mg";"Comprimé";"ST";"Laxatif";"même marque dans la base PHARMACORP";"moyenne"
"DUO ARTISIN 40MG/320MG CPR B/9";"3815";"Médicament";"Dihydroartemisinine + Piperaquine phosphate";"40mg/320mg";"Comprimé";"Liste I";"Antipaludique";"base PHARMACORP";"haute"
"DUO ARTISIN90/720MG/5ML PDR SUSP BUV60ML";"3900";"Médicament";"Dihydroartemisinine + Piperaquine phosphate";"90mg/720mg";"Sirop / solution buvable";"Liste I";"Antipaludique";"base PHARMACORP";"haute"
"DUO COTECXIN 320/40MG CPR B/9";"3815";"Médicament";"Dihydroartemisinine + Piperaquine phosphate";"320/40mg";"Comprimé";"Liste I";"Antipaludique";"même marque dans la base PHARMACORP";"moyenne"
"DUO COTECXIN 40/320MG CPR B/12";"4575";"Médicament";"Dihydroartemisinine + Piperaquine phosphate";"40mg/320mg";"Comprimé";"Liste I";"Antipaludique";"base PHARMACORP";"haute"
"DUOPAL 40MG/240MG CPR B/12";"2240";"Médicament";"Artemether + Lumefantrine";"40mg/240mg";"Comprimé";"Liste I";"Antipaludique";"base PHARMACORP";"haute"
"DUOPAL 80MG/480MG CPR B/6";"1970";"Médicament";"Artemether + Lumefantrine";"80mg/480mg";"Comprimé";"Liste I";"Antipaludique";"base PHARMACORP";"haute"
"DUOSKIN CREME T/15G";"4855";"Médicament";"Diflucortolone + Isoconazole";"15g";"Crème / pommade";"Liste I";"Antimycosique, Antiinflammatoire steroidien";"même marque dans la base PHARMACORP";"moyenne"
"DUOTAB 40MG/320MG CPR B/9";"3465";"Médicament";"Dihydroartemisinine + Piperaquine phosphate";"40mg/320mg";"Comprimé";"Liste I";"Antipaludique";"base PHARMACORP";"haute"
"DUOTEM 40MG/320MG CPR B/9";"3700";"Médicament";"Dihydroartemisinine + Piperaquine phosphate";"40mg/320mg";"Comprimé";"Liste I";"Antipaludique";"base PHARMACORP";"haute"
"DUOTEM PDRE SUSP BUV F/80ML";"2980";"Médicament";"Dihydroartemisinine + Piperaquine phosphate";"80ml";"Suspension buvable";"Liste I";"Antipaludique";"même marque dans la base PHARMACORP";"moyenne"
"DUPHALAC 10G/15ML SOL BUV SACH/20";"2940";"Médicament";"Lactulose";"10g/15ml";"Poudre / sachet";"ST";"Laxatif";"même marque dans la base PHARMACORP";"moyenne"
"DUPHALAC SP F/200ML";"1830";"Médicament";"Lactulose";"200ml";"Sirop";"ST";"Laxatif";"même marque dans la base PHARMACORP";"moyenne"
"DUPHASTON 10MG CP B/10";"3160";"Médicament";"Dydrogesterone";"10mg";"Comprimé";"Liste I";"Progestatif";"même marque dans la base PHARMACORP";"moyenne"
"DUPHASTON 10MG CP B/20";"6325";"Médicament";"Dydrogesterone";"10mg";"Comprimé";"Liste I";"Progestatif";"même marque dans la base PHARMACORP";"moyenne"
"DUREGRA 50MG COMP B/4";"5545";"Médicament";"Sildenafil";"50mg";"Comprimé";"Liste I";"Troubles de l'érection";"même marque dans la base PHARMACORP";"moyenne"
"DUREX PLAY GEL LUBRIFIANT SENSITIV F/50ML";"8000";"Hygiène";"";"50ml";"Gel";"";"";"hors médicament";"haute"
"DUREX SENSILUBE FLUID LUBRIF INT FL/40ML";"7750";"Hygiène";"";"40ml";"";"";"";"hors médicament";"haute"
"DUSPATALIN 200MG GEL B/30";"4130";"Médicament";"Mebeverine chlorhydrate";"200mg";"Gélule";"Liste II";"Antispasmodique (Musculotrope)";"même marque dans la base PHARMACORP";"moyenne"
"DUTASTERIDE BIOG 0,5MG CAPS MOLLE B/30";"9845";"Médicament";"Dutasteride";"0,5mg";"Gélule";"";"";"identification manuelle (marque)";"moyenne"
"DUTASTERIDE/TAMSULO EG 0,5/0,4MG GEL B/30 3400930191583";"15450";"Médicament";"Dutasteride + Tamsulosine";"0,5/0,4mg";"Gélule";"";"";"identification manuelle (marque)";"moyenne"
"DYLAGEL GEL T/40G";"2220";"Médicament";"Menthol + huile d'eucalyptus + salicylate de methyle + huile de térébentine";"NR";"Crème / pommade / gel";"ST";"Analgesique, Antiinflammatoire";"base PHARMACORP";"haute"
"DYLDES 5MG CPR B/15";"3750";"Médicament";"Desloratadine";"5mg";"Comprimé";"Liste II";"Antiallergique, Antihistaminique H2";"même marque dans la base PHARMACORP";"moyenne"
"DYLDES 5MG CPR B/7";"2495";"Médicament";"Desloratadine";"5mg";"Comprimé";"Liste II";"Antiallergique, Antihistaminique H2";"même marque dans la base PHARMACORP";"moyenne"
"DYLDES SIROP F.60ML";"3330";"Médicament";"Desloratadine";"60ml";"Sirop";"Liste II";"Antiallergique, Antihistaminique H2";"même marque dans la base PHARMACORP";"moyenne"
"DYNAMOGEN AMPOULE BTE 20";"4425";"";"";"";"Injectable";"";"";"non identifié";"à vérifier"
"DYNAPAR 1% GEL DERM T/30G";"1440";"Médicament";"Diclofenac";"1%";"Gel";"";"";"identification manuelle (marque)";"moyenne"
"DYNAPAR 50MG/500MG COMP BLIS/10 DETAIL";"1385";"Médicament";"Diclofenac";"50mg/500mg";"Comprimé";"";"";"identification manuelle (marque)";"moyenne"
"DYNAPAR 50MG/500MG CPR 10BL 10";"13865";"Médicament";"Diclofenac";"50mg/500mg";"Comprimé";"";"";"identification manuelle (marque)";"moyenne"
"DYNAPAR 50MG/500MG CPR CPR B/20";"4160";"Médicament";"Diclofenac";"50mg/500mg";"Comprimé";"";"";"identification manuelle (marque)";"moyenne"
"DYNAPAR AQ 75MG/ML SOL INJ AMP B/5";"3815";"Médicament";"Diclofenac";"75mg";"Injectable";"";"";"identification manuelle (marque)";"moyenne"
"DYNAPAR EC 50MG COMP DETAIL BLISTER/10";"640";"Médicament";"Diclofenac";"50mg";"Comprimé";"";"";"identification manuelle (marque)";"moyenne"
"DYNAPAR EC 50MG CP B/10X10";"6380";"Médicament";"Diclofenac";"50mg";"Comprimé";"";"";"identification manuelle (marque)";"moyenne"
"DYNAPAR QPS 4% SOL EXT SPR F/15ML";"3105";"Médicament";"Diclofenac";"4%";"";"";"";"identification manuelle (marque)";"moyenne"
"DYNAPAR QPS 4% SPR F/30ML";"6240";"Médicament";"Diclofenac";"4%";"";"";"";"identification manuelle (marque)";"moyenne"
"DYNAPAR SR 100MG COMP B/100";"11090";"Médicament";"Diclofenac";"100mg";"Comprimé";"";"";"identification manuelle (marque)";"moyenne"
"DYNAPAR SR 100MG COMP BLIST/10 DETAIL";"1110";"Médicament";"Diclofenac";"100mg";"Comprimé";"";"";"identification manuelle (marque)";"moyenne"
"DYSEN DRY 500MG GR S BUV /30ML";"2430";"Médicament";"Secnidazole";"500mg";"";"Liste I";"Antiparasitaire (Nitro imidazoles), Antibiotique";"même marque dans la base PHARMACORP";"moyenne"
"DYSEN FORTE 1G COMP PELL B/2";"1455";"Médicament";"Secnidazole";"1g";"Comprimé";"Liste I";"Antiparasitaire (Nitro imidazoles), Antibiotique";"même marque dans la base PHARMACORP";"moyenne"
"DYSPNEE2 10/5MG COMP B/10";"2775";"Médicament";"Montelukast + Levocetirizine";"10/5mg";"Comprimé";"";"";"identification manuelle (marque)";"à vérifier"
"DYSPNEE2 4/2,5MG SP F/60ML";"3465";"Médicament";"Montelukast + Levocetirizine";"4/2,5mg";"Sirop";"";"";"identification manuelle (marque)";"à vérifier"
"EAU DE ROSE SENCIA 250ML CPF";"4590";"Cosmétique / dermo";"";"250ml";"";"";"";"hors médicament";"haute"
"EAU DISTILLEE 10CC 1 AMP";"290";"Médicament";"Eau pour preparations injectables";"";"Injectable";"";"";"identification manuelle (marque)";"moyenne"
"EAU OXYGENEE 10V GILB F/250ML";"2440";"Médicament";"Peroxyde d'hydrogene";"250ml";"";"";"";"identification manuelle (marque)";"moyenne"
"EAU OXYGENEE 10V GILB FL 120ML";"1755";"Médicament";"Peroxyde d'hydrogene";"120ml";"";"";"";"identification manuelle (marque)";"moyenne"
"EAU OXYGENEE 10V MERCUROCH FL/200";"1480";"Médicament";"Peroxyde d'hydrogene";"";"";"";"";"identification manuelle (marque)";"moyenne"
"EAU PPI AGT 10ML APP B/50 3400937064330";"21760";"Médicament";"Eau pour preparations injectables";"10ml";"";"";"";"identification manuelle (marque)";"moyenne"
"EAU PPI AGT APP DETAIL";"275";"Médicament";"Eau pour preparations injectables";"";"";"";"";"identification manuelle (marque)";"moyenne"
"EAU PPI BBRAUN 10ML B/1 ENG";"205";"Médicament";"Eau pour preparations injectables";"10ml";"";"";"";"identification manuelle (marque)";"moyenne"
"EAU PPI BBRAUN 10ML B/20 ENG";"4090";"Médicament";"Eau pour preparations injectables";"10ml";"";"";"";"identification manuelle (marque)";"moyenne"
"EAU PRECIEUSE LOTION FL/375ML";"10000";"Cosmétique / dermo";"";"375ml";"";"";"";"hors médicament";"haute"
"EBASTEL 10MG COMP B/20";"4105";"Médicament";"Ebastine";"10mg";"Comprimé";"Liste II";"Antihistaminique, Antiallergique";"même marque dans la base PHARMACORP";"moyenne"
"EBASTEL 1MG/ML SOL BUV FL/120ML";"5810";"Médicament";"Ebastine";"1mg";"";"Liste II";"Antihistaminique, Antiallergique";"même marque dans la base PHARMACORP";"moyenne"
"EBASTEL 20MG COMP B/30";"5600";"Médicament";"Ebastine";"20mg";"Comprimé";"Liste II";"Antihistaminique, Antiallergique";"même marque dans la base PHARMACORP";"moyenne"
"ECH EVOLUDERM DEO GRENADE F/200ML";"2435";"Cosmétique / dermo";"";"200ml";"";"";"";"hors médicament";"haute"
"ECONAZOLE ARROW 1% SOL FL/30G";"2400";"Médicament";"Econazole";"1%";"";"";"";"DCI citée dans la désignation";"moyenne"
"ECOREX 1% CREME DERMIQ TB 30G";"3385";"Médicament";"Econazole";"1%";"Crème / pommade";"Liste I";"Antifongique, Antimycosique";"même marque dans la base PHARMACORP";"moyenne"
"ECOREX 150MG OVULES BTE 3";"3800";"Médicament";"Econazole";"150mg";"Ovule";"Liste I";"Antifongique, Antimycosique";"même marque dans la base PHARMACORP";"moyenne"
"ECOREX LAIT DERMIQUE FL 30ML";"3385";"Médicament";"Econazole";"30ml";"";"Liste I";"Antifongique, Antimycosique";"même marque dans la base PHARMACORP";"moyenne"
"ECOX 90MG CPR B/30";"6935";"Médicament";"Etoricoxib";"90mg";"Comprimé";"Liste I";"Antiinflammatoire non steroidien";"base PHARMACORP";"haute"
"EDOLFENE 0,3MG/ML COLL F/5ML";"4425";"Médicament";"Flurbiprofene";"0,3mg/mL";"Collyre / ORL";"Liste II";"Antiinflammatoire non steroidien";"base PHARMACORP";"haute"
"EFFACLAR GEL MOUSSANT PUR T/200ML";"12570";"Cosmétique / dermo";"";"200ml";"Gel";"";"";"hors médicament";"haute"
"EFFEDERM 0.0% CREME T/30G";"2635";"Médicament";"Tretinoine";"0.0%";"Crème / pommade";"Liste I";"Antiacnéique (Rétinoides)";"même marque dans la base PHARMACORP";"moyenne"
"EFFERALGAN 1G CP EFFV B/8";"1470";"Médicament";"Paracetamol";"1g";"Comprimé";"";"";"identification manuelle (marque)";"moyenne"
"EFFERALGAN 1G FRUITS ROUGES CPR EFFV B/8";"1330";"Médicament";"Paracetamol";"1g";"Comprimé";"";"";"identification manuelle (marque)";"moyenne"
"EFFERALGAN 250MG SACH B/12";"1360";"Médicament";"Paracetamol";"250mg";"Sachet / poudre";"ST";"Antalgique, Antipyrétique";"base PHARMACORP";"haute"
"EFFERALGAN 500MG COMP EFF B/40";"4145";"Médicament";"Paracetamol";"500mg";"Comprimé";"";"";"identification manuelle (marque)";"moyenne"
"EFFERALGAN 500MG COMP EFF DETAIL/4";"415";"Médicament";"Paracetamol";"500mg";"Comprimé";"";"";"identification manuelle (marque)";"moyenne"
"EFFERALGAN 500MG CP EFFV B/16";"1580";"Médicament";"Paracetamol";"500mg";"Comprimé";"";"";"identification manuelle (marque)";"moyenne"
"EFFERALGAN 500MG CPR SEC B/16";"1400";"Médicament";"Paracetamol";"500mg";"Comprimé";"ST";"Antalgique, Antipyrétique";"base PHARMACORP";"haute"
"EFFERALGAN 500MG GEL B/16";"1315";"Médicament";"Paracetamol";"500mg";"Gélule";"";"";"identification manuelle (marque)";"moyenne"
"EFFERALGAN CODEIN CPR EFFV B/16";"2400";"Médicament";"Paracetamol";"";"Comprimé";"";"";"identification manuelle (marque)";"moyenne"
"EFFERALGAN CODEIN CPR SEC B/16";"2175";"Médicament";"Paracetamol";"";"Comprimé";"";"";"identification manuelle (marque)";"moyenne"
"EFFERALGAN PED BUV F/90ML";"1595";"Médicament";"Paracetamol";"90ml";"";"";"";"identification manuelle (marque)";"moyenne"
"EFFERALGAN PLUS 500/65MG B/10";"1305";"Médicament";"Paracetamol + Cafeine";"500/65mg";"";"";"";"identification manuelle (marque)";"moyenne"
"EFFERALGAN VIT C 500MG/200MG CPR EFFV/16";"1510";"Médicament";"Paracetamol + Acide ascorbique";"500mg/200mg";"Comprimé";"";"";"identification manuelle (marque)";"moyenne"
"EFFERALGANTAB 1G CPR PELL B/8";"1400";"Médicament";"Paracetamol";"1g";"Comprimé";"";"";"identification manuelle (marque)";"moyenne"
"EFFERCAL 250MG/200UI CPR EFFV B/20";"3050";"Médicament";"Calcium + Vit D3";"250mg";"Comprimé";"ST";"Supplement calcique";"même marque dans la base PHARMACORP";"moyenne"
"EFFEXOR LP 37.5MG GELULE B/30";"13685";"Médicament";"Venlafaxine";"37.5mg";"Gélule";"Liste I";"Antidepresseur (IRS)";"même marque dans la base PHARMACORP";"moyenne"
"EFFIZINC 15MG GELULE B/30";"5900";"Médicament";"Zinc";"15mg";"Gélule";"";"";"identification manuelle (marque)";"moyenne"
"EFFIZINC 15MG GELULE B/60";"9750";"Médicament";"Zinc";"15mg";"Gélule";"";"";"identification manuelle (marque)";"moyenne"
"EFLAVYL 200MG GELU B/50";"3800";"";"";"200mg";"Gélule";"";"";"non identifié";"à vérifier"
"EL-COLD 125MG/2,5MG/1MG SP FL/100ML";"1315";"Médicament";"Paracetamol + Phenylephrine + Chlorpheniramine";"125mg/2,5mg";"Sirop";"ST";"Antigrippal";"même marque dans la base PHARMACORP";"moyenne"
"EL-COXIB 90MG COMP B/7";"5215";"Médicament";"Celecoxib";"90mg";"Comprimé";"Liste I";"Antiinflammatoire non steroidien";"même marque dans la base PHARMACORP";"moyenne"
"EL-DOXY 200MG COMP B/8";"2955";"Médicament";"Doxycycline";"200mg";"Comprimé";"Liste I";"Antiinfectieux, Antibacterien (Cyclines)";"même marque dans la base PHARMACORP";"moyenne"
"EL-FLOXA 500MG GELULE B/20";"4270";"Médicament";"Flucloxacilline";"500mg";"Gélule";"Liste I";"Antibiotique Antibacterien (Penicillines)";"même marque dans la base PHARMACORP";"moyenne"
"EL-FUDIC 2% CR T/15G";"2650";"Médicament";"Acide fusidique";"2%";"Crème / pommade / gel";"Liste I";"Antibiotique Antibacterien (Fusidanines)";"base PHARMACORP";"haute"
"EL-GAZ 400MG/25MG/100MG SP F/200ML";"3120";"";"";"400mg/25mg";"Sirop";"";"";"non identifié";"à vérifier"
"EL-MAGDOX 470MG/5MG COMP B/50";"3050";"";"";"470mg/5mg";"Comprimé";"";"";"non identifié";"à vérifier"
"EL-METMOX 750MG/500MG COMP B/40";"7075";"";"";"750mg/500mg";"Comprimé";"";"";"non identifié";"à vérifier"
"EL-PODOX 200MG COMP B/10";"11340";"Médicament";"Cefpodoxime proxetil";"200mg";"Comprimé";"Liste I";"Antibacterien, Antiinfectieux, Antibacterien (Cephalosporines 3 generation)";"même marque dans la base PHARMACORP";"moyenne"
"ELECTRORUSH 20,5GSACH2+COMP10 COMBI KIT/1";"775";"Médicament";"Glucose anhydre + Chlorure de sodium + Citrate de sodium + Chlorure de potassium + Zinc";"20,5g";"Poudre / sachet";"ST";"Sels de rehydratation";"même marque dans la base PHARMACORP";"moyenne"
"ELGYDIUM DENTIF BLANCHEUR T/75ML";"6095";"Cosmétique / dermo";"";"75ml";"";"";"";"hors médicament";"haute"
"ELGYDIUM DENTIFRICE ANTIPLAQUE T/75ML";"5030";"Cosmétique / dermo";"";"75ml";"";"";"";"hors médicament";"haute"
"ELGYDIUM DENTS SENSIBLES T/75ML";"5050";"Cosmétique / dermo";"";"75ml";"";"";"";"hors médicament";"haute"
"ELGYDIUM JUNIOR 7 12";"3655";"Cosmétique / dermo";"";"";"";"";"";"hors médicament";"haute"
"ELGYDIUM JUNIOR 7-12ANS BUBBLE DENT/50ML";"3655";"Cosmétique / dermo";"";"50ml";"";"";"";"hors médicament";"haute"
"ELGYDIUM KIDS 3-6 ANS FRAISE GIVREE/50ML";"3845";"Cosmétique / dermo";"";"50ml";"";"";"";"hors médicament";"haute"
"ELGYDIUM KIDS PC GRE 3/6 T/50ML";"4250";"Cosmétique / dermo";"";"50ml";"";"";"";"hors médicament";"haute"
"ELGYDIUM PROTECT CARIE T/75ML";"5270";"Cosmétique / dermo";"";"75ml";"";"";"";"hors médicament";"haute"
"ELICA 0,1% CR T/30G";"3465";"Médicament";"Mometasone furoate";"0,1%";"Crème / pommade / gel";"Liste I";"Antiprurigineux, Decongestif nasal, vasoconstricteur";"base PHARMACORP";"haute"
"ELICA 0,1% POM T/30G";"3330";"Médicament";"Mometasone";"0,1%";"Crème / pommade";"";"";"identification manuelle (marque)";"moyenne"
"ELICA-M CR T/30G";"4855";"Médicament";"Mometasone furoate + Miconazole";"1mg/50mg";"Crème / pommade / gel";"Liste II";"Antifongique, Antimycosique, Antiprurigineux";"base PHARMACORP";"haute"
"ELICASAL PDE T/30G";"4680";"Médicament";"Mometasone + Acide salicylique";"1mg/50mg";"Autre";"Liste II";"Antiinflammatoire non steroidien, Antiprurigineux";"base PHARMACORP";"haute"
"ELLAONE 30MG CPR B/1";"5240";"Médicament";"Ulipristal acetate";"30mg";"Comprimé";"Liste I";"Contraceptif d'urgence";"même marque dans la base PHARMACORP";"moyenne"
"ELLE 72 1,5MG CPR PELL B/1";"2220";"Médicament";"Levonorgestrel";"1,5mg";"Comprimé";"Liste I";"Contraceptif d'urgence";"base PHARMACORP";"haute"
"ELLE TEST GROSSESSE 25UI/L B/1";"1950";"Médicament";"Levonorgestrel";"25ui";"";"Liste I";"Contraceptif d'urgence";"même marque dans la base PHARMACORP";"moyenne"
"ELLYA INTIMA SOL HYGIENE INTIME F/100ML";"3995";"Hygiène";"";"100ml";"";"";"";"hors médicament";"haute"
"ELMEX DENT SENSITIVE 75ML";"4350";"Cosmétique / dermo";"";"75ml";"";"";"";"hors médicament";"haute"
"ELMEX DENTIF A.CARIE ORANGE 75ML";"4350";"Cosmétique / dermo";"";"75ml";"";"";"";"hors médicament";"haute"
"ELMEX DENTIFRICE ANTI CARIES 75ML";"4350";"Cosmétique / dermo";"";"75ml";"";"";"";"hors médicament";"haute"
"ELMEX DENTIFRICE ENFANT 50ML";"4200";"Cosmétique / dermo";"";"50ml";"";"";"";"hors médicament";"haute"
"ELMEX DENTIFRICE JUNIOR 75ML";"4250";"Cosmétique / dermo";"";"75ml";"";"";"";"hors médicament";"haute"
"ELOXEN 500MG CP B/30";"4535";"Médicament";"Naproxene";"500mg";"Comprimé";"Liste II";"Antiinflammatoire non steroidien";"même marque dans la base PHARMACORP";"moyenne"
"ELUDRILPRO BAIN BCHE F/200ML";"4625";"Médicament";"Chlorhexidine + Chlorobutanol";"200ml";"";"ST";"Antiseptique";"même marque dans la base PHARMACORP";"moyenne"
"ELUDRILPRO BAIN BCHE F/500ML";"9665";"Médicament";"Chlorhexidine + Chlorobutanol";"0,5mL/0,5g";"Autre";"ST";"Antiseptique";"base PHARMACORP";"haute"
"EMAIL DIAM DBL BLANCHEUR T/75ML 3401381423087";"4605";"Cosmétique / dermo";"";"75ml";"";"";"";"hors médicament";"haute"
"EMAIL DIAM DOUCEUR ARGILE 75ML";"5280";"Cosmétique / dermo";"";"75ml";"";"";"";"hors médicament";"haute"
"EMAIL DIAMANT MAGIC CHARBON 75ML";"4800";"Cosmétique / dermo";"";"75ml";"";"";"";"hors médicament";"haute"
"EMAIL DIAMANT ROUGE DENTIF T/75ML";"4425";"Cosmétique / dermo";"";"75ml";"";"";"";"hors médicament";"haute"
"EMCOF SP FL/100ML";"2080";"Médicament";"Menthe (Pudina satva) + Adulsa (Adhatoda vasica) + Kantakari (Solanum xanthocarpum) + Miri (Piper nigrum) + Sunth (Zingiber officinale) + Mulethi (Glycyrrhiza glabra) + Amla (Emblica officinalis) + Haldi (Curcuma longa) + Kattha (Acacia catechu) + Tulsi";"100ml";"Sirop";"ST";"Antitussif";"même marque dans la base PHARMACORP";"moyenne"
"EMERGYL PDR SUSP BUV GRANULE B/500G";"13865";"";"";"500g";"Suspension buvable";"";"";"non identifié";"à vérifier"
"EMLA 5% CREME T/5G";"6130";"Médicament";"Lidocaine + Prilocaine";"5%";"Crème / pommade";"";"";"identification manuelle (marque)";"moyenne"
"ENALAPRIL BIOG 20MG CPR B/28";"3355";"Médicament";"Enalapril";"20mg";"Comprimé";"";"";"identification manuelle (marque)";"moyenne"
"ENALAPRIL VIR 20MG COMP.B/28";"5200";"Médicament";"Enalapril";"20mg";"Comprimé";"";"";"identification manuelle (marque)";"moyenne"
"ENEAS 10/20MG CPR B/30";"7625";"Médicament";"Enalapril maleate + nitrendipine";"10/20mg";"Comprimé";"Liste I";"Antihypertenseur (IEC + IC)";"même marque dans la base PHARMACORP";"moyenne"
"ENERGY COFFEE MENS B/10 SACHETS";"10000";"Nutrition / complément";"";"";"Poudre / sachet";"";"";"hors médicament";"haute"
"ENERGY COFFEE MENS STICK DE 10G DETAIL";"1000";"Nutrition / complément";"";"10g";"";"";"";"hors médicament";"haute"
"ENGAMBE GELULE B/50";"12635";"Nutrition / complément";"";"";"Gélule";"";"";"hors médicament";"haute"
"ENOXA 2000UI ANTIXA SER PRE/2";"5490";"Médicament";"Enoxaparine sodique";"2000ui";"Injectable";"Liste I";"Antithrombotique";"même marque dans la base PHARMACORP";"moyenne"
"ENOXA 4000 UI ANTIXA SER PRE B/2";"7585";"Médicament";"Enoxaparine sodique";"4000ui";"Injectable";"Liste I";"Antithrombotique";"même marque dans la base PHARMACORP";"moyenne"
"ENROUEX SP F/125ML";"3645";"Médicament";"Glycerine + extraits de plantes (propiolis eucalyptus)";"125ml";"Sirop";"ST";"Antiseptique, Decongestionnant, Expectorant";"même marque dans la base PHARMACORP";"moyenne"
"ENTAMIZOLE 250MG/200MG CPR B/30";"3270";"Médicament";"Diloxanide furoate + Metronidazole";"250mg/200mg";"Comprimé";"Liste I";"Antiinfectieux, Antiparasitaire, Antiparasitaire (Amibicide + Nitro imidazoles)";"même marque dans la base PHARMACORP";"moyenne"
"ENTAMIZOLE 250MG/320MG SUSP BUV F/100ML";"2940";"Médicament";"Diloxanide furoate + Metronidazole";"250mg/320mg";"Suspension buvable";"Liste I";"Antiinfectieux, Antiparasitaire, Antiparasitaire (Amibicide + Nitro imidazoles)";"même marque dans la base PHARMACORP";"moyenne"
"ENTAMIZOLE DS 500MG/400MG CPR B/15";"3275";"Médicament";"Diloxanide furoate + Metronidazole";"500mg/400mg";"Comprimé";"Liste I";"Antiinfectieux, Antiparasitaire, Antiparasitaire (Amibicide + Nitro imidazoles)";"même marque dans la base PHARMACORP";"moyenne"
"ENTEROGERMINA 2M/5ML F/10";"3520";"Médicament";"Spores de Bacillus Clausii";"5ml";"";"ST";"Antidiarrheique";"même marque dans la base PHARMACORP";"moyenne"
"ENVI-A2 HUILE ECLAIR/TEINT CITRON+CAROTTE";"10000";"Cosmétique / dermo";"";"";"";"";"";"hors médicament";"haute"
"ENVIE A2 LAIT CAROTTE FL/400ML";"14000";"Cosmétique / dermo";"";"400ml";"";"";"";"hors médicament";"haute"
"ENVIE A2 LAIT NOIX DE COCO FL/400ML";"13000";"Cosmétique / dermo";"";"400ml";"";"";"";"hors médicament";"haute"
"EOSINE 2% FL/50ML";"1970";"Médicament";"Eosine";"2%";"";"";"";"identification manuelle (marque)";"moyenne"
"EOSINE AQ 2% CPF UNIDOSE B/10 3400933968373";"2010";"Médicament";"Eosine";"2%";"";"";"";"identification manuelle (marque)";"moyenne"
"EOSINE AQU 2% AMP 2ML B10 GILB";"1595";"Médicament";"Eosine";"2%";"Injectable";"";"";"identification manuelle (marque)";"moyenne"
"EPHEDRINE AGUET 30MG SOL INJ AMP/1ML/10";"16205";"Médicament";"Ephedrine chlorhydrate";"30mg";"Injectable";"Liste I";"Antihypotenseur";"base PHARMACORP";"haute"
"EPHEDRINE AGUET 30MG SOL INJ DETAIL";"1620";"Médicament";"ephedrine";"30mg";"Injectable";"";"";"DCI citée dans la désignation";"moyenne"
"EPHEDRINE REN 3% AMP 1ML B/10";"7900";"Médicament";"ephedrine";"3%";"Injectable";"";"";"DCI citée dans la désignation";"moyenne"
"EPHEDRINE REN 3% AMP 1ML DETAIL";"790";"Médicament";"ephedrine";"3%";"Injectable";"";"";"DCI citée dans la désignation";"moyenne"
"EPHEDRYL SOL.BUV.F/100ML";"1415";"";"";"100ml";"";"";"";"non identifié";"à vérifier"
"EPICRAN 7/10 22 G B/100";"11670";"Dispositif médical / consommable";"";"22g";"";"";"";"hors médicament";"haute"
"EPIMEDIUM BIO NATUREO PACK DE 50G";"4000";"Nutrition / complément";"";"50g";"";"";"";"hors médicament";"haute"
"EPITOPIC CREME 0,05% T/15G";"1955";"";"";"0,05%";"Crème / pommade";"";"";"non identifié";"à vérifier"
"ERECTOR 100MG CPR B/1";"2775";"Médicament";"Sildenafil";"100mg";"Comprimé";"Liste I";"Troubles de l'érection";"même marque dans la base PHARMACORP";"moyenne"
"ERECTOR 100MG CPR B/4";"9290";"Médicament";"Sildenafil";"100mg";"Comprimé";"Liste I";"Troubles de l'érection";"base PHARMACORP";"haute"
"ERECTOR 50MG B/2";"2775";"Médicament";"Sildenafil";"50mg";"";"Liste I";"Troubles de l'érection";"même marque dans la base PHARMACORP";"moyenne"
"ERECTOR 50MG B/4";"5545";"Médicament";"Sildenafil";"50mg";"";"Liste I";"Troubles de l'érection";"même marque dans la base PHARMACORP";"moyenne"
"ERECTOR 50MG CPR B/1";"1665";"Médicament";"Sildenafil";"50mg";"Comprimé";"Liste I";"Troubles de l'érection";"même marque dans la base PHARMACORP";"moyenne"
"EREKTA 50MG CPR B/4";"4855";"Médicament";"Sildenafil";"50mg";"Comprimé";"Liste I";"Troubles de l'érection";"base PHARMACORP";"haute"
"EREKTA RAPID 100MG COMP DISP B/12";"3465";"Médicament";"Sildenafil";"100mg";"Comprimé";"Liste I";"Troubles de l'érection";"même marque dans la base PHARMACORP";"moyenne"
"ERESTRID 5MG CP B/10";"4855";"Médicament";"Finasteride";"5mg";"Comprimé";"Liste I";"Antiandrogene";"même marque dans la base PHARMACORP";"moyenne"
"ERY 125 PDRE ORALE SACHET B/24 3400932425600";"3260";"Médicament";"Erythromycine";"";"Poudre / sachet";"Liste I";"Antibacterien (Macrolides), Antiacneique, Antibiotique";"même marque dans la base PHARMACORP";"moyenne"
"ERY 250MG GLE SACHET B/24";"3270";"Médicament";"Erythromycine";"250mg";"Poudre / sachet";"Liste I";"Antibacterien (Macrolides), Antiacneique, Antibiotique";"même marque dans la base PHARMACORP";"moyenne"
"ERY 500MG COMP B/10";"3355";"Médicament";"Erythromycine";"500mg";"Comprimé";"Liste I";"Antibacterien (Macrolides), Antiacneique, Antibiotique";"même marque dans la base PHARMACORP";"moyenne"
"ERY 500MG COMP B/20";"5160";"Médicament";"Erythromycine";"500mg";"Comprimé";"Liste I";"Antibacterien (Macrolides), Antiacneique, Antibiotique";"même marque dans la base PHARMACORP";"moyenne"
"ERYFLUID LOTION 4% F/100ML AFR";"4795";"Cosmétique / dermo";"";"4%";"";"";"";"hors médicament (filtre)";"moyenne"
"ERYTHROGEL 4% GEL DERMIQUE T/30G";"2580";"Médicament";"Erythromycine";"4g";"Crème / pommade / gel";"Liste I";"Antibacterien (Macrolides), Antiacneique, Antibiotique";"base PHARMACORP";"haute"
"ERYTHROGEL 4% GEL DERMIQUE T/30G (F)";"3410";"Médicament";"Erythromycine";"4%";"Gel";"Liste I";"Antibacterien (Macrolides), Antiacneique, Antibiotique";"même marque dans la base PHARMACORP";"moyenne"
"ERYTHROMYCINE 4% SOL APPL CUT F/100ML";"3950";"Médicament";"Erythromycine";"4 %";"Autre";"Liste I";"Antibacterien (Macrolides), Antiacneique, Antibiotique";"base PHARMACORP";"haute"
"ERYTHROMYCINE CREAT 500MG GEL BL/12 DETAI";"1765";"Médicament";"Erythromycine";"500mg";"Gélule";"";"";"DCI citée dans la désignation";"moyenne"
"ERYTHROMYCINE ESTOLAT USP 250MG/5ML SIROP";"2125";"Médicament";"Erythromycine";"250mg/5ml";"Sirop";"";"";"DCI citée dans la désignation";"moyenne"
"ERYTHROMYCINE PHI 250MG /5ML SUSP BUV/100";"2115";"Médicament";"Erythromycine";"250mg/5ml";"Suspension buvable";"";"";"DCI citée dans la désignation";"moyenne"
"ERYVIN 250MG/5ML SUSP.BUV.F/60ML";"1835";"Médicament";"Erythromycine";"250mg/5ml";"Suspension buvable";"";"";"identification manuelle (marque)";"moyenne"
"ES ULCIZONE PLUS 20MG/30MG GEL B/14";"4440";"Médicament";"Esomeprazole + Domperidone";"20mg/30mg";"Crème / pommade / gel";"Liste II";"Antiemetique, Antiulcereux (IPP)";"base PHARMACORP";"haute"
"ES ULCIZONE PLUS 40MG/30MG GEL B/14";"5545";"Médicament";"Esomeprazole + Domperidone";"40mg/30mg";"Crème / pommade / gel";"Liste II";"Antiemetique, Antiulcereux (IPP)";"base PHARMACORP";"haute"
"ES-ULCIZONE 20MG CPR B/14";"4020";"Médicament";"Esomeprazole";"20mg";"Comprimé";"Liste II";"Antiulcereux (IPP)";"base PHARMACORP";"haute"
"ES-ULCIZONE 40MG CPR B/14";"5130";"Médicament";"Esomeprazole";"40mg";"Comprimé";"Liste II";"Antiulcereux (IPP)";"base PHARMACORP";"haute"
"ESCODYNE CPR EFFV B/10";"2705";"Médicament";"Vit A+Vit B1+Vit B2+Vit B3+Vit B5+Vit B6+Vit B12+Vit C+Vit D3+Vit E";"";"Comprimé";"ST";"Supplement vitaminique";"même marque dans la base PHARMACORP";"moyenne"
"ESIDREX 25MG COMP B/90";"4535";"Médicament";"Hydrochlorothiazide";"25mg";"Comprimé";"Liste II";"Diuretique";"même marque dans la base PHARMACORP";"moyenne"
"ESIDREX 25MG CPR B/20";"3080";"Médicament";"Hydrochlorothiazide";"25mg";"Comprimé";"Liste II";"Diuretique";"même marque dans la base PHARMACORP";"moyenne"
"ESOFAG 40MG CPR B/30";"5545";"Médicament";"Esomeprazole";"40mg";"Comprimé";"Liste II";"Antiulcereux (IPP)";"base PHARMACORP";"haute"
"ESOFAG KIT 6CP 7KITS";"6935";"Médicament";"Amoxicilline + Clarithromycine + Esomeprazole";"";"";"";"";"identification manuelle (marque)";"moyenne"
"ESOMED 40MG CPR B/30";"8320";"Médicament";"Esomeprazole";"40mg";"Comprimé";"Liste II";"Antiulcereux (IPP)";"même marque dans la base PHARMACORP";"moyenne"
"ESOMEPRAZOLE UBI 40MG COMP DETAIL/10";"1280";"Médicament";"Esomeprazole";"40mg";"Comprimé";"";"";"DCI citée dans la désignation";"moyenne"
"ESOMEPRAZOLE UBI 40MG COMP.B/100";"12825";"Médicament";"Esomeprazole";"40mg";"Comprimé";"";"";"DCI citée dans la désignation";"moyenne"
"ESOMEX 40MG COMP.B/10";"1875";"Médicament";"Esomeprazole";"40mg";"Comprimé";"Liste II";"Antiulcereux (IPP)";"même marque dans la base PHARMACORP";"moyenne"
"ESOPRA 20MG CPR GASTRO RESIST B/14";"6240";"Médicament";"Esomeprazole";"20mg";"Comprimé";"Liste II";"Antiulcereux (IPP)";"base PHARMACORP";"haute"
"ESOPRA 40MG CPR GASTRO RESIST B/14";"6935";"Médicament";"Esomeprazole";"40mg";"Comprimé";"Liste II";"Antiulcereux (IPP)";"base PHARMACORP";"haute"
"ESOREZ 40MG GEL B/30";"8320";"Médicament";"Esomeprazole";"40mg";"Crème / pommade / gel";"Liste II";"Antiulcereux (IPP)";"base PHARMACORP";"haute"
"ESOREZ-D 40/10MG GELULE B/30";"11090";"Médicament";"Esomeprazole + Domperidone";"40/10mg";"Gélule";"";"";"identification manuelle (marque)";"moyenne"
"ESOSON 20MG GELULE B/30";"5545";"Médicament";"Esomeprazole";"20mg";"Gélule";"Liste II";"Antiulcereux (IPP)";"même marque dans la base PHARMACORP";"moyenne"
"ESOSON 40MG GELULE B/30";"8320";"Médicament";"Esomeprazole";"40mg";"Gélule";"Liste II";"Antiulcereux (IPP)";"même marque dans la base PHARMACORP";"moyenne"
"ESOSON 40MG IV PREP SOL INJ B/1";"7655";"Médicament";"Esomeprazole";"40mg";"Injectable";"Liste II";"Antiulcereux (IPP)";"même marque dans la base PHARMACORP";"moyenne"
"ESOZOL 40MG CPR B/10";"2775";"Médicament";"Esomeprazole";"40mg";"Comprimé";"Liste II";"Antiulcereux (IPP)";"base PHARMACORP";"haute"
"ESOZOL 40MG IV PDRE SOL INJ/1+SOLV/10ML";"5545";"Médicament";"Esomeprazole";"40mg";"Injectable";"Liste II";"Antiulcereux (IPP)";"base PHARMACORP";"haute"
"ESPIDONE 1MG/ML SUSP BUV FL/60ML";"6735";"Médicament";"Risperidone";"1mg";"Suspension buvable";"Liste I";"Neuroleptique atypique";"même marque dans la base PHARMACORP";"moyenne"
"ESSENCE ALGERIENNE SOL FL/20ML 3400930374818";"6490";"Cosmétique / dermo";"";"20ml";"";"";"";"hors médicament";"haute"
"ESSENCE CITRONNEL SPRAY 30ML";"6970";"Cosmétique / dermo";"";"30ml";"Spray";"";"";"hors médicament";"haute"
"ESSENCE DE CITRONNELLE NATUREO FL/15ML";"2500";"Cosmétique / dermo";"";"15ml";"";"";"";"hors médicament";"haute"
"ESTIMA 100MG CAPS ORALE/VAGINALE B/30";"5130";"Médicament";"Progesterone";"100mg";"Gélule";"Liste I";"Progestatif";"base PHARMACORP";"haute"
"ESTIMA 200MG CAPS ORALE/VAGINALE B/15";"5130";"Médicament";"Progesterone";"200mg";"Gélule";"Liste I";"Progestatif";"base PHARMACORP";"haute"
"ETHINYL OESTRADIOL 50MG CMP/15";"6100";"Médicament";"Ethinyl estradiol";"50mg";"Autre";"Liste I";"Hormone";"base PHARMACORP";"haute"
"ETIAXIL ++ A TRANSP PS SPR/150ML";"5975";"Cosmétique / dermo";"";"150ml";"";"";"";"hors médicament";"haute"
"ETIAXIL AIS DETR PN BILLE/15ML";"14350";"Cosmétique / dermo";"";"15ml";"";"";"";"hors médicament";"haute"
"ETIAXIL DEO 48H AER 150ML";"6950";"Cosmétique / dermo";"";"150ml";"";"";"";"hors médicament";"haute"
"ETIAXIL DEO A.TRANS VAPO 100ML";"9120";"Cosmétique / dermo";"";"100ml";"";"";"";"hors médicament";"haute"
"ETIAXIL DETR AISSELLES PS 15ML";"13035";"Cosmétique / dermo";"";"15ml";"";"";"";"hors médicament";"haute"
"ETOSTRI 120MG COMP.B/30";"5825";"Médicament";"Etoricoxib";"120mg";"Comprimé";"";"";"identification manuelle (marque)";"moyenne"
"ETOSTRI 60MG COMP.B/30";"4160";"Médicament";"Etoricoxib";"60mg";"Comprimé";"";"";"identification manuelle (marque)";"moyenne"
"ETOSTRI 90MG COMP B/30";"4855";"Médicament";"Etoricoxib";"90mg";"Comprimé";"";"";"identification manuelle (marque)";"moyenne"
"ETRICIB 60MG COMP PELL B/30";"3465";"Médicament";"Etoricoxib";"60mg";"Comprimé";"Liste I";"Antiinflammatoire non steroidien";"même marque dans la base PHARMACORP";"moyenne"
"EUCERIN ADVANCED REPAIR LOTION 500ML";"11000";"Cosmétique / dermo";"";"500ml";"";"";"";"hors médicament";"haute"
"EUCERIN BABY WASH SHAMPOO 400ML";"8500";"Cosmétique / dermo";"";"400ml";"Injectable";"";"";"hors médicament";"haute"
"EUCERIN INTENSE REPAIR LOTION 500ML";"11000";"Cosmétique / dermo";"";"500ml";"";"";"";"hors médicament";"haute"
"EUCERIN PH5 HYDROSERUM 500ML";"11000";"Cosmétique / dermo";"";"500ml";"";"";"";"hors médicament";"haute"
"EUCERIN PH5 LOTION 250ML";"6500";"Cosmétique / dermo";"";"250ml";"";"";"";"hors médicament";"haute"
"EUCERIN ROUGHNESS CREAM 454G";"13000";"Cosmétique / dermo";"";"454g";"";"";"";"hors médicament";"haute"
"EUCERIN ROUGHNESS RELIEF LOTION 500ML";"11000";"Cosmétique / dermo";"";"500ml";"";"";"";"hors médicament";"haute"
"EUCERIN SKIN CALMING LOTION 500ML";"11000";"Cosmétique / dermo";"";"500ml";"";"";"";"hors médicament";"haute"
"EUCERIN UREA REPAIR PLUS 250ML";"7500";"Cosmétique / dermo";"";"250ml";"";"";"";"hors médicament";"haute"
"EUPHON PAST MENTHOL B/70";"5400";"";"";"";"";"";"";"non identifié";"à vérifier"
"EUPHON PASTILLE SS SUC B/70";"5460";"";"";"";"Suspension buvable";"";"";"non identifié";"à vérifier"
"EUPHON SIROP FL/300ML";"3955";"";"";"300ml";"Sirop";"";"";"non identifié";"à vérifier"
"EURARTESIM 320MG/40MG";"3950";"Médicament";"Piperaquine tetraphosphate + Artenimol";"320mg/40mg";"";"Liste I";"Antipaludique";"même marque dans la base PHARMACORP";"moyenne"
"EURARTESIM 320MG/40MG COMP B/12";"3745";"Médicament";"Piperaquine tetraphosphate + Artenimol";"320mg/40mg";"Comprimé";"Liste I";"Antipaludique";"même marque dans la base PHARMACORP";"moyenne"
"EURARTESIM 320MG/40MG CPR B/9";"3330";"Médicament";"Piperaquine tetraphosphate + Artenimol";"320mg/40mg";"Comprimé";"Liste I";"Antipaludique";"même marque dans la base PHARMACORP";"moyenne"
"EURAX CREME T/40G";"13755";"Médicament";"Crotamiton";"40g";"Crème / pommade";"ST";"Antiparasitaire, Antiprurigineux";"même marque dans la base PHARMACORP";"moyenne"
"EVAMAX OVULES VAG B/6";"3465";"Médicament";"Metronidazole + Neomycine sulfate + Nystatine + Hydrocortisone";"250mg/100mg/100UI/5mg";"Suppositoire / ovule";"Liste I";"Antifongique, Antiinfectieux, Antiparasitaire, Antiinflammatoire steroidien";"base PHARMACORP";"haute"
"EVOFIX 100MG/5ML PDRE SUSP BUV F/30ML";"3940";"Médicament";"Cefixime";"100mg";"Sirop / solution buvable";"Liste I";"Antibiotique Antibacterien (Cephalosporines 3 generation)";"base PHARMACORP";"haute"
"EVOFIX 400MG COMP B/5";"4300";"Médicament";"Cefixime";"400mg";"Comprimé";"Liste I";"Antibiotique Antibacterien (Cephalosporines 3 generation)";"même marque dans la base PHARMACORP";"moyenne"
"EVOLUDER DEO VANILLE F/200ML";"2435";"Cosmétique / dermo";"";"200ml";"";"";"";"hors médicament";"haute"
"EVOLUDERM BAND CIRE FRD VIS/MAILLOT B/20";"2800";"Cosmétique / dermo";"";"";"";"";"";"hors médicament";"haute"
"EVOLUDERM BANDE CIRE FROIDE JAMBE B/20";"3200";"Cosmétique / dermo";"";"";"";"";"";"hors médicament";"haute"
"EVOLUDERM CR DEPILAT ALOE VERA T/150ML";"3150";"Cosmétique / dermo";"";"150ml";"Crème / pommade";"";"";"hors médicament";"haute"
"EVOLUDERM CR MAIN DELICE KARITE FL/150ML";"2860";"Cosmétique / dermo";"";"150ml";"Crème / pommade";"";"";"hors médicament";"haute"
"EVOLUDERM CR MAIN NOURRI CACAO T/150ML";"2275";"Cosmétique / dermo";"";"150ml";"Crème / pommade";"";"";"hors médicament";"haute"
"EVOLUDERM CR VIS-CORP AMAND DOUCE FL/250M";"3500";"Cosmétique / dermo";"";"";"Crème / pommade";"";"";"hors médicament";"haute"
"EVOLUDERM DEO THE VERT CONCOMBRE";"2435";"Cosmétique / dermo";"";"";"";"";"";"hors médicament";"haute"
"EVOLUDERM EAU MICELL PEAU REACT FL/250ML";"3205";"Cosmétique / dermo";"";"250ml";"";"";"";"hors médicament";"haute"
"EVOLUDERM EAU MICELL PS/P SENSIB FL/250ML";"4000";"Cosmétique / dermo";"";"250ml";"";"";"";"hors médicament";"haute"
"EVOLUDERM GEL 2EN1 NETT/MASQUE T/150ML";"3500";"Cosmétique / dermo";"";"150ml";"Gel";"";"";"hors médicament";"haute"
"EVOLUDERM GEL DCHE FONDANT KARITE FL/1L";"6000";"Cosmétique / dermo";"";"";"Gel";"";"";"hors médicament";"haute"
"EVOLUDERM GEL DCHE ONCTUEUX AMANDE FL/1L";"6000";"Cosmétique / dermo";"";"";"Gel";"";"";"hors médicament";"haute"
"EVOLUDERM GEL DCHE SOYEUX HLE PREC FL/1L";"6100";"Cosmétique / dermo";"";"";"Gel";"";"";"hors médicament";"haute"
"EVOLUDERM GEL DOUCHE PLUIE COCO FL/500ML";"3750";"Cosmétique / dermo";"";"500ml";"Gel";"";"";"hors médicament";"haute"
"EVOLUDERM GEL DOUCHE SURGRAS FL/500ML";"4000";"Cosmétique / dermo";"";"500ml";"Gel";"";"";"hors médicament";"haute"
"EVOLUDERM GEL NETT PURIFIANT FL/250ML";"3500";"Cosmétique / dermo";"";"250ml";"Gel";"";"";"hors médicament";"haute"
"EVOLUDERM GOMMAGE HYDR ALOE VERA T/150G";"3700";"Cosmétique / dermo";"";"150g";"";"";"";"hors médicament";"haute"
"EVOLUDERM GOMMAGE VISAGE PECHE T/150G";"4340";"Cosmétique / dermo";"";"150g";"";"";"";"hors médicament";"haute"
"EVOLUDERM HLE BEAUTE AMANDE DOUCE F/100ML";"3950";"Cosmétique / dermo";"";"100ml";"";"";"";"hors médicament";"haute"
"EVOLUDERM HLE BEAUTE MACADAMIA FL/100ML";"3950";"Cosmétique / dermo";"";"100ml";"";"";"";"hors médicament";"haute"
"EVOLUDERM HLE BEAUTE PRECIEUSE FL/100ML";"3950";"Cosmétique / dermo";"";"100ml";"";"";"";"hors médicament";"haute"
"EVOLUDERM HLE BEBE AMANDE DOUC FL/100ML";"4375";"Cosmétique / dermo";"";"100ml";"";"";"";"hors médicament";"haute"
"EVOLUDERM HLE PREC ARGAN FL/100ML";"15000";"Cosmétique / dermo";"";"100ml";"";"";"";"hors médicament";"haute"
"EVOLUDERM HUIL BEAUT JOJOBA FL/100ML";"3800";"Cosmétique / dermo";"";"100ml";"";"";"";"hors médicament";"haute"
"EVOLUDERM HUIL BEAUTE CAROTTE FL/100ML";"5625";"Cosmétique / dermo";"";"100ml";"";"";"";"hors médicament";"haute"
"EVOLUDERM HUIL COCO BIO FL/100ML";"4220";"Cosmétique / dermo";"";"100ml";"";"";"";"hors médicament";"haute"
"EVOLUDERM HUIL DE RICIN F/100ML";"4235";"Cosmétique / dermo";"";"100ml";"";"";"";"hors médicament";"haute"
"EVOLUDERM HUIL MASSAGE/ESSENTIE F/100ML";"3355";"Cosmétique / dermo";"";"100ml";"";"";"";"hors médicament";"haute"
"EVOLUDERM LAIT ACTION TACHE 500ML";"5410";"Cosmétique / dermo";"";"500ml";"";"";"";"hors médicament";"haute"
"EVOLUDERM LAIT BB NETTOYANT FL/500ML";"4600";"Cosmétique / dermo";"";"500ml";"";"";"";"hors médicament";"haute"
"EVOLUDERM LAIT BLAN EXTINT F/500ML";"4985";"Cosmétique / dermo";"";"500ml";"";"";"";"hors médicament";"haute"
"EVOLUDERM LAIT CORP HYDRAT AMAND.F/500ML";"3950";"Cosmétique / dermo";"";"500ml";"";"";"";"hors médicament";"haute"
"EVOLUDERM LAIT CORP NOUR ARGAN DIV F/1L";"9600";"Cosmétique / dermo";"";"";"";"";"";"hors médicament";"haute"
"EVOLUDERM LAIT CORP NOUR ARGAN DIV F/500M";"5900";"Cosmétique / dermo";"";"";"";"";"";"hors médicament";"haute"
"EVOLUDERM LAIT CORP NOURR KARITE F/500ML";"4860";"Cosmétique / dermo";"";"500ml";"";"";"";"hors médicament";"haute"
"EVOLUDERM LAIT CORP SURGR ULT NOUR F/500M";"5975";"Cosmétique / dermo";"";"";"";"";"";"hors médicament";"haute"
"EVOLUDERM LAIT CORPS HYDR AMANDE FL/1L";"7770";"Cosmétique / dermo";"";"";"";"";"";"hors médicament";"haute"
"EVOLUDERM LAIT CORPS HYDR MONOI FL/500ML";"3950";"Cosmétique / dermo";"";"500ml";"";"";"";"hors médicament";"haute"
"EVOLUDERM LAIT CORPS KARITE F/500ML";"3790";"Cosmétique / dermo";"";"500ml";"";"";"";"hors médicament";"haute"
"EVOLUDERM LAIT CORPS NOURR CAROT FL/500ML";"4940";"Cosmétique / dermo";"";"500ml";"";"";"";"hors médicament";"haute"
"EVOLUDERM LAIT DEMAQ DOUX P SENSI FL/250M";"2650";"Cosmétique / dermo";"";"";"";"";"";"hors médicament";"haute"
"EVOLUDERM LAIT DEMAQ DOUX PN FL/250ML";"2650";"Cosmétique / dermo";"";"250ml";"";"";"";"hors médicament";"haute"
"EVOLUDERM LAIT DEMAQ DOUX PN FL/500ML";"4000";"Cosmétique / dermo";"";"500ml";"";"";"";"hors médicament";"haute"
"EVOLUDERM LAIT EXTRA FORT 500ML";"7800";"Cosmétique / dermo";"";"500ml";"";"";"";"hors médicament";"haute"
"EVOLUDERM LAIT HLE PRECIEUS FL/1L";"6180";"Cosmétique / dermo";"";"";"";"";"";"hors médicament";"haute"
"EVOLUDERM LAIT TRES FORT FL/500ML";"5100";"Cosmétique / dermo";"";"500ml";"";"";"";"hors médicament";"haute"
"EVOLUDERM LAIT ULTRA FORT 500ML";"7300";"Cosmétique / dermo";"";"500ml";"";"";"";"hors médicament";"haute"
"EVOLUDERM LINGETTES BB B/72";"3070";"Cosmétique / dermo";"";"";"";"";"";"hors médicament";"haute"
"EVOLUDERM LT CORP (F) NOURR CAROT F/500ML";"4920";"Cosmétique / dermo";"";"500ml";"";"";"";"hors médicament";"haute"
"EVOLUDERM LT CORP (F) NOURR CAROT FL/1L";"9500";"Cosmétique / dermo";"";"";"";"";"";"hors médicament";"haute"
"EVOLUDERM LT OVER BOOST 500ML";"4985";"Cosmétique / dermo";"";"500ml";"";"";"";"hors médicament";"haute"
"EVOLUDERM MASQ HYDR CONCOMBRE T/150G";"3100";"Cosmétique / dermo";"";"150g";"";"";"";"hors médicament";"haute"
"EVOLUDERM MASQ PURIFIANT ARGILE T/150G";"3100";"Cosmétique / dermo";"";"150g";"";"";"";"hors médicament";"haute"
"EVOLUDERM MASQ REVITAL ARGIL ROUG T/150G";"3100";"Cosmétique / dermo";"";"150g";"";"";"";"hors médicament";"haute"
"EVOLUDERM SHAMP ARGAN DIVIN FL/400ML";"3100";"Cosmétique / dermo";"";"400ml";"Injectable";"";"";"hors médicament";"haute"
"EVOLUDERM SHAMP DELICE KARITE FL/400ML";"3100";"Cosmétique / dermo";"";"400ml";"Injectable";"";"";"hors médicament";"haute"
"EVOLUDERM SHAMP HLE PRECIEUSE FL/400ML";"3100";"Cosmétique / dermo";"";"400ml";"Injectable";"";"";"hors médicament";"haute"
"EVOLUDERM SHAMP REPART DELIC KARIT F/1L";"6000";"Cosmétique / dermo";"";"";"Injectable";"";"";"hors médicament";"haute"
"EVOLUDERM SOIN MATIFIANT T/50ML";"6625";"Cosmétique / dermo";"";"50ml";"";"";"";"hors médicament";"haute"
"EVOLUDERM SOL MICELLAI PURIFIANT FL/250ML";"3500";"Cosmétique / dermo";"";"250ml";"";"";"";"hors médicament";"haute"
"EX AL NAYD SILVER PARFUM FL/100ML";"6500";"Cosmétique / dermo";"";"100ml";"";"";"";"hors médicament (filtre)";"moyenne"
"EX OUD DE ARABIA PARFUM FL/100ML";"6500";"Cosmétique / dermo";"";"100ml";"";"";"";"hors médicament (filtre)";"moyenne"
"EX OUD FOR NIGHT PARFUM FL/100ML";"6500";"Cosmétique / dermo";"";"100ml";"";"";"";"hors médicament (filtre)";"moyenne"
"EX OUDI MOODI PARFUM FL/100ML";"6500";"Cosmétique / dermo";"";"100ml";"";"";"";"hors médicament (filtre)";"moyenne"
"EXACYL 1G SOL.BUV. AMP 10ML B/5 3400931157557";"3575";"Médicament";"Acide tranexamique";"1g";"Injectable";"Liste I";"Antihemorragique";"même marque dans la base PHARMACORP";"moyenne"
"EXACYL 500MG CP B/20";"3370";"Médicament";"Acide tranexamique";"500mg";"Comprimé";"Liste I";"Antihemorragique";"même marque dans la base PHARMACORP";"moyenne"
"EXACYL 500MG IV AMP 5ML B/5 3400931157618";"10900";"Médicament";"Acide tranexamique";"500mg";"Injectable";"Liste I";"Antihemorragique";"même marque dans la base PHARMACORP";"moyenne"
"EXACYL 500MG IV AMP DETAIL";"2180";"Médicament";"Acide tranexamique";"500mg";"Injectable";"Liste I";"Antihemorragique";"même marque dans la base PHARMACORP";"moyenne"
"EXAMEN DE VUE OPHTALMOLOGIQUE RGK";"2500";"";"";"";"";"";"";"non identifié";"à vérifier"
"EXFOLIAC ACNOMEGA 100 CR IMPERFECT 30ML";"10390";"Cosmétique / dermo";"";"30ml";"Injectable";"";"";"hors médicament";"haute"
"EXFORGE FCT 10MG/160MG CPR PELL B/28";"24960";"Médicament";"Amlodipine + Valsartan";"10mg/160mg";"Comprimé";"";"";"identification manuelle (marque)";"moyenne"
"EXFORGE HCT 10/160/12.5MG COMP B/28";"24960";"Médicament";"Amlodipine + Valsartan + Hydrochlorothiazide";"10/160/12.5mg";"Comprimé";"";"";"identification manuelle (marque)";"moyenne"
"EXFORGE HCT 5/160/12.5MG COMP.B/28";"24960";"Médicament";"Amlodipine + Valsartan + Hydrochlorothiazide";"5/160/12.5mg";"Comprimé";"";"";"identification manuelle (marque)";"moyenne"
"EXFORGE HCT FCT 10MG/160MG/25MG CPR B/28";"24960";"Médicament";"Amlodipine + Valsartan + Hydrochlorothiazide";"10mg/160mg";"Comprimé";"";"";"identification manuelle (marque)";"moyenne"
"EXIFOL GEL B/30";"2745";"Médicament";"MULTIVITAMINES";"multidosage";"Crème / pommade / gel";"ST";"Supplement vitaminique";"base PHARMACORP";"haute"
"EXIFOL SP/200ML";"3590";"Médicament";"MULTIVITAMINES";"multidosage";"Autre";"ST";"Supplement vitaminique";"base PHARMACORP";"haute"
"EXILAR 10MG CP B/4";"3405";"Médicament";"Tadalafil";"10mg";"Comprimé";"Liste I";"Troubles de l'érection";"base PHARMACORP";"haute"
"EXILAR 20MG CPR PELL B/4";"4855";"Médicament";"Tadalafil";"20mg";"Comprimé";"Liste I";"Troubles de l'érection";"base PHARMACORP";"haute"
"EXILAR 5MG CPR B/30";"4160";"Médicament";"Tadalafil";"5mg";"Comprimé";"Liste I";"Troubles de l'érection";"même marque dans la base PHARMACORP";"moyenne"
"EXOCINE 0,3% CY F/5ML";"3230";"Médicament";"Ofloxacine";"0,3%";"";"";"";"identification manuelle (marque)";"moyenne"
"EXODERIL CREME T/15G";"3315";"Médicament";"Naftifine chlorhydrate";"10mg";"Crème / pommade / gel";"Liste II";"Antifongique, Antimycosique";"base PHARMACORP";"haute"
"EXODERIL SOLUTION FL/10ML";"3065";"Médicament";"Naftifine chlorhydrate";"10ml";"";"Liste II";"Antifongique, Antimycosique";"même marque dans la base PHARMACORP";"moyenne"
"EXOFENE SILIC EXT TALC B/160G";"4230";"";"";"160g";"";"";"";"non identifié";"à vérifier"
"EXOMUC 200MG GRAN SACH B/30";"3660";"Médicament";"N acetylcysteine";"200mg";"Poudre / sachet";"ST";"Cicatrisant oculaire, Fluidifiant bronchique";"même marque dans la base PHARMACORP";"moyenne"
"EXPECTIL SIROP FL/100ML";"2540";"";"";"100ml";"Sirop";"";"";"non identifié";"à vérifier"
"EXXIB 200MG CPR B/10";"3065";"Médicament";"Celecoxib";"200mg";"Comprimé";"Liste I";"Antiinflammatoire non steroidien";"même marque dans la base PHARMACORP";"moyenne"
"EYECOPEN CAPS B/30";"8390";"Médicament";"Lycopene + Carotenoides beta-carotene + Acide alpha-lipoique + Huile de poisson omega-3 + Zinc + Chrome + Selenium + Manganese + cuivre";"multidosage";"Gélule";"ST";"Complement alimentaire";"base PHARMACORP";"haute"
"EYESTIL+ 0,4% COLLYRE F/10ML";"11090";"Médicament";"Hyaluronate de sodium";"0,4%";"Collyre / ORL";"ST";"Hydratant";"base PHARMACORP";"haute"
"FA DEO MEN ATTRACTION ROLL ON 50ML";"1500";"Cosmétique / dermo";"";"50ml";"";"";"";"hors médicament";"haute"
"FA DEODORANT PINK PASSION 200ML";"2000";"Cosmétique / dermo";"";"200ml";"";"";"";"hors médicament";"haute"
"FALCIART 180MG/1080MG SP F/60ML";"2495";"Médicament";"Artemether + Lumefantrine";"180mg/1080mg";"Autre";"Liste I";"Antipaludique";"base PHARMACORP";"haute"
"FALCIART 80MG/480MG CPR B/6";"3050";"Médicament";"Artemether + Lumefantrine";"80mg480mg";"Comprimé";"Liste I";"Antipaludique";"base PHARMACORP";"haute"
"FALCIART DT 20MG/120MG CPR DISP B/6";"695";"Médicament";"Artemether + Lumefantrine";"20mg/120mg";"Comprimé";"Liste I";"Antipaludique";"base PHARMACORP";"haute"
"FALCORIA 20MG/120MG CPR DISP B/6";"1150";"Médicament";"Artemether + Lumefantrine";"20mg/120mg";"Comprimé";"Liste I";"Antipaludique";"base PHARMACORP";"haute"
"FALCORIA 40MG/240MG CPR DISP B/6";"2230";"Médicament";"Artemether + Lumefantrine";"40mg/240mg";"Comprimé";"Liste I";"Antipaludique";"base PHARMACORP";"haute"
"FALCORIA 80MG/480MG CPR DISP B/6";"4050";"Médicament";"Artemether + Lumefantrine";"80mg/480mg";"Comprimé";"Liste I";"Antipaludique";"base PHARMACORP";"haute"
"FAMCAL 250MG/100UI COMP B/30";"4300";"Médicament";"Calcium + Vit D3";"250mg";"Comprimé";"ST";"Supplement calcique";"même marque dans la base PHARMACORP";"moyenne"
"FANGID CREME T/15G";"1735";"Médicament";"Clotrimazole";"15g";"Crème / pommade";"Liste I";"Antifongique, Antimycosique";"même marque dans la base PHARMACORP";"moyenne"
"FANGID KIT COMP VAG/6+CR GYNEC/15G";"2775";"Médicament";"Clotrimazole";"15g";"Comprimé";"Liste I";"Antifongique, Antimycosique";"même marque dans la base PHARMACORP";"moyenne"
"FANSIDAR 500MG/25MG CPR QUADRISEC B/3";"1250";"Médicament";"Sulfadoxine + Pyrimethamine";"500mg/25mg";"Comprimé";"Liste I";"Antipaludique";"même marque dans la base PHARMACORP";"moyenne"
"FANSIDAR COMPRIME BLIST/3 DETAIL";"685";"Médicament";"Sulfadoxine + Pyrimethamine";"";"Comprimé";"Liste I";"Antipaludique";"même marque dans la base PHARMACORP";"moyenne"
"FASIDE PDE T/15G";"3330";"Médicament";"Fusidate de sodium";"2 %";"Autre";"Liste I";"Antiinfectieux, Antibacterien (Fusidanines)";"base PHARMACORP";"haute"
"FASIGYNE 500MG COMP B/4";"3940";"Médicament";"Tinidazole";"500mg";"Comprimé";"";"";"identification manuelle (marque)";"moyenne"
"FAVLEKAST 5MG/10MG CPR PELL B/20";"8735";"Médicament";"Levocetirizine + Montelukast";"5mg/10mg";"Comprimé";"Liste II";"Antiasthmatique, Antiallergique";"base PHARMACORP";"haute"
"FAVNAC PLUS CP B/10";"2220";"Médicament";"Aceclofenac + Paracetamol";"";"Comprimé";"Liste II";"Antalgique, Antipyrétique, Antiinflammatoire non steroidien";"même marque dans la base PHARMACORP";"moyenne"
"FAZOL 2% CREME DERM T/30G";"3715";"Médicament";"Isoconazole";"2%";"Crème / pommade";"ST";"Antifongique, Antimycosique";"même marque dans la base PHARMACORP";"moyenne"
"FE-XTRA LIQUID SIROP F/200ML";"2220";"Nutrition / complément";"Fer";"200ml";"Sirop";"";"";"identification manuelle (marque)";"moyenne"
"FEBREX PLUS CPR B/10";"1735";"Médicament";"Paracetamol + Phenylephrine + Chlorpheniramine";"500mg/10mg/2mg";"Comprimé";"ST";"Antigrippal";"base PHARMACORP";"haute"
"FEBREX PLUS SP F/60ML";"2080";"Médicament";"Paracetamol + Phenylephrine + Chlorpheniramine";"125mg/2,5mg//1mg/5mL";"Autre";"ST";"Antigrippal";"base PHARMACORP";"haute"
"FEBREX TM 325/37,5MG CP B/20";"2870";"Médicament";"Paracetamol + Tramadol";"325/37,5mg";"Comprimé";"";"";"identification manuelle (marque)";"moyenne"
"FEBREX TM 325MG/37,5MG B/10";"2080";"Médicament";"Tramadol chlorhydrate + Paracetamol";"325mg/37,5mg";"Autre";"Liste I";"Analgesique, Antalgique";"base PHARMACORP";"haute"
"FEBREX TM COMP EFFERV B/20";"4755";"Médicament";"Paracetamol + Tramadol";"";"Comprimé";"";"";"identification manuelle (marque)";"moyenne"
"FEBRILEX 125MG/1MG/5ML JR SP F/150ML";"1830";"Médicament";"Paracetamol + Chlorphenamine maleate";"125mg/1mg/5mL";"Autre";"ST";"antigrippal, Antirhume";"base PHARMACORP";"haute"
"FEBRILEX CPR POCH/4 B/50";"23185";"Médicament";"Paracetamol";"";"Comprimé";"";"";"identification manuelle (marque)";"moyenne"
"FEBRILEX CPR POCH/4 DETAIL";"450";"Médicament";"Paracetamol";"";"Comprimé";"";"";"identification manuelle (marque)";"moyenne"
"FEBRILEX+ SP F/150ML";"1830";"Médicament";"Paracetamol + Dextromethorphane + Chlorphenamine";"125mg/5mg/1mg";"Autre";"ST";"Antitussif toux sèche";"base PHARMACORP";"haute"
"FEBRIMAX COMP.B/10";"1180";"Médicament";"Paracetamol";"";"Comprimé";"";"";"identification manuelle (marque)";"à vérifier"
"FEBUXOSTAT BGR 80MG COMP B/28";"13865";"Médicament";"Febuxostat";"80mg";"Comprimé";"";"";"identification manuelle (marque)";"moyenne"
"FEDATE GEL B/30";"2565";"Médicament";"Fer + Acide folique + Vit B12 + Vit C + Zinc";"100mg/1,5mg/15mcg/75mg/61,8mg";"Crème / pommade / gel";"ST";"Antianemique";"base PHARMACORP";"haute"
"FEDATE SP F/200ML";"3465";"";"";"200ml";"Sirop";"";"";"non identifié";"à vérifier"
"FEKEY 33MG/1,50MG/7,5";"2565";"Médicament";"Fer + Acide folique + Vit B12 + Vit B6";"33mg/1,50mg";"";"ST";"Antianemique";"même marque dans la base PHARMACORP";"moyenne"
"FELDENE 20MG DISP CPR B/15";"4160";"Médicament";"Piroxicam";"20mg";"Comprimé";"Liste I";"Antiinflammatoire non steroidien";"même marque dans la base PHARMACORP";"moyenne"
"FELDENE 20MG GELU B/15";"3815";"Médicament";"Piroxicam";"20mg";"Gélule";"Liste I";"Antiinflammatoire non steroidien";"même marque dans la base PHARMACORP";"moyenne"
"FEMFRESH ALOE VERA GEL INTIME FL/250ML";"5500";"Hygiène";"";"250ml";"Gel";"";"";"hors médicament";"haute"
"FEMFRESH SENSITIVE 0% FL.250ML";"5500";"Hygiène";"";"0%";"";"";"";"hors médicament";"haute"
"FEMIFER SP F/200ML";"3465";"Médicament";"Fer + Acide folique";"200ml";"Sirop";"ST";"Antianemique";"même marque dans la base PHARMACORP";"moyenne"
"FEMIGESTON 100MG CAPS MOLLES B/10";"2385";"Médicament";"Progesterone";"100mg";"Gélule";"Liste I";"Progestatif";"base PHARMACORP";"haute"
"FEMIGESTON 200MG CAPS MOLLES B/10";"4880";"Médicament";"Progesterone";"200mg";"Gélule";"Liste I";"Progestatif";"base PHARMACORP";"haute"
"FEMIGESTON 300MG CAPS MOLLLES B/10";"7680";"Médicament";"Progesterone";"300mg";"Gélule";"Liste I";"Progestatif";"même marque dans la base PHARMACORP";"moyenne"
"FEMIGESTON 400MG CAPS MOLLES B/10";"11035";"Médicament";"Progesterone";"400mg";"Gélule";"Liste I";"Progestatif";"base PHARMACORP";"haute"
"FENAC P 50/500MG COMP B/10";"1665";"Médicament";"Diclofenac + Paracetamol";"50/500mg";"Comprimé";"Liste II";"Antalgique, Antipyrétique, Antiinflammatoire non steroidien";"même marque dans la base PHARMACORP";"moyenne"
"FENUGREC VZ SP FL/150ML";"3600";"Médicament";"Fenugrec + Vitamines";"multidosage";"Injectable";"ST";"Stimulant de l'appetit";"base PHARMACORP";"haute"
"FERCEFOL CPR B/30";"2035";"Médicament";"Fer + Acide folique + Acide ascorbique";"";"Comprimé";"ST";"Antiasthenique, Antianemique";"même marque dans la base PHARMACORP";"moyenne"
"FERCEFOL SP F/150ML";"2220";"Médicament";"Fer + Acide folique + Acide ascorbique";"150ml";"Sirop";"ST";"Antiasthenique, Antianemique";"même marque dans la base PHARMACORP";"moyenne"
"FEREMI CP B/30";"3330";"";"";"";"Comprimé";"";"";"non identifié";"à vérifier"
"FEREMI SP F/200ML";"3370";"Médicament";"Fer + Vitamines";"multidosage";"Autre";"ST";"Antianemique";"base PHARMACORP";"haute"
"FERFOLTONE GEL B/30";"1745";"Médicament";"Fer + Acide folique";"";"Gélule";"ST";"Antianemique";"même marque dans la base PHARMACORP";"moyenne"
"FERLIX B12 SUSP BUV F/200ML";"1940";"Médicament";"Fer + acide folique + Vit B12";"multidosage";"Sirop / solution buvable";"ST";"Antianemique";"base PHARMACORP";"haute"
"FEROLIK 231MG/1,50MG/15MCG COMP B/30";"3050";"Médicament";"Fer + acide folique + Vit B12";"231mg/1,50mg";"Comprimé";"ST";"Antianemique";"même marque dans la base PHARMACORP";"moyenne"
"FEROX CAPS B/20";"3190";"Nutrition / complément";"Fer + Vitamines";"";"Gélule";"";"";"identification manuelle (marque)";"moyenne"
"FEROX SP FL/200ML";"3395";"Nutrition / complément";"Fer + Vitamines";"200ml";"Sirop";"";"";"identification manuelle (marque)";"moyenne"
"FERPLEX 40MG SOL BUV F/15ML";"4990";"Médicament";"Fer protéinsuccinylate";"40mg";"";"ST";"Antianemique";"même marque dans la base PHARMACORP";"moyenne"
"FERRAVIT SP F/200ML";"2910";"Médicament";"Fer + Acide folique + Vit B12 + Zinc";"multidosage";"Autre";"ST";"Antianemique";"base PHARMACORP";"haute"
"FERREX FORTE 30MG/150MCG/50MCG SP/200ML";"1940";"Médicament";"Fer + acide folique + Vit B12";"30mg/150mcg";"Sirop";"ST";"Antianemique";"même marque dans la base PHARMACORP";"moyenne"
"FERREX FORTE CPR B/30";"2635";"Médicament";"Fer + acide folique + Vit B12";"";"Comprimé";"ST";"Antianemique";"même marque dans la base PHARMACORP";"moyenne"
"FERRO DENK 50MG CPR B/50";"3465";"Nutrition / complément";"Fer";"50mg";"Comprimé";"";"";"identification manuelle (marque)";"moyenne"
"FERRO-VITAL+ DENK B/30";"4575";"Nutrition / complément";"Fer";"";"";"";"";"identification manuelle (marque)";"moyenne"
"FERROLEX 150MG/0,5MG/20,5MG/40MG SP/200ML";"2080";"Médicament";"Fer + Acide folique + Vit B12 + Zinc";"150mg/0,5mg";"Sirop";"ST";"Antianemique";"même marque dans la base PHARMACORP";"moyenne"
"FERROMIX SP F/120ML";"2110";"Médicament";"Fer + Levure + Cuivre + Zinc + Huile de fenouil + Carvi";"multidosage";"Autre";"ST";"Antianemique";"base PHARMACORP";"haute"
"FERTAB 50MG CPR SEC B/10";"5200";"Médicament";"Clomifene citrate";"50mg";"Comprimé";"Liste I";"Inducteur de l'ovulation";"même marque dans la base PHARMACORP";"moyenne"
"FERTILO FORTE DENK GELULE B/60";"17615";"Médicament";"Selenium + Zinc + Acide folique + Vit E + Arginine + Carnitine + Coenzymes Q10";"";"Gélule";"ST";"Complement alimentaire";"même marque dans la base PHARMACORP";"moyenne"
"FERTILO FORTE DENK PDRE SACH B/30";"18700";"Médicament";"Selenium + Zinc + Acide folique + Vit E + Arginine + Carnitine + Coenzymes Q10";"";"Poudre / sachet";"ST";"Complement alimentaire";"même marque dans la base PHARMACORP";"moyenne"
"FERTIMAX 2 GEL B/60";"31920";"Médicament";"Vitamines (C + E + B9) + Selenium + Zinc + Magnesium + L-tartrate de L-carnitine + L-tartrate de L-carnitine";"90mg/15mg/100mcg/7,5mg/25mcg/200mg/20mg";"Crème / pommade / gel";"ST";"Complement alimentaire";"base PHARMACORP";"haute"
"FERTITOP FEMME FERTILITE GELULE B/60";"21000";"Médicament";"MULTIVITAMINES";"";"Gélule";"ST";"Supplement vitaminique";"même marque dans la base PHARMACORP";"moyenne"
"FERTITOP HOMME FERTILITE GELULE B/60";"21000";"Médicament";"MULTIVITAMINES";"";"Gélule";"ST";"Supplement vitaminique";"même marque dans la base PHARMACORP";"moyenne"
"FERVEX AD GR SOL BUV SACH B/8";"2870";"Médicament";"Paracetamol + Chlorpheniramine maleate + VitC";"";"Poudre / sachet";"ST";"Antigrippal";"même marque dans la base PHARMACORP";"moyenne"
"FERVEX ADULTE SS SUCRE SACHET B/8 3400933359591";"3080";"Médicament";"Paracetamol + Chlorpheniramine maleate + VitC";"";"Suspension buvable";"ST";"Antigrippal";"même marque dans la base PHARMACORP";"moyenne"
"FERVEX FRAMBOISE AD GR SOL BUV SACH B/8";"2605";"Médicament";"Paracetamol + Chlorpheniramine maleate + VitC";"";"Poudre / sachet";"ST";"Antigrippal";"même marque dans la base PHARMACORP";"moyenne"
"FERVEX FRAMBOISE ENF SACH B/8";"2870";"Médicament";"Paracetamol + Chlorpheniramine maleate + VitC";"";"Poudre / sachet";"ST";"Antigrippal";"même marque dans la base PHARMACORP";"moyenne"
"FERVITAL SP F/200ML";"2775";"Médicament";"Fer + acide folique + Vit B12";"41mg/1500mcg/5mcg";"Autre";"ST";"Antianemique";"base PHARMACORP";"haute"
"FESTIV SP F/100ML";"2525";"";"";"100ml";"Sirop";"";"";"non identifié";"à vérifier"
"FEVAROL 125MG/1MG/2,5MG SP F/100ML";"1805";"Médicament";"Paracetamol + Phenylephrine + Chlorphenamine";"125mg/1mg/2,5mg";"Autre";"ST";"Decongestif nasal, Antigrippal";"base PHARMACORP";"haute"
"FEVAROL 500MG/2MG/30MG/5MG CPR B/200";"15945";"Médicament";"Paracetamol + Chlorpheniramine + Phenylephrine + Cafeine anhydre";"500mg/5mg/2mg/30mg";"Comprimé";"ST";"Antigrippal";"base PHARMACORP";"haute"
"FEVAROL 500MG/2MG/30MG/5MG CPR B/4 DETAIL";"325";"";"";"500mg/2mg";"Comprimé";"";"";"non identifié";"à vérifier"
"FEVERLET FORTE CPR B/12";"3465";"Médicament";"Aceclofenac + Chlorzoxazone + Paracetamol";"100mg/375mg/500mg";"Comprimé";"Liste II";"Antalgique, Antiinflammatoire non steroidien, Relaxant musculaire";"base PHARMACORP";"haute"
"FEZOMIN-C GELULE B/30 3433422407503";"2650";"Médicament";"Fer + acide folique + vit + oligoelements";"";"Gélule";"ST";"Antianemique";"même marque dans la base PHARMACORP";"moyenne"
"FIFER GELULE B/30";"2430";"Médicament";"Fer + Vitamines";"";"Gélule";"ST";"Antianemique";"même marque dans la base PHARMACORP";"moyenne"
"FIFER SP F/200ML";"2425";"Médicament";"Fer + Vitamines";"multidosage";"Autre";"ST";"Antianemique";"base PHARMACORP";"haute"
"FIL A PEAU 2/0 3/8T35 90 87505/1";"1770";"Dispositif médical / consommable";"";"";"";"";"";"hors médicament";"haute"
"FIL A PEAU 3/0 3/8T20 90 87300/1";"1750";"Dispositif médical / consommable";"";"";"";"";"";"hors médicament";"haute"
"FINANEMI 20MG SOL INJ AMP/5ML B/5";"5890";"Médicament";"Fer complexe";"20mg";"Injectable";"ST";"Antianemique";"base PHARMACORP";"haute"
"FINANEMI 20MG SOL INJ B/1 DETAIL";"1180";"";"";"20mg";"Injectable";"";"";"non identifié";"à vérifier"
"FINANEMI 300MG/1MG CPR B/30";"1745";"Médicament";"Fer + Acide folique";"300mg/1mg";"Comprimé";"ST";"Antianemique";"base PHARMACORP";"haute"
"FINANEMI SP F/200ML";"3050";"Médicament";"Fer + Vitamines";"multidosage";"Autre";"ST";"Antianemique";"base PHARMACORP";"haute"
"FINISPA 500MG/10MG CPR B/10";"1775";"Médicament";"Paracetamol + Hyoscine butyl bromide";"500mg/10mg";"Comprimé";"Liste I";"Antalgique, Antipyrétique, Antispasmodique, Spasmolytique";"base PHARMACORP";"haute"
"FIXEF 100MG/5ML 60ML";"5490";"Médicament";"Cefixime";"100mg/5ml";"";"Liste I";"Antibiotique Antibacterien (Cephalosporines 3 generation)";"même marque dans la base PHARMACORP";"moyenne"
"FIXEF 200MG CPR PELL B/10";"4605";"Médicament";"Cefixime";"200mg";"Comprimé";"Liste I";"Antibiotique Antibacterien (Cephalosporines 3 generation)";"base PHARMACORP";"haute"
"FIXIFAV DT 200MG CPR DISP B/10";"7485";"Médicament";"Cefixime";"200mg";"Comprimé";"Liste I";"Antibiotique Antibacterien (Cephalosporines 3 generation)";"base PHARMACORP";"haute"
"FIXIM 100MG/5ML PDRE SUSP BUV F/40ML";"6380";"Médicament";"Cefixime";"100mg/5mL";"Sirop / solution buvable";"Liste I";"Antibiotique Antibacterien (Cephalosporines 3 generation)";"base PHARMACORP";"haute"
"FIXIM 100MG/5ML PDRE SUSP BUV F/60ML";"7280";"Médicament";"Cefixime";"100mg/5ml";"Suspension buvable";"Liste I";"Antibiotique Antibacterien (Cephalosporines 3 generation)";"même marque dans la base PHARMACORP";"moyenne"
"FIXIM 200MG CPR B/10";"7280";"Médicament";"Cefixime";"200mg";"Comprimé";"Liste I";"Antibiotique Antibacterien (Cephalosporines 3 generation)";"même marque dans la base PHARMACORP";"moyenne"
"FIXIM 400MG CPR B/5";"7280";"Médicament";"Cefixime";"400mg";"Comprimé";"Liste I";"Antibiotique Antibacterien (Cephalosporines 3 generation)";"base PHARMACORP";"haute"
"FIXIM 40MG/5ML PDRE SUSP BUV F/40ML";"4160";"Médicament";"Cefixime";"40mg/5mL";"Sirop / solution buvable";"Liste I";"Antibiotique Antibacterien (Cephalosporines 3 generation)";"base PHARMACORP";"haute"
"FIZACID 125/250/50MG SUSP BUV F/200ML";"2425";"Médicament";"Aluminium hydroxyde + Magnesium hydroxyde + Simethicone";"125mg/250mg/50mg";"Sirop / solution buvable";"ST";"Anti acide, Antiflatulent";"base PHARMACORP";"haute"
"FLAGYL 125MG/5ML SUSP BUV F/120ML";"2495";"Médicament";"Metronidazole";"125mg/5ml";"Suspension buvable";"Liste I";"Antiparasitaire (Nitro imidazoles), Antibiotique Antibacterien";"même marque dans la base PHARMACORP";"moyenne"
"FLAGYL 250MG CPR B/20";"2690";"Médicament";"Metronidazole";"250mg";"Comprimé";"Liste I";"Antiparasitaire (Nitro imidazoles), Antibiotique Antibacterien";"même marque dans la base PHARMACORP";"moyenne"
"FLAGYL 500MG CPR B/14";"2330";"Médicament";"Metronidazole";"500mg";"Comprimé";"Liste I";"Antiparasitaire (Nitro imidazoles), Antibiotique Antibacterien";"même marque dans la base PHARMACORP";"moyenne"
"FLAGYL 500MG OVULE B/10";"2550";"Médicament";"Metronidazole";"500mg";"Ovule";"Liste I";"Antiparasitaire (Nitro imidazoles), Antibiotique Antibacterien";"même marque dans la base PHARMACORP";"moyenne"
"FLAMAR MX CPR B/10";"3675";"Médicament";"Paracetamol + Chlorzoxazone + Diclofenac";"325mg/250mg/50mg";"Comprimé";"Liste II";"Antalgique, Antiinflammatoire, Relaxant musculaire";"base PHARMACORP";"haute"
"FLAMMAZINE 1% CR DERM T/50G";"4035";"Médicament";"Sulfadiazine argentique";"1%";"Crème / pommade";"ST";"Antibiotique Antibacterien (Sulfamides)";"même marque dans la base PHARMACORP";"moyenne"
"FLATORIL 0,5MG/200MG GEL B/45";"4855";"Médicament";"Clobopride maleate + Simethicone";"0,5mg/200mg";"Gélule";"Liste II";"troubles gastro intestinaux";"même marque dans la base PHARMACORP";"moyenne"
"FLATUPLEXIN BALLONNEMENT PDRE BUV SACH/16";"10400";"Médicament";"Charbon actif + Extrait de Foeniculum vulgare + Extrait de Raphanus sativus + Extrait d'Anethum graveolens + Extrait de Coriandrum sativum + Fructo oligosaccharides + Extrait de Passiflore odulis + Extrait de Desmodium odsoendens";"";"Poudre / sachet";"ST";"Complement alimentaire";"même marque dans la base PHARMACORP";"moyenne"
"FLAXOR 200MG/500MG COMP B/10";"4160";"Médicament";"Ofloxacine + Ornidazole";"200mg/500mg";"Comprimé";"Liste I";"Antiparasitaire ( Nitro imidazoles + Quinolone 2 génération), Antibiotique Antibacterien";"même marque dans la base PHARMACORP";"moyenne"
"FLECTOR 1% GEL T/60G";"2595";"Médicament";"Diclofenac";"1%";"Gel";"Liste II";"Antiinflammatoire non steroidien";"même marque dans la base PHARMACORP";"moyenne"
"FLECTOR GEL 1% FL/100G";"3215";"Médicament";"Diclofenac";"1%";"Gel";"Liste II";"Antiinflammatoire non steroidien";"même marque dans la base PHARMACORP";"moyenne"
"FLEMING 1,2G INJ AMP B/1 DETAIL";"1735";"Médicament";"Amoxicilline + Acide clavulanique";"1,2g";"Injectable";"Liste I";"Antibiotique Antibacterien (Penicillines)";"même marque dans la base PHARMACORP";"moyenne"
"FLEMING 1,2G INJ AMP B/5";"9525";"Médicament";"Amoxicilline + Acide clavulanique";"1,2g";"Injectable";"Liste I";"Antibiotique Antibacterien (Penicillines)";"même marque dans la base PHARMACORP";"moyenne"
"FLEMING 1G/125MG CPR PELL B/16";"6310";"Médicament";"Amoxicilline + Acide clavulanique";"1g/125mg";"Comprimé";"Liste I";"Antibiotique Antibacterien (Penicillines)";"même marque dans la base PHARMACORP";"moyenne"
"FLEMING 281,25MG PDRE SUSP BUV F/60ML";"2815";"Médicament";"Amoxicilline + Acide clavulanique";"281,25mg";"Suspension buvable";"Liste I";"Antibiotique Antibacterien (Penicillines)";"même marque dans la base PHARMACORP";"moyenne"
"FLEMING 500/62,5MG CPR PELL B/16";"4160";"Médicament";"Amoxicilline + Acide clavulanique";"500/62,5mg";"Comprimé";"Liste I";"Antibiotique Antibacterien (Penicillines)";"même marque dans la base PHARMACORP";"moyenne"
"FLEMING 500/62,5MG SUSP BUV F/60ML";"4160";"Médicament";"Amoxicilline + Acide clavulanique";"500mg/62,5mg";"Sirop / solution buvable";"Liste I";"Antibiotique Antibacterien (Penicillines)";"base PHARMACORP";"haute"
"FLEXDOL CPR B/10";"2110";"Médicament";"Methocarbamol + Ibuprofene";"";"Comprimé";"Liste II";"Antinflammatoire non steroidien, Myorelaxant";"même marque dans la base PHARMACORP";"moyenne"
"FLEXPAR 500MG/400MG CPR B/12";"3120";"Médicament";"Methocarbamol + paracetamol";"500mg/400mg";"Comprimé";"Liste II";"Antalgique, Antipyrétique, Myorelaxant";"même marque dans la base PHARMACORP";"moyenne"
"FLEXPRO EXTRA 400MG/500MG CPR B/20";"3605";"Médicament";"Methocarbamol + paracetamol";"400mg/500mg";"Comprimé";"Liste II";"Antalgique, Antipyrétique, Myorelaxant";"même marque dans la base PHARMACORP";"moyenne"
"FLIPTOR 10MG CPR B/30";"5545";"Médicament";"Rosuvastatine";"10mg";"Comprimé";"Liste I";"Hypocholesterolemiant (Statines), Hypolipemiant";"base PHARMACORP";"haute"
"FLIPTOR 20MG COMP B/30";"5545";"Médicament";"Rosuvastatine";"20mg";"Comprimé";"Liste I";"Hypocholesterolemiant (Statines), Hypolipemiant";"même marque dans la base PHARMACORP";"moyenne"
"FLIPTOR 5MG CPR B/30 4008500123270";"4160";"Médicament";"Rosuvastatine";"5mg";"Comprimé";"Liste I";"Hypocholesterolemiant (Statines), Hypolipemiant";"même marque dans la base PHARMACORP";"moyenne"
"FLIXONASE 50MCG SUSP NAS120DOS";"5795";"Médicament";"Fluticasone propionate";"50mcg";"Suspension buvable";"Liste I";"Antiinflammatoire steroidien, Decongestif nasal, Antiasthmatique (Glucocorticoide)";"même marque dans la base PHARMACORP";"moyenne"
"FLIXOTIDE 50MCG SUSP INH SER 120DOS B/1";"8125";"Médicament";"Fluticasone propionate";"50mcg";"Injectable";"Liste I";"Antiinflammatoire steroidien, Decongestif nasal, Antiasthmatique (Glucocorticoide)";"même marque dans la base PHARMACORP";"moyenne"
"FLONIX 500MG COMP B/14";"7960";"Médicament";"Levofloxacine";"500mg";"Comprimé";"Liste I";"Antibacterien (Quinolone 2 generation), Antibiotique";"même marque dans la base PHARMACORP";"moyenne"
"FLONIX 500MG COMP B/7";"6240";"Médicament";"Levofloxacine";"500mg";"Comprimé";"Liste I";"Antibacterien (Quinolone 2 generation), Antibiotique";"même marque dans la base PHARMACORP";"moyenne"
"FLORINE 0,4MG CP B/30";"5850";"Médicament";"Tamsulosine chlorhydrate";"0,4mg";"Comprimé";"Liste I";"Hypertrophie benigne de la prostate";"même marque dans la base PHARMACORP";"moyenne"
"FLOX-0 200MG/500MG COMP.B/10";"5545";"Médicament";"Ofloxacine + Ornidazole";"200mg/500mg";"Comprimé";"Liste I";"Antiparasitaire ( Nitro imidazoles + Quinolone 2 génération), Antibiotique Antibacterien";"même marque dans la base PHARMACORP";"moyenne"
"FLOXIN 750MG CPR B/10";"5270";"Médicament";"Ciprofloxacine";"750mg";"Comprimé";"Liste I";"Antibiotique Antibacterien (Quinolone 2 generation)";"même marque dans la base PHARMACORP";"moyenne"
"FLOXIRA 500MG CPR B/10";"6935";"Médicament";"Levofloxacine";"500mg";"Comprimé";"Liste I";"Antibacterien (Quinolone 2 generation), Antibiotique";"base PHARMACORP";"haute"
"FLOXSOL 0,3% COLL F/5ML";"1235";"Médicament";"Norfloxacine";"0,3%";"Collyre";"Liste I";"Antibiotique Antibacterien (Quinolone 2 generation)";"même marque dans la base PHARMACORP";"moyenne"
"FLUB 100MG CPR B/6";"2830";"Médicament";"Flubendazole";"100mg";"Comprimé";"Liste II";"Antiparasitaire, Antihelminthique";"même marque dans la base PHARMACORP";"moyenne"
"FLUB 600MG SUSP BUV F/30ML";"2855";"Médicament";"Flubendazole";"600mg";"Suspension buvable";"Liste II";"Antiparasitaire, Antihelminthique";"même marque dans la base PHARMACORP";"moyenne"
"FLUCA COLL F/5ML";"3465";"Médicament";"Cromoglicate de sodium + fluorometholone + benzalkonium chlorure";"5ml";"Collyre";"Liste I";"Antiinflammatoire, Antiallergique oculaire";"même marque dans la base PHARMACORP";"moyenne"
"FLUCAZOL 100MG GEL B/10";"2720";"Médicament";"Fluconazole";"100mg";"Gélule";"Liste I";"Antifongique, Antimycosique";"même marque dans la base PHARMACORP";"moyenne"
"FLUCAZOL 150MG STICK SACHET B/20";"11065";"Médicament";"Fluconazole";"150mg";"Poudre / sachet";"Liste I";"Antifongique, Antimycosique";"même marque dans la base PHARMACORP";"moyenne"
"FLUCAZOL 150MG STICK SACHET DETAIL/1";"555";"Médicament";"Fluconazole";"150mg";"Poudre / sachet";"Liste I";"Antifongique, Antimycosique";"même marque dans la base PHARMACORP";"moyenne"
"FLUCAZOL 50MG/5ML PDR SUSP BUV F/60ML";"2595";"Médicament";"Fluconazole";"50mg/5ml";"Suspension buvable";"Liste I";"Antifongique, Antimycosique";"même marque dans la base PHARMACORP";"moyenne"
"FLUCESS 150MG CPR B/1";"6655";"Médicament";"Fluconazole";"150mg";"Comprimé";"Liste I";"Antifongique, Antimycosique";"même marque dans la base PHARMACORP";"moyenne"
"FLUCIAN 150MG CPR B/1";"525";"Médicament";"Fluconazole";"150mg";"Comprimé";"Liste I";"Antifongique, Antimycosique";"base PHARMACORP";"haute"
"FLUCOAS 150MG COMP.B/1";"1940";"Médicament";"Fluconazole";"150mg";"Comprimé";"Liste I";"Antifongique, Antimycosique";"même marque dans la base PHARMACORP";"moyenne"
"FLUCOGEN 250MG/5ML SUSP BUV FL/100ML";"3040";"Médicament";"Flucloxacilline";"250mg/5ml";"Suspension buvable";"Liste I";"Antibiotique Antibacterien (Penicillines)";"même marque dans la base PHARMACORP";"moyenne"
"FLUCOMYC 150MG CP B/1";"375";"Médicament";"Fluconazole";"150mg";"Comprimé";"";"";"identification manuelle (marque)";"moyenne"
"FLUCON COLLYRE F/3ML 3400932420285";"1815";"Médicament";"Fluorometholone";"3ml";"Collyre";"Liste I";"Antiinflammatoire steroidien";"même marque dans la base PHARMACORP";"moyenne"
"FLUCONA DENK 100MG GEL B/10";"2355";"Médicament";"Fluconazole";"100mg";"Gélule";"";"";"DCI citée dans la désignation";"moyenne"
"FLUCONA DENK 150MG GEL B/10";"1525";"Médicament";"Fluconazole";"150mg";"Gélule";"";"";"DCI citée dans la désignation";"moyenne"
"FLUCONAZOLE KABI 2MG/ML PERF.F/100ML";"5105";"Médicament";"Fluconazole";"2mg/mL";"Injectable";"Liste I";"Antifongique, Antimycosique";"base PHARMACORP";"haute"
"FLUCONAZOLE KABI 400MG/200ML DETAIL";"6195";"Médicament";"Fluconazole";"400mg/200ml";"";"";"";"DCI citée dans la désignation";"moyenne"
"FLUCOWOOD 150MG GELULE B/1";"500";"Médicament";"Fluconazole";"150mg";"Gélule";"Liste I";"Antifongique, Antimycosique";"même marque dans la base PHARMACORP";"moyenne"
"FLUCTOR PDRE S.ORAL SACH B/10";"2495";"";"";"";"Poudre / sachet";"";"";"non identifié";"à vérifier"
"FLUDEX 2,5MG COMP B/30";"12915";"Médicament";"Indapamide";"2,5mg";"Comprimé";"Liste II";"Diuretique";"même marque dans la base PHARMACORP";"moyenne"
"FLUDEX LP 1,5MG CPR PELL B/30";"6685";"Médicament";"Indapamide";"1,5mg";"Comprimé";"Liste II";"Diuretique";"même marque dans la base PHARMACORP";"moyenne"
"FLUDITEC 750MG SP SACH 10ML B/15";"3490";"Médicament";"Carbocysteine";"750mg";"Sirop";"ST";"Antitussif, Expectorant";"même marque dans la base PHARMACORP";"moyenne"
"FLUDITEC AD SIROP 5% FL/125ML";"2110";"Médicament";"Carbocysteine";"5%";"Sirop";"ST";"Antitussif, Expectorant";"même marque dans la base PHARMACORP";"moyenne"
"FLUDITEC ENF SIROP 2% FL/125ML";"2080";"Médicament";"Carbocysteine";"2%";"Sirop";"ST";"Antitussif, Expectorant";"même marque dans la base PHARMACORP";"moyenne"
"FLUGEN 100MG CPR B/10";"1995";"Médicament";"Fluconazole";"100mg";"Comprimé";"Liste I";"Antifongique, Antimycosique";"même marque dans la base PHARMACORP";"moyenne"
"FLUGEN 50MG/5ML PDRE SUSP BUV F/60ML";"1650";"Médicament";"Fluconazole";"50mg/5ml";"Suspension buvable";"Liste I";"Antifongique, Antimycosique";"même marque dans la base PHARMACORP";"moyenne"
"FLUIMUCIL 2% ENF BB SOL BUV F/100ML";"2495";"Médicament";"Acetylcysteine";"2%";"";"";"";"identification manuelle (marque)";"moyenne"
"FLUIMUCIL 200MG AD GR SOL BUV SACH B/18";"2355";"Médicament";"Acetylcysteine";"200mg";"Poudre / sachet";"";"";"identification manuelle (marque)";"moyenne"
"FLUIMUCIL EXPERT 200MG GR SOL BUV SACH30";"2385";"Médicament";"Acetylcysteine";"200mg";"Poudre / sachet";"";"";"identification manuelle (marque)";"moyenne"
"FLUISEDAL SP FL/125ML";"1735";"Médicament";"Promethazine + Benzoate de meglumine";"125ml";"Sirop";"";"";"identification manuelle (marque)";"moyenne"
"FLUISEDAL SS PROM SP F/125ML";"1940";"Médicament";"Promethazine + Benzoate de meglumine";"125ml";"Sirop";"";"";"identification manuelle (marque)";"moyenne"
"FLUKOCIN 250MG/5ML SUSP BUV F/100ML";"2775";"Médicament";"Flucloxacilline";"250mg/5mL";"Sirop / solution buvable";"Liste I";"Antibiotique Antibacterien (Penicillines)";"base PHARMACORP";"haute"
"FLUKOCIN 500MG GEL B/20";"4160";"Médicament";"Flucloxacilline";"500mg";"Crème / pommade / gel";"Liste I";"Antibiotique Antibacterien (Penicillines)";"base PHARMACORP";"haute"
"FLUOCARIL 145 DENTIT GINCIV/75ML";"4200";"Cosmétique / dermo";"";"75ml";"";"";"";"hors médicament";"haute"
"FLUOCARIL BAIN BCHE BI-FLUOR MENTH/250ML";"5530";"Cosmétique / dermo";"";"250ml";"";"";"";"hors médicament";"haute"
"FLUOCARIL BI FLUOR MENTH 250 T/125ML B/2 3400936273894";"11965";"Cosmétique / dermo";"";"125ml";"";"";"";"hors médicament";"haute"
"FLUOCARIL BI250 MENT PAT/125ML 3400932295654";"5950";"Cosmétique / dermo";"";"125ml";"";"";"";"hors médicament";"haute"
"FLUOCARIL BI250 MENT PATE/75ML";"5125";"Cosmétique / dermo";"";"75ml";"";"";"";"hors médicament";"haute"
"FLUOCARIL BIF 145 DSTSENS 75ML 3182550760188";"4585";"Cosmétique / dermo";"";"75ml";"";"";"";"hors médicament";"haute"
"FLUOCARIL BIF145 BLANCHEUR T/75ML";"4410";"Cosmétique / dermo";"";"75ml";"";"";"";"hors médicament";"haute"
"FLUOCARIL BIF145 DENTS SENSIBES 75MLX2";"6800";"Cosmétique / dermo";"";"75ml";"";"";"";"hors médicament";"haute"
"FLUOCARIL BIF250 MENT PAT/125ML";"5360";"Cosmétique / dermo";"";"125ml";"";"";"";"hors médicament";"haute"
"FLUOCARIL PROT COMPLETE BLANCHEUR T/75ML";"4200";"Cosmétique / dermo";"";"75ml";"Comprimé";"";"";"hors médicament";"haute"
"FLUOMIZIN 10MG OV B/6";"4855";"Médicament";"Dequalinium chlorure";"10mg";"Autre";"Liste I";"Antiinfectieux, Antiseptique";"base PHARMACORP";"haute"
"FLUOXINE 500MG CPR B/10";"2595";"Médicament";"Ciprofloxacine";"500mg";"Comprimé";"Liste I";"Antibiotique Antibacterien (Quinolone 2 generation)";"même marque dans la base PHARMACORP";"moyenne"
"FLUOXINE 750MG CP B/10";"3135";"Médicament";"Ciprofloxacine";"750mg";"Comprimé";"Liste I";"Antibiotique Antibacterien (Quinolone 2 generation)";"base PHARMACORP";"haute"
"FLUOXINE T 600/500MG COMP B/10";"2775";"Médicament";"Ciprofloxacine";"600/500mg";"Comprimé";"Liste I";"Antibiotique Antibacterien (Quinolone 2 generation)";"même marque dans la base PHARMACORP";"moyenne"
"FLURIFEN 100MG CPR PELL B/15";"2995";"Médicament";"Flurbiprofene";"100mg";"Comprimé";"Liste II";"Antiinflammatoire non steroidien";"même marque dans la base PHARMACORP";"moyenne"
"FLUTIAIR 0,05% SOL PULV NAS F/12ML B/120";"6240";"Médicament";"Fluticasone propionate";"0,05%";"";"Liste I";"Antiinflammatoire steroidien, Decongestif nasal, Antiasthmatique (Glucocorticoide)";"même marque dans la base PHARMACORP";"moyenne"
"FLUVERMAL 100MG COMP B/6";"3565";"Médicament";"Flubendazole";"100mg";"Comprimé";"Liste II";"Antiparasitaire, Antihelminthique";"même marque dans la base PHARMACORP";"moyenne"
"FLUVERMAL 20MG/ML SUSP FL/30ML";"3715";"Médicament";"Flubendazole";"20mg";"Suspension buvable";"Liste II";"Antiparasitaire, Antihelminthique";"même marque dans la base PHARMACORP";"moyenne"
"FLUZON 150MG CPR B/2";"3050";"Médicament";"Fluconazole";"150mg";"Comprimé";"Liste I";"Antifongique, Antimycosique";"même marque dans la base PHARMACORP";"moyenne"
"FOCE 100MG COMP B/10";"4535";"";"";"100mg";"Comprimé";"";"";"non identifié";"à vérifier"
"FOCE 200MG COMP B/10";"5545";"";"";"200mg";"Comprimé";"";"";"non identifié";"à vérifier"
"FOCE 40MG/5ML PDR S.BUV FL/100ML";"5410";"";"";"40mg/5ml";"";"";"";"non identifié";"à vérifier"
"FOCE 40MG/5ML PDR S.BUV FL/50ML";"3880";"";"";"40mg/5ml";"";"";"";"non identifié";"à vérifier"
"FOLIFER 90MG/1MG CPR B/60";"5215";"Médicament";"Fer + Acide folique";"90mg/1mg";"Comprimé";"ST";"Antianemique";"même marque dans la base PHARMACORP";"moyenne"
"FOLIGRAF 150UI S.INJ B/1";"29120";"Médicament";"Urofollitropine";"150ui";"Injectable";"ST";"hormone follico-stimulante";"même marque dans la base PHARMACORP";"moyenne"
"FOLIGRAF 75UI SOL INJ B/1";"16640";"Médicament";"Urofollitropine";"75ui";"Injectable";"ST";"hormone follico-stimulante";"même marque dans la base PHARMACORP";"moyenne"
"FONGICIL 1% CREME DERM T/30G";"1805";"Médicament";"Econazole";"1%";"Crème / pommade";"Liste I";"Antifongique, Antimycosique";"même marque dans la base PHARMACORP";"moyenne"
"FONGICIL 1% LT DERM 30ML";"1805";"Médicament";"Econazole";"1%";"";"Liste I";"Antifongique, Antimycosique";"même marque dans la base PHARMACORP";"moyenne"
"FONGICIL 150MG OV B/3";"2800";"Médicament";"Econazole";"150mg";"Autre";"Liste I";"Antifongique, Antimycosique";"base PHARMACORP";"haute"
"FONGID CREME T/15G";"1735";"";"";"15g";"Crème / pommade";"";"";"non identifié";"à vérifier"
"FORCAN 150MG CAPS B/1";"1385";"Médicament";"Fluconazole";"150mg";"Gélule";"Liste I";"Antifongique, Antimycosique";"base PHARMACORP";"haute"
"FORLAX 10G BUV SACH B/10";"2370";"Médicament";"Macrogol";"10g";"Poudre / sachet";"ST";"Laxatif, Lavement";"même marque dans la base PHARMACORP";"moyenne"
"FORLAX 10G PDRE SOL BUV SACH B/20";"4310";"Médicament";"Macrogol";"10g";"Poudre / sachet";"ST";"Laxatif, Lavement";"même marque dans la base PHARMACORP";"moyenne"
"FORTALINE PLUS 500MG CAPS B/20";"4645";"";"";"500mg";"Gélule";"";"";"non identifié";"à vérifier"
"FORTALINE PLUS SP F/100ML";"7885";"Médicament";"Acides gras omega- 3 (EPA et DHA)";"0.51 g/0.84 g";"Autre";"ST";"Moduleur de processus indispensable au bon fonctionnement du corps";"base PHARMACORP";"haute"
"FORTEFLEX KINE 75ML";"17850";"";"";"75ml";"";"";"";"non identifié";"à vérifier"
"FORTEFLEX MAX COMP B/120";"28830";"";"";"";"Comprimé";"";"";"non identifié";"à vérifier"
"FORTEPHARMA FORTNUIT KID FL/125ML";"10150";"Nutrition / complément";"";"125ml";"";"";"";"hors médicament";"haute"
"FORTEPHARMA RINORUB BRONC FL/200ML";"12105";"Nutrition / complément";"";"200ml";"";"";"";"hors médicament";"haute"
"FORTEPHARMA TURBDRAIN ANANAS S.BUV/500ML";"16000";"Nutrition / complément";"";"500ml";"";"";"";"hors médicament";"haute"
"FORTEPHARMA TURBDRAIN FRAMB S.BUV/500ML";"18600";"Nutrition / complément";"";"500ml";"";"";"";"hors médicament";"haute"
"FORTEPHARMA XTRA SLIM DETOX 15J F/450ML";"21860";"Médicament";"Eau + Jus de citron + Aromes naturels + Vinaigre de cidre + Extrait de bouleau blanc + Extrait d’artichaut + Extrait de chlorelle + Selenium + Extrait de pissenlit + Extrait de sureau + Manganese";"NR";"Autre";"ST";"Complement alimentaire";"base PHARMACORP";"haute"
"FORTEPHARMA XTRA SLIM POIDS 15J GEL B/60";"24900";"Médicament";"Complexe Lipo-App (poudre de glucomannane issue du konjac Amorphophallus konjac K. Koch et extrait de basilic sacré Ocimum basilicum L.) + Farine de graines de caroube + Vitamines (PP + B5 + B2 + B6)";"NR";"Crème / pommade / gel";"ST";"Complement alimentaire";"base PHARMACORP";"haute"
"FORTICOL SUSP BUV AMP10ML B/20";"3980";"Médicament";"Deanol aceglutamate + heptaminol chlorhydrate";"10ml";"Injectable";"ST";"Tonifiant physique et cerebral";"même marque dans la base PHARMACORP";"moyenne"
"FORTIGEN SIROP FL/120ML";"2290";"Médicament";"Cyproheptadine + Vitamines";"120ml";"Sirop";"ST";"Stimulant de l'appetit";"même marque dans la base PHARMACORP";"moyenne"
"FORTILAC 1ER AGE (F) B/400G";"3820";"Nutrition / complément";"";"400g";"";"";"";"hors médicament";"haute"
"FORTILAC BLE LAIT MIEL PDRE B/200G";"1300";"Nutrition / complément";"";"200g";"Poudre / sachet";"";"";"hors médicament";"haute"
"FORTILAC BLE LAIT MIEL PDRE B/200G (F)";"1530";"Nutrition / complément";"";"200g";"Poudre / sachet";"";"";"hors médicament";"haute"
"FORTILAC BLE-LAIT PDRE B/200G";"1525";"Nutrition / complément";"";"200g";"Poudre / sachet";"";"";"hors médicament";"haute"
"FORTILAC BLE-LAIT PDRE B/200G (F)";"1525";"Nutrition / complément";"";"200g";"Poudre / sachet";"";"";"hors médicament";"haute"
"FORTILAC BLE-LAIT-5 FRUIT (F) PDRE B/200G";"1530";"Nutrition / complément";"";"200g";"Poudre / sachet";"";"";"hors médicament";"haute"
"FORTILAC BLE-LAIT-5 FRUITS PDRE B/200G";"1565";"Nutrition / complément";"";"200g";"Poudre / sachet";"";"";"hors médicament";"haute"
"FORTILAC LAIT INF 1AGE B/400G";"3820";"Nutrition / complément";"";"400g";"";"";"";"hors médicament";"haute"
"FORTILAC LAIT INF 2AGE B/400G";"3400";"Nutrition / complément";"";"400g";"";"";"";"hors médicament";"haute"
"FORTILAC LAIT INF 3AGE (F) B/400G";"3675";"Nutrition / complément";"";"400g";"";"";"";"hors médicament";"haute"
"FORTILAC LAIT INF 3AGE B/400G";"3400";"Nutrition / complément";"";"400g";"";"";"";"hors médicament";"haute"
"FORTILAC LAIT INFANTILE 2 AGE 400G (F)";"3375";"Nutrition / complément";"";"400g";"";"";"";"hors médicament";"haute"
"FORTRANS PDRE SOL BUV SACH B/4";"10675";"Médicament";"Macrogol";"";"Poudre / sachet";"ST";"Laxatif, Lavement";"même marque dans la base PHARMACORP";"moyenne"
"FORTYMOX CY FL/10ML";"5895";"Médicament";"Moxifloxacine";"10ml";"";"";"";"identification manuelle (marque)";"à vérifier"
"FORTZAAR 100MG/12,5MG CPR PELL B/28";"7905";"Médicament";"Losartan potassium + Hydrochlorothiazide";"100mg/12,5mg";"Comprimé";"Liste I";"Antihypertenseur (ARAII + DT)";"même marque dans la base PHARMACORP";"moyenne"
"FORTZAAR 100MG/25MG CPR B/28";"8320";"Médicament";"Losartan potassium + Hydrochlorothiazide";"100mg/25mg";"Comprimé";"Liste I";"Antihypertenseur (ARAII + DT)";"même marque dans la base PHARMACORP";"moyenne"
"FORXIGA 10MG COMP B/30";"16640";"Médicament";"Dapagliflozine";"10mg";"Comprimé";"Liste I";"Antidiabetique (Inhibiteur de SGLT2))";"même marque dans la base PHARMACORP";"moyenne"
"FOSMOL 3000MG GR SOL BUV SACH B/1";"4160";"Médicament";"Fosfomycine trometamol";"3000mg";"Sirop / solution buvable";"Liste I";"Antibiotique urinaire";"base PHARMACORP";"haute"
"FRAKIDEX COLLYRE FL/5ML";"2315";"Médicament";"Framycetine sulfate + dexamethasone phosphate";"5ml";"Collyre";"Liste I";"Antiinflammatoire steroidien, Antibiotique Antibacterien";"même marque dans la base PHARMACORP";"moyenne"
"FRAKIDEX POMMADE OPHT T/5";"1620";"Médicament";"Framycetine sulfate + dexamethasone phosphate";"";"Crème / pommade";"Liste I";"Antiinflammatoire steroidien, Antibiotique Antibacterien";"même marque dans la base PHARMACORP";"moyenne"
"FRANCE LAIT 1 1ER AGE PDRE B/400G";"4315";"Nutrition / complément";"";"400g";"Poudre / sachet";"";"";"hors médicament";"haute"
"FRANCE LAIT 1 1ER AGE PDRE B/400G (F)";"4240";"Nutrition / complément";"";"400g";"Poudre / sachet";"";"";"hors médicament";"haute"
"FRANCE LAIT 1ER AGE PDRE B/900G";"9255";"Nutrition / complément";"";"900g";"Poudre / sachet";"";"";"hors médicament";"haute"
"FRANCE LAIT 2 2EME AGE PDRE B/400G";"4240";"Nutrition / complément";"";"400g";"Poudre / sachet";"";"";"hors médicament";"haute"
"FRANCE LAIT 2E AGE PDRE B/900G";"9410";"Nutrition / complément";"";"900g";"Poudre / sachet";"";"";"hors médicament";"haute"
"FRANCE LAIT 3E AGE CROISS PDRE B/400G (F)";"4240";"Nutrition / complément";"";"400g";"Poudre / sachet";"";"";"hors médicament";"haute"
"FRANCE LAIT 3E AGE CROISSANCE PDRE B/400G";"4240";"Nutrition / complément";"";"400g";"Poudre / sachet";"";"";"hors médicament";"haute"
"FRANCE LAIT 3E AGE CROISSANCE PDRE B/900G";"9410";"Nutrition / complément";"";"900g";"Poudre / sachet";"";"";"hors médicament";"haute"
"FRANCE LAIT AR PDRE B/400G";"5685";"Nutrition / complément";"";"400g";"Poudre / sachet";"";"";"hors médicament";"haute"
"FRANCE LAIT AR PDRE B/400G (F)";"5590";"Nutrition / complément";"";"400g";"Poudre / sachet";"";"";"hors médicament";"haute"
"FRANCE LAIT CERE BLE BISC 200G";"1590";"Nutrition / complément";"";"200g";"";"";"";"hors médicament";"haute"
"FRANCE LAIT CERE BLE FRUIT 200G";"1590";"Nutrition / complément";"";"200g";"";"";"";"hors médicament";"haute"
"FRANCE LAIT CERE BLE MIEL 200G";"1590";"Nutrition / complément";"";"200g";"";"";"";"hors médicament";"haute"
"FRANCE LAIT CERE RIZ MIEL 200G";"1590";"Nutrition / complément";"";"200g";"";"";"";"hors médicament";"haute"
"FRANCE LAIT DIASTASE FARINE 250G (F)";"1590";"Nutrition / complément";"";"250g";"";"";"";"hors médicament";"haute"
"FRANCE LAIT DIASTASE FARINE 250G 3401081372241";"1590";"Nutrition / complément";"";"250g";"";"";"";"hors médicament";"haute"
"FRANCE LAIT FARINE LACT RIZ-FRUITS 250G";"1590";"Nutrition / complément";"";"250g";"";"";"";"hors médicament";"haute"
"FRANCE LAIT LACTOSE FREE PDRE B/400G";"5255";"Nutrition / complément";"";"400g";"Poudre / sachet";"";"";"hors médicament";"haute"
"FRANCE LAIT PREMIUM 1 PDRE B/400G";"4485";"Nutrition / complément";"";"400g";"Poudre / sachet";"";"";"hors médicament";"haute"
"FRANCE LAIT PREMIUM 1 PDRE B/400G (F)";"4485";"Nutrition / complément";"";"400g";"Poudre / sachet";"";"";"hors médicament";"haute"
"FRANCE LAIT PREMIUM 2 PDRE B/400G";"4560";"Nutrition / complément";"";"400g";"Poudre / sachet";"";"";"hors médicament";"haute"
"FRANCE LAIT PREMIUM 2 PDRE B/400G (F)";"4485";"Nutrition / complément";"";"400g";"Poudre / sachet";"";"";"hors médicament";"haute"
"FRESHDAYS NORMAL 2IN1 PROTEG SLIP PACK 24";"800";"Hygiène";"";"";"";"";"";"hors médicament";"haute"
"FRIDIAL 30MG CP B/20";"2745";"Médicament";"Prifinium bromure";"30mg";"Comprimé";"Liste II";"Antispasmodique (Musculotrope)";"base PHARMACORP";"haute"
"FRIDIAL ENFANT 250MG SOL BUV F/50ML";"4920";"Médicament";"Prifinium bromure";"250mg";"";"Liste II";"Antispasmodique (Musculotrope)";"même marque dans la base PHARMACORP";"moyenne"
"FRUCTINES 5MG CPR B/30";"2745";"Médicament";"Picosulfate de sodium";"5mg";"Comprimé";"ST";"Laxatif";"même marque dans la base PHARMACORP";"moyenne"
"FUCANOL 250MG/5ML PDRE SUSP BUV F/100ML";"3565";"Médicament";"Flucloxacilline";"250mg/5ml";"Suspension buvable";"Liste I";"Antibiotique Antibacterien (Penicillines)";"même marque dans la base PHARMACORP";"moyenne"
"FUCANOL 500MG GEL B/12";"3105";"Médicament";"Flucloxacilline";"500mg";"Crème / pommade / gel";"Liste I";"Antibiotique Antibacterien (Penicillines)";"base PHARMACORP";"haute"
"FUCICORT 2% CR T/15G";"3700";"Médicament";"Acide fusidique + Betamethasone";"2%";"Crème / pommade";"Liste I";"Antiinflammatoire steroidien, Antibiotique Antibacterien";"même marque dans la base PHARMACORP";"moyenne"
"FUCIDINE 2% CREME DERMQ T/15G";"2385";"Médicament";"Acide fusidique";"2%";"Crème / pommade";"Liste I";"Antibiotique Antibacterien (Fusidanines)";"même marque dans la base PHARMACORP";"moyenne"
"FUCIDINE 2% POMMADE T/15G";"2385";"Médicament";"Acide fusidique";"2%";"Crème / pommade";"Liste I";"Antibiotique Antibacterien (Fusidanines)";"même marque dans la base PHARMACORP";"moyenne"
"FUCIDINE 250MG CPR PELL B/10";"8890";"Médicament";"Acide fusidique";"250mg";"Comprimé";"Liste I";"Antibiotique Antibacterien (Fusidanines)";"même marque dans la base PHARMACORP";"moyenne"
"FUCIMED CREME T/15G";"3880";"Médicament";"Acide fusidique";"15g";"Crème / pommade";"Liste I";"Antibiotique Antibacterien (Fusidanines)";"même marque dans la base PHARMACORP";"moyenne"
"FUCITHALMIC 1% GEL OP";"2815";"Médicament";"Acide fusidique";"1%";"Gel";"Liste I";"Antibiotique Antibacterien (Fusidanines)";"même marque dans la base PHARMACORP";"moyenne"
"FUCLO 1G PDRE SOL INJ F/1+SOLV/20ML";"2775";"Médicament";"Flucloxacilline";"1g";"Injectable";"Liste I";"Antibiotique Antibacterien (Penicillines)";"base PHARMACORP";"haute"
"FUCLO 250MG SP F/100ML";"4370";"Médicament";"Flucloxacilline";"250mg";"Sirop";"Liste I";"Antibiotique Antibacterien (Penicillines)";"même marque dans la base PHARMACORP";"moyenne"
"FUCLO 500MG GEL B/24";"4575";"Médicament";"Flucloxacilline";"500mg";"Gélule";"Liste I";"Antibiotique Antibacterien (Penicillines)";"même marque dans la base PHARMACORP";"moyenne"
"FUCLO 500MG PDRE SOL INJ F/1+ SOLV/5ML";"1665";"Médicament";"Flucloxacilline";"500mg";"Injectable";"Liste I";"Antibiotique Antibacterien (Penicillines)";"base PHARMACORP";"haute"
"FUMAFER 200MG CPR B/100";"2150";"Médicament";"Fer Fumarate";"200mg";"Comprimé";"ST";"Antianemique";"même marque dans la base PHARMACORP";"moyenne"
"FUMAFER PDRE CHOCOLAT B/50G";"1925";"Médicament";"Fer Fumarate";"50g";"Poudre / sachet";"ST";"Antianemique";"même marque dans la base PHARMACORP";"moyenne"
"FUNDU 100MG/60MG CPR B/4";"5545";"Médicament";"Sildenafil + Dapoxetine";"100mg/60mg";"Comprimé";"Liste I";"Troubles de l'erection + ISRS";"base PHARMACORP";"haute"
"FUNGIFEN 1% CREME T/15G";"1140";"Médicament";"Clotrimazole";"1%";"Crème / pommade";"Liste I";"Antifongique, Antimycosique";"même marque dans la base PHARMACORP";"moyenne"
"FUNGISTOP 150MG GELULE B/1";"2080";"Médicament";"Fluconazole";"150mg";"Gélule";"Liste I";"Antifongique, Antimycosique";"même marque dans la base PHARMACORP";"moyenne"
"FUNGIZONE 100MG/MLSUSP BUV FL/40ML";"7475";"Médicament";"Amphotericine B";"100mg";"Suspension buvable";"Liste I";"Antibacterien, Antifongique, Antimycosique";"même marque dans la base PHARMACORP";"moyenne"
"FUNGIZONE ENT.NOUR BUV F/40ML";"6240";"Médicament";"Amphotericine B";"40ml";"";"Liste I";"Antibacterien, Antifongique, Antimycosique";"même marque dans la base PHARMACORP";"moyenne"
"FURADANTINE 50MG GELU F/21";"3715";"Médicament";"Nitrofurantoine";"50mg";"Gélule";"Liste I";"Antiinfectieux";"même marque dans la base PHARMACORP";"moyenne"
"FURO-DENK 40MG COMP BLIST/10 DETAIL";"805";"Médicament";"Furosemide";"40mg";"Comprimé";"Liste II";"Diuretique de l'anse";"même marque dans la base PHARMACORP";"moyenne"
"FURO-DENK 40MG CPR 10";"8040";"Médicament";"Furosemide";"40mg";"Comprimé";"Liste II";"Diuretique de l'anse";"même marque dans la base PHARMACORP";"moyenne"
"FUROSEMIDE CREAT 40MG COMP BLIST";"420";"Médicament";"Furosemide";"40mg";"Comprimé";"";"";"DCI citée dans la désignation";"moyenne"
"FUROSEMIDE CREAT 40MG CP B/100";"4170";"Médicament";"Furosemide";"40mg";"Comprimé";"";"";"DCI citée dans la désignation";"moyenne"
"FUROSEMIDE IDA 20MG INJ AMP/2ML B/10";"3500";"Médicament";"Furosemide";"20mg";"Injectable";"";"";"DCI citée dans la désignation";"moyenne"
"FUROSEMIDE IDA 20MG INJ AMP/2ML DETAIL/1";"350";"Médicament";"Furosemide";"20mg";"Injectable";"";"";"DCI citée dans la désignation";"moyenne"
"FUROSEMIDE IDA 20ML INJ DETAIL B/1";"350";"Médicament";"Furosemide";"20ml";"Injectable";"";"";"DCI citée dans la désignation";"moyenne"
"FUROSEMIDE IG 20MG SOL INJ AMP/2ML B/1";"830";"Médicament";"Furosemide";"20mg";"Injectable";"Liste II";"Diuretique de l'anse";"base PHARMACORP";"haute"
"FUROSEMIDE REN 20MG/2ML AMP DETAIL";"650";"Médicament";"Furosemide";"20mg/2ml";"Injectable";"";"";"DCI citée dans la désignation";"moyenne"
"FUROSEMIDE REN 20MG/2ML INJ B/10";"6635";"Médicament";"Furosemide";"20mg/2ml";"Injectable";"";"";"DCI citée dans la désignation";"moyenne"
"FUSIBACT 2% CR T/15G";"1985";"Médicament";"Acide fusidique";"2%";"Crème / pommade / gel";"Liste I";"Antibiotique Antibacterien (Fusidanines)";"base PHARMACORP";"haute"
"FUSIBACT 2% PDE T/15G";"1985";"Médicament";"Acide fusidique";"2%";"Autre";"Liste I";"Antibiotique Antibacterien (Fusidanines)";"base PHARMACORP";"haute"
"FUSIDERM 2% CR T/15G";"2360";"Médicament";"Acide fusidique";"2 %";"Crème / pommade / gel";"Liste I";"Antibiotique Antibacterien (Fusidanines)";"base PHARMACORP";"haute"
"FYTOBACT 1G INJ FL/20ML";"4160";"Médicament";"Cefoperazone + Sulbactam";"1g";"Injectable";"Liste I";"Antibiotique Antibacterien";"même marque dans la base PHARMACORP";"moyenne"
"G-ABZOLE 400MG CPR B/1";"695";"Médicament";"Albendazole";"400mg";"Comprimé";"Liste II";"Antiparasitaire, Antihelminthique";"base PHARMACORP";"haute"
"G-CEFTRIA 1G IM IV PDRE SOL INJ F/1";"2080";"Médicament";"Ceftriaxone";"1g";"Injectable";"Liste I";"Antibacterien (Cephalosporines 3 generation), Antibiotique";"base PHARMACORP";"haute"
"G-COSPE 500/25MG CPR B/3";"485";"Médicament";"Sulfadoxine + Pyrimethamine";"500/25mg";"Comprimé";"Liste I";"Antipaludique";"même marque dans la base PHARMACORP";"moyenne"
"GABAR 25MG COMP.B/56";"6505";"Médicament";"Pregabaline";"25mg";"Comprimé";"Liste I";"Antiepileptique, Douleurs neuropathiques";"même marque dans la base PHARMACORP";"moyenne"
"GABAR 75 MG GELULE B/56";"20260";"Médicament";"Pregabaline";"75mg";"Gélule";"Liste I";"Antiepileptique, Douleurs neuropathiques";"même marque dans la base PHARMACORP";"moyenne"
"GABEN 75MG/750MG GELULE B/10";"750";"Médicament";"Pregabaline + Methylcobalamine";"75mg/750mg";"Gélule";"Liste I";"Antiepileptique, Neuropathie";"même marque dans la base PHARMACORP";"moyenne"
"GABEN 75MG/750MG GELULE B/100";"7485";"Médicament";"Pregabaline + Methylcobalamine";"75mg/750mg";"Gélule";"Liste I";"Antiepileptique, Neuropathie";"même marque dans la base PHARMACORP";"moyenne"
"GAGNERVE BT COMP B/30";"10400";"Médicament";"Acide alpha-lipoique + Benfotiamine + Inositol + Pyridoxine";"";"Comprimé";"";"";"identification manuelle (marque)";"moyenne"
"GAGNERVE P 75MG/1,5MG CPR PELL B/30";"10815";"Médicament";"Pregabaline + Methylcobalamine";"75mg/1,5mg";"Comprimé";"";"";"identification manuelle (marque)";"moyenne"
"GAINE HOT SHAPERS B/1";"10000";"Dispositif médical / consommable";"";"";"";"";"";"hors médicament";"haute"
"GALCIPRO 500MG CPR 1BL10";"3465";"Médicament";"Ciprofloxacine";"500mg";"Comprimé";"Liste I";"Antibiotique Antibacterien (Quinolone 2 generation)";"base PHARMACORP";"haute"
"GALOCID 40MG BLISTER B/10 DETAIL";"775";"Médicament";"Pantoprazole";"40mg";"";"Liste II";"Antiulcereux (IPP)";"même marque dans la base PHARMACORP";"moyenne"
"GALOCID 40MG COMP B/100";"7765";"Médicament";"Pantoprazole";"40mg";"Comprimé";"Liste II";"Antiulcereux (IPP)";"même marque dans la base PHARMACORP";"moyenne"
"GALVUS MET FCT 50/850MG CPR PELL B/30";"13560";"Médicament";"Vildagliptine + Metformine";"50/850mg";"Comprimé";"";"";"identification manuelle (marque)";"moyenne"
"GALZOLE 200MG/5ML BUV 10ML";"1805";"Médicament";"Albendazole";"200mg/5ml";"";"Liste II";"Antiparasitaire, Antihelminthique";"même marque dans la base PHARMACORP";"moyenne"
"GAMALATE B6 CP B/20";"4340";"Médicament";"Magnesium + vit b6 + acides amines";"75mg/37mg/112mg";"Comprimé";"ST";"Neuroregulateur";"base PHARMACORP";"haute"
"GAMALATE B6 SOL F/80ML";"4065";"Médicament";"Magnesium + vit b6 + acides amines";"80ml";"";"ST";"Neuroregulateur";"même marque dans la base PHARMACORP";"moyenne"
"GAMOK1000MG/200MG+10ML INJ.B/1";"1595";"Médicament";"Amoxicilline + Acide clavulanique";"1000mg/200mg";"Injectable";"Liste I";"Antibiotique Antibacterien (Penicillines)";"même marque dans la base PHARMACORP";"moyenne"
"GANFORT COLLYRE (F) FL/3ML";"11160";"Médicament";"Bimatoprost + Timolol";"3ml";"Collyre";"Liste I";"Antiglaucomateux";"même marque dans la base PHARMACORP";"moyenne"
"GANFORT COLLYRE FL/3ML";"10990";"Médicament";"Bimatoprost + Timolol";"3ml";"Collyre";"Liste I";"Antiglaucomateux";"même marque dans la base PHARMACORP";"moyenne"
"GANT CHIRUR STER LABELL T7,5/1";"620";"Dispositif médical / consommable";"";"";"";"";"";"hors médicament";"haute"
"GANT CHIRUR STER LABELL T8/1";"600";"Dispositif médical / consommable";"";"";"";"";"";"hors médicament";"haute"
"GANT CHIRUR STER PHD T/7,5 DETAIL/1";"500";"Dispositif médical / consommable";"";"";"";"";"";"hors médicament";"haute"
"GANT CHIRUR STER PHD T7,5 OFFRET/50";"22165";"Dispositif médical / consommable";"";"";"";"";"";"hors médicament";"haute"
"GANT EXAM LAT PHD TL B/100";"5170";"Dispositif médical / consommable";"";"";"";"";"";"hors médicament";"haute"
"GANT EXAM LAT PHD TM B/100";"5050";"Dispositif médical / consommable";"";"";"";"";"";"hors médicament";"haute"
"GANT EXAM LATEX LABELL 7/8 100";"6590";"Dispositif médical / consommable";"";"";"";"";"";"hors médicament";"haute"
"GANT EXAM LATEX LABELL 8/9 B/100";"6770";"Dispositif médical / consommable";"";"";"";"";"";"hors médicament";"haute"
"GANT EXAM.LAT.DIDA 7/8 B/100";"9085";"Dispositif médical / consommable";"";"";"";"";"";"hors médicament";"haute"
"GANT NITR NST T6/7 B/100";"5000";"Dispositif médical / consommable";"";"";"";"";"";"hors médicament";"haute"
"GANT NITR NST T7/8 B/100";"6160";"Dispositif médical / consommable";"";"";"";"";"";"hors médicament";"haute"
"GANT SURGUCAL GLOVES S.L.B/50";"24750";"Dispositif médical / consommable";"";"";"";"";"";"hors médicament";"haute"
"GANT SURGUCAL GLOVES S.L/DETAIL";"500";"Dispositif médical / consommable";"";"";"";"";"";"hors médicament";"haute"
"GANVIR GEL OPHT FL/10G";"6560";"Médicament";"Ganciclovir";"10g";"Gel";"Liste I";"Antiviral";"même marque dans la base PHARMACORP";"moyenne"
"GARDENAL 100MG COMP.B/20";"1925";"Médicament";"Phenobarbital";"100mg";"Comprimé";"Liste II";"Antiepileptique (Barbituriques)";"même marque dans la base PHARMACORP";"moyenne"
"GARDENAL 10MG CPR B/80";"1690";"Médicament";"Phenobarbital";"10mg";"Comprimé";"Liste II";"Antiepileptique (Barbituriques)";"même marque dans la base PHARMACORP";"moyenne"
"GARDENAL 40MG PDRE SOL INJ/1+SOLV/2ML EXP";"9015";"Médicament";"Phenobarbital";"40mg";"Injectable";"Liste II";"Antiepileptique (Barbituriques)";"même marque dans la base PHARMACORP";"moyenne"
"GARDENAL 50MG CPR B/30 EXP";"1180";"Médicament";"Phenobarbital";"50mg";"Comprimé";"Liste II";"Antiepileptique (Barbituriques)";"même marque dans la base PHARMACORP";"moyenne"
"GARNIER CREME SORBET VIT C BOOSTER 85ML";"6000";"Cosmétique / dermo";"";"85ml";"Crème / pommade";"";"";"hors médicament";"haute"
"GARNIER PUR ACT GEL NET BHA CHARBON 250ML";"7500";"Cosmétique / dermo";"";"250ml";"Gel";"";"";"hors médicament";"haute"
"GARNIER PURE ACT.GEL NETTOY PURIFI.F/200M 3400936116320";"5925";"Cosmétique / dermo";"";"";"Gel";"";"";"hors médicament";"haute"
"GARNIER PURE ACTIVE BHA+NIACINAMIDE 4% 40";"9990";"Cosmétique / dermo";"";"4%";"";"";"";"hors médicament";"haute"
"GARNIER S A EAU MICELLAIRE VIT C 400ML";"5500";"Cosmétique / dermo";"";"400ml";"";"";"";"hors médicament";"haute"
"GARNIER S,A UNIFORM-MATE CREME VIT C F/40";"5965";"Cosmétique / dermo";"";"";"Crème / pommade";"";"";"hors médicament";"haute"
"GARNIER S.A. MASQUE CHARBON VB/4";"4540";"Cosmétique / dermo";"";"";"";"";"";"hors médicament";"haute"
"GARNIER SA VIT C SERUM FL/30ML";"11500";"Cosmétique / dermo";"";"30ml";"";"";"";"hors médicament";"haute"
"GARNIER SKIN ACTI CREME PROTECT T/50ML 3610340656996";"8800";"Cosmétique / dermo";"";"50ml";"Crème / pommade";"";"";"hors médicament";"haute"
"GARNIER SKIN LIQ CAR GLOW BOOSTER F/120ML";"5500";"Cosmétique / dermo";"";"120ml";"";"";"";"hors médicament";"haute"
"GARNIER SKIN LOT EXFOLIANTE FL/120ML";"5500";"Cosmétique / dermo";"";"120ml";"";"";"";"hors médicament";"haute"
"GARROT EN CAOUTCHOUC";"1100";"Dispositif médical / consommable";"";"";"";"";"";"hors médicament";"haute"
"GARROT LATEX 50X18CM GARR 75";"1200";"Dispositif médical / consommable";"";"";"";"";"";"hors médicament";"haute"
"GASPRAL 20MG GEL B/15";"3190";"Médicament";"Omeprazole";"20mg";"Crème / pommade / gel";"Liste II";"Antiulcereux (IPP)";"base PHARMACORP";"haute"
"GASPRAL 20MG GEL B/30";"6240";"Médicament";"Omeprazole";"20mg";"Gélule";"Liste II";"Antiulcereux (IPP)";"même marque dans la base PHARMACORP";"moyenne"
"GASPRAL 40MG PDRE INJ + SOLV 5ML B/1";"3175";"Médicament";"Omeprazole";"40mg";"Injectable";"Liste II";"Antiulcereux (IPP)";"base PHARMACORP";"haute"
"GASTRICID CPR A MACHER POCH/4 DETAIL";"705";"Médicament";"Famotidine + magnesium + calcium carbonate";"";"Comprimé";"ST";"Antiulcereux (anti H2)";"même marque dans la base PHARMACORP";"moyenne"
"GASTRICID CPR A MACHER POCH/4 PRES/50";"36565";"Médicament";"Famotidine + magnesium + calcium carbonate";"";"Comprimé";"ST";"Antiulcereux (anti H2)";"même marque dans la base PHARMACORP";"moyenne"
"GATISTAR COLL F/5ML";"3800";"Médicament";"Gatifloxacine";"5ml";"Collyre";"Liste I";"Antibiotiqie Antibacterien (Quinolone 4 generation)";"même marque dans la base PHARMACORP";"moyenne"
"GAVISCON MENTHE COMP A CROQUER T.20 3400936790964";"2135";"Médicament";"Alginate de sodium + Bicarbonate de sodium + Carbonate de calcium";"";"Comprimé";"";"";"identification manuelle (marque)";"moyenne"
"GAVISCON NOURISSON SUSP BUV FL/250ML";"2775";"Médicament";"Alginate de sodium + Bicarbonate de sodium + Carbonate de calcium";"250ml";"Suspension buvable";"";"";"identification manuelle (marque)";"moyenne"
"GAVISCON SUSP BUV FL/250ML";"4380";"Médicament";"Alginate de sodium + Bicarbonate de sodium + Carbonate de calcium";"250ml";"Suspension buvable";"";"";"identification manuelle (marque)";"moyenne"
"GAVISCON SUSP SACH/10ML B/24";"4995";"Médicament";"Alginate de sodium + Bicarbonate de sodium + Carbonate de calcium";"10ml";"Suspension buvable";"";"";"identification manuelle (marque)";"moyenne"
"GBACTIN 500MG CP B/24";"4990";"Médicament";"Thiamphenicol";"500mg";"Comprimé";"Liste I";"Antibiotique Antibacterien ( Phenicoles)";"base PHARMACORP";"haute"
"GEL MAIN DESINFECT. DJIBA FL/300ML";"2800";"Médicament";"Carbomere";"300ml";"Gel";"ST";"Substitut lacrymal";"même marque dans la base PHARMACORP";"moyenne"
"GELDENE 0,5% GEL EXT T/50G";"2495";"Médicament";"Piroxicam";"0,5%";"Crème / pommade / gel";"Liste I";"Antiinflammatoire non steroidien";"base PHARMACORP";"haute"
"GELOFUSINE SOL INJ 4% 500ML/1";"5690";"Médicament";"Gelatine fluide modifiee";"4%";"Injectable";"";"";"identification manuelle (marque)";"moyenne"
"GELTIM LP 1MG COLLYRE UNIDOS B/30 (F)";"9000";"Médicament";"Timolol";"1mg";"Collyre";"";"";"identification manuelle (marque)";"moyenne"
"GELTIM LP 1MG COLLYRE UNIDOS B/30 3400937068291";"8235";"Médicament";"Timolol";"1mg";"Collyre";"";"";"identification manuelle (marque)";"moyenne"
"GEN M 60MG PDRE B/10 AMP";"13420";"Médicament";"Gentamicine";"60mg";"Injectable";"";"";"identification manuelle (marque)";"moyenne"
"GEN-M 120MG IM/IV PDR SOL INJ DETAIL/1";"2650";"Médicament";"Gentamicine";"120mg";"Injectable";"";"";"identification manuelle (marque)";"moyenne"
"GEN-M 120MG IM/IV PDRE SOL INJ+SOLV B/10";"26470";"Médicament";"Artesunate";"120mg";"Injectable";"Liste I";"Antipaludique";"base PHARMACORP";"haute"
"GEN-M 15MG/90MG PDRE SUSP BUV F/30ML";"1375";"Médicament";"Artemether + Lumefantrine";"15mg/90mg";"Sirop / solution buvable";"Liste I";"Antipaludique";"base PHARMACORP";"haute"
"GEN-M 20MG/120MG CPR DISP B/24";"2085";"Médicament";"Artemether + Lumefantrine";"20mg/120mg";"Comprimé";"Liste I";"Antipaludique";"base PHARMACORP";"haute"
"GEN-M 30MG IM/IV PDRE SOL INJ DETAIL/1";"730";"Médicament";"Gentamicine";"30mg";"Injectable";"";"";"identification manuelle (marque)";"moyenne"
"GEN-M 30MG IM/IV PDRE SOL INJ+SOLV B/10";"7390";"Médicament";"Artesunate";"30mg";"Injectable";"Liste I";"Antipaludique";"base PHARMACORP";"haute"
"GEN-M 40MG/240MG CPR DISP SEC B/12";"2080";"Médicament";"Artemether + Lumefantrine";"40mg/240mg";"Comprimé";"Liste I";"Antipaludique";"base PHARMACORP";"haute"
"GEN-M 60MG IM/IV PDRE SOL INJ DETAIL/1";"1340";"Médicament";"Gentamicine";"60mg";"Injectable";"";"";"identification manuelle (marque)";"moyenne"
"GEN-M 80MG/480MG CPR B/6";"2220";"Médicament";"Artemether + Lumefantrine";"80mg/480mg";"Comprimé";"Liste I";"Antipaludique";"base PHARMACORP";"haute"
"GEN-M DS 30MG/180MG PDRE SUSP BUV F/30ML";"1941";"Médicament";"Artemether + Lumefantrine";"30mg/180mg";"Sirop / solution buvable";"Liste I";"Antipaludique";"base PHARMACORP";"haute"
"GENCLAV 1G/125MG SACHET B/16";"6935";"Médicament";"Amoxicilline + Acide clavulanique";"1g/125mg";"Poudre / sachet";"Liste I";"Antibiotique Antibacterien (Penicillines)";"même marque dans la base PHARMACORP";"moyenne"
"GENCLAV 250/31,5MG SACHET B/12";"3465";"Médicament";"Amoxicilline + Acide clavulanique";"250/31,5mg";"Poudre / sachet";"Liste I";"Antibiotique Antibacterien (Penicillines)";"même marque dans la base PHARMACORP";"moyenne"
"GENES FER CPR EFFV BL B/12";"4925";"Médicament";"Fer + Vitamines";"multidosage";"Comprimé";"ST";"Antianemique";"base PHARMACORP";"haute"
"GENES GROSSESSE CPR EFF BL 12";"5310";"Nutrition / complément";"Multivitamines";"";"Comprimé";"";"";"identification manuelle (marque)";"moyenne"
"GENES JUNIOR CPR EFFV B/10";"3495";"Nutrition / complément";"Multivitamines";"";"Comprimé";"";"";"identification manuelle (marque)";"moyenne"
"GENES MULTI AD CPR EFFV BL B/10";"3535";"Nutrition / complément";"Multivitamines";"";"Comprimé";"";"";"identification manuelle (marque)";"moyenne"
"GENES PLUS CPR EFFV B/12";"5050";"Nutrition / complément";"Multivitamines";"";"Comprimé";"";"";"identification manuelle (marque)";"moyenne"
"GENES VIT MAGNE 300 CPR EFFV B/10";"4080";"Nutrition / complément";"Multivitamines";"";"Comprimé";"";"";"identification manuelle (marque)";"moyenne"
"GENFORTE 100MG/125MG SUSP BUV F/120ML";"1260";"Médicament";"Ibuprofene + Paracetamol";"100mg/125mg";"Sirop / solution buvable";"Liste II";"Antalgique, Antipyrétique, Antiinflammatoire non steroidien";"base PHARMACORP";"haute"
"GENFORTE 400MG/500MG CPR B/10 DETAIL";"1000";"Médicament";"Ibuprofene + Paracetamol";"400mg/500mg";"Comprimé";"Liste II";"Antalgique, Antipyrétique, Antiinflammatoire non steroidien";"même marque dans la base PHARMACORP";"moyenne"
"GENFORTE 400MG/500MG CPR B/100";"9705";"Médicament";"Ibuprofene + Paracetamol";"400mg/500mg";"Comprimé";"Liste II";"Antalgique, Antipyrétique, Antiinflammatoire non steroidien";"même marque dans la base PHARMACORP";"moyenne"
"GENOU GENUACTION ELAST T3 GRIS";"14510";"Dispositif médical / consommable";"";"3g";"";"";"";"hors médicament";"haute"
"GENOU SALVA CONFORT ACTIVE T2";"14850";"Dispositif médical / consommable";"";"";"";"";"";"hors médicament";"haute"
"GENOU SALVA CONFORT ACTIVE T3";"14895";"Dispositif médical / consommable";"";"";"";"";"";"hors médicament";"haute"
"GENOU SALVA CONFORT ACTIVE T4";"14630";"Dispositif médical / consommable";"";"";"";"";"";"hors médicament";"haute"
"GENOU SALVA LIG/ROTU ACTIVE T4";"45500";"Dispositif médical / consommable";"";"";"";"";"";"hors médicament";"haute"
"GENOU SALVA LIGAMENTAIR ACTIVE T4";"30290";"Dispositif médical / consommable";"";"";"";"";"";"hors médicament";"haute"
"GENOUIL SALVA CONFORT ACTIV T5";"14900";"Dispositif médical / consommable";"";"";"";"";"";"hors médicament";"haute"
"GENOUIL SALVA CONTENTION COF ACTIVE T4";"12815";"Dispositif médical / consommable";"";"";"";"";"";"hors médicament";"haute"
"GENPAR 1% PERF INJ 100MG F/100ML";"2080";"Médicament";"Paracetamol";"1%";"Injectable";"ST";"Antalgique, Antipyrétique";"même marque dans la base PHARMACORP";"moyenne"
"GENSET 10MG COMP B/30";"1495";"Médicament";"Cetirizine";"10mg";"Comprimé";"Liste II";"Antihistaminique";"même marque dans la base PHARMACORP";"moyenne"
"GENSET 5MG/5ML SUSP BUV F/60ML";"1390";"Médicament";"Cetirizine";"5mg/5ml";"Suspension buvable";"Liste II";"Antihistaminique";"même marque dans la base PHARMACORP";"moyenne"
"GENTA 0,3% GTTE COLL F/5ML";"1385";"Médicament";"Gentamicine";"0,3%";"Collyre";"Liste I";"Antibiotique Antibacterien (Aminosides)";"même marque dans la base PHARMACORP";"moyenne"
"GENTAMED 0,3% COLLYRE FL/5ML";"1040";"Médicament";"Gentamicine";"0,3%";"Collyre";"Liste I";"Antibiotique Antibacterien (Aminosides)";"même marque dans la base PHARMACORP";"moyenne"
"GENTAMED 0,3% PDE OPH T/5G";"1375";"Médicament";"Gentamicine";"0,3%";"";"Liste I";"Antibiotique Antibacterien (Aminosides)";"même marque dans la base PHARMACORP";"moyenne"
"GENTAMICINE 80MG IDA DETAIL";"360";"Médicament";"Gentamicine";"80mg";"";"";"";"identification manuelle (marque)";"moyenne"
"GENTAMICINE 80MG IDA INJ B/10";"3590";"Médicament";"Gentamicine";"80mg";"Injectable";"";"";"identification manuelle (marque)";"moyenne"
"GENTAMICINE IDA 0,3% COLLYRE FL/5ML";"1000";"Médicament";"Gentamicine";"0,3%";"Collyre";"";"";"identification manuelle (marque)";"moyenne"
"GENTAMICINE PAN 40MG";"4730";"Médicament";"Gentamicine";"40mg";"";"";"";"identification manuelle (marque)";"moyenne"
"GENTAMINCINE 40MG/ML FL/2ML INJ B/10";"7285";"Médicament";"Gentamicine";"40mg";"Injectable";"";"";"identification manuelle (marque)";"moyenne"
"GENTAMINCINE 40MG/ML FL/2ML INJ DETAIL/1";"730";"Médicament";"Gentamicine";"40mg";"Injectable";"";"";"identification manuelle (marque)";"moyenne"
"GENTASOL 0,3% COLL F/5ML";"1235";"Médicament";"Gentamicine";"0,3%";"Collyre";"Liste I";"Antibiotique Antibacterien (Aminosides)";"même marque dans la base PHARMACORP";"moyenne"
"GENTLE MAGIC SAVON AU SOUFRE 100G";"2000";"Cosmétique / dermo";"";"100g";"";"";"";"hors médicament";"haute"
"GENTOVIR 300MG CPR PELL B/30";"10400";"Médicament";"Tenofovir";"300mg";"Comprimé";"Liste I";"Antiviral";"base PHARMACORP";"haute"
"GENUPHIL 375MG/300MG/375MG CPR B/20";"5545";"Médicament";"Glucosamine + Chondroitine + Methyl sulfonyl methane";"375mg/300mg/375mg";"Comprimé";"ST";"Antiarthrosique";"base PHARMACORP";"haute"
"GESTARELLE G CAPS B/30";"6330";"Médicament";"Acide ascorbique + Acide folique + Acide gamma linoléique + Acide linoléique + Acide panthoténique + Biotine + Cuivre + DHA + Fer + Iode + Magnésium + Sélénium + Vit B1 + Vit B2 + Vit B6 + Vit E + Zinc";"60mg/200µg/2,5mg/19mg/ 6mg/150µg/500µg/35mg/14mg/120µg/50mg/30µg/1,4mg/1,6mg/2mg/10mg/10mg";"Gélule";"ST";"Complement alimentaire";"base PHARMACORP";"haute"
"GESTID CPR B/20";"1055";"Médicament";"Aluminium hydroxyde + Magnesium hydroxyde + Simethicone";"250mg/250mg/50mg";"Comprimé";"ST";"Anti acide, Antiflatulent";"base PHARMACORP";"haute"
"GINGEMBRE LAMELLE PACK DE 150G";"1400";"Nutrition / complément";"";"150g";"";"";"";"hors médicament";"haute"
"GINGIMBRE BIO NATUREO PACK 50G";"750";"Nutrition / complément";"";"50g";"";"";"";"hors médicament";"haute"
"GINKGO BGR 40MG COMP B/30";"4160";"Médicament";"Ginkgo biloba";"40mg";"Comprimé";"";"";"identification manuelle (marque)";"moyenne"
"GINKGO BGR 40MG COMP B/90";"12480";"Médicament";"Ginkgo biloba";"40mg";"Comprimé";"";"";"identification manuelle (marque)";"moyenne"
"GINKOCER 40MG CPR B/30";"3605";"Médicament";"Ginkgo biloba";"40mg";"Comprimé";"ST";"Tonifiant, Vasodilatateur";"même marque dans la base PHARMACORP";"moyenne"
"GINKOR FORT GELU B/30";"7625";"Médicament";"Ginkgo biloba + troxerutine + heptaminol chlorhydrate";"";"Gélule";"ST";"Veinotonique, Vasculoprotecteur";"même marque dans la base PHARMACORP";"moyenne"
"GINSENG BIO NATUREO PACK DE 50G";"4000";"Nutrition / complément";"";"50g";"";"";"";"hors médicament";"haute"
"GINSENG ROUGE BIO NATUREO PACK DE 50G";"4000";"Nutrition / complément";"";"50g";"";"";"";"hors médicament";"haute"
"GLIBOMET 400MG/2,5MG CPR B/40";"3465";"Médicament";"Metformine chlorhydrate + glibenclamide";"400mg/2,5mg";"Comprimé";"Liste I";"Antidiabetique (Biguanides + Sulfonylurées)";"même marque dans la base PHARMACORP";"moyenne"
"GLIDE-M LP 60MG/500MG CPRB/30";"13865";"Médicament";"Metformine + Gliclazide";"60mg/500mg";"Comprimé";"Liste I";"Antidiabetique (Biguanides + Sulfonylurées)";"même marque dans la base PHARMACORP";"moyenne"
"GLIM FORTE 800MG/80MG CPR SEC B/30";"6935";"Médicament";"Metformine + Gliclazide";"800mg/80mg";"Comprimé";"Liste I";"Antidiabetique (Biguanides + Sulfonylurées)";"base PHARMACORP";"haute"
"GLIMEPIRIDE DENK 2MG CPR B/30";"4855";"Médicament";"Glimepiride";"2mg";"Comprimé";"";"";"DCI citée dans la désignation";"moyenne"
"GLIMEPIRIDE DENK 3MG CPR B/30";"6100";"Médicament";"Glimepiride";"3mg";"Comprimé";"Liste I";"Antidiabetique (sulfonylurees)";"base PHARMACORP";"haute"
"GLIMERON 2MG COMP B/30";"4160";"Médicament";"Glimepiride";"2mg";"Comprimé";"";"";"identification manuelle (marque)";"moyenne"
"GLIMERON 3MG COMP B/30";"5545";"Médicament";"Glimepiride";"3mg";"Comprimé";"";"";"identification manuelle (marque)";"moyenne"
"GLIMERON M2 2MG/500MG COMP B/30";"5410";"Médicament";"Glimepiride";"2mg/500mg";"Comprimé";"";"";"identification manuelle (marque)";"moyenne"
"GLIZZMET 2MG/500MG COMP B/30";"5200";"Médicament";"Glimepiride + Metformine";"2mg/500mg";"Comprimé";"Liste I";"Antidiabetique (Biguanides + Sulfonylurées)";"même marque dans la base PHARMACORP";"moyenne"
"GLOBALINE 0,4 L";"100";"Dispositif médical / consommable";"";"";"";"";"";"hors médicament";"haute"
"GLOBALINE 0,5 L";"200";"Dispositif médical / consommable";"";"";"";"";"";"hors médicament";"haute"
"GLOBALINE 1,5L";"400";"Dispositif médical / consommable";"";"";"";"";"";"hors médicament";"haute"
"GLOBALINE 10L";"1300";"Dispositif médical / consommable";"";"";"";"";"";"hors médicament";"haute"
"GLOBALINE 1L";"300";"Dispositif médical / consommable";"";"";"";"";"";"hors médicament";"haute"
"GLOBALINE 6,5L";"1000";"Dispositif médical / consommable";"";"";"";"";"";"hors médicament";"haute"
"GLOBALINE JUS CITRON 6000ML";"300";"Dispositif médical / consommable";"";"6000ml";"";"";"";"hors médicament";"haute"
"GLOWMAX CREME T/100G";"4915";"Cosmétique / dermo";"";"100g";"Crème / pommade";"";"";"hors médicament";"haute"
"GLOWMAX SAVON 75G";"2500";"Cosmétique / dermo";"";"75g";"";"";"";"hors médicament";"haute"
"GLP-1 ACTIVATE STICK B/30";"20000";"Nutrition / complément";"";"";"";"";"";"hors médicament";"haute"
"GLUCOPHAGE 1000MG CPR B/30";"3495";"Médicament";"Metformine chlorhydrate";"1000mg";"Comprimé";"Liste I";"Antidiabetique (Biguanides)";"même marque dans la base PHARMACORP";"moyenne"
"GLUCOPHAGE 500MG CPR B/30";"1220";"Médicament";"Metformine chlorhydrate";"500mg";"Comprimé";"Liste I";"Antidiabetique (Biguanides)";"même marque dans la base PHARMACORP";"moyenne"
"GLUCOPHAGE 850MG CPR B/30";"3270";"Médicament";"Metformine chlorhydrate";"850mg";"Comprimé";"Liste I";"Antidiabetique (Biguanides)";"même marque dans la base PHARMACORP";"moyenne"
"GLUCOSE 10% BB ECOFLA 500ML";"1250";"Médicament";"Glucose monohydrate";"10%";"";"";"";"DCI citée dans la désignation";"moyenne"
"GLUCOSE 10% KABIPAC PERF 250ML FRES";"1000";"Médicament";"Glucose monohydrate";"10 %";"Injectable";"ST";"Vehicule d'apport therapeutique, Deshydratation, Apport calorique glucidique";"base PHARMACORP";"haute"
"GLUCOSE 10% KABIPAC PERF 500ML FRES";"1250";"Médicament";"Glucose monohydrate";"10%";"Injectable";"";"";"DCI citée dans la désignation";"moyenne"
"GLUCOSE 5% KABIPAC PERF 250ML FRES";"1000";"Médicament";"Glucose monohydrate";"5 %";"Injectable";"ST";"Vehicule d'apport therapeutique, Deshydratation, Apport calorique glucidique";"base PHARMACORP";"haute"
"GLUCOSE 5% KABIPAC PERF 500ML FRES";"1250";"Médicament";"Glucose monohydrate";"5%";"Injectable";"";"";"DCI citée dans la désignation";"moyenne"
"GLUCOSE IDA ISOTONIC 5% SOL INJ 500ML";"1250";"Médicament";"Glucose monohydrate";"5%";"Injectable";"";"";"DCI citée dans la désignation";"moyenne"
"GLUCOVANCE 1000MG/5MG COMP B/30";"5825";"Médicament";"Metformine chlorhydrate + glibenclamide";"1000mg/5mg";"Comprimé";"Liste I";"Antidiabetique (Biguanides + Sulfonylurées)";"même marque dans la base PHARMACORP";"moyenne"
"GLUCOVANCE 500MG/2,5MG CPR B/30";"4520";"Médicament";"Metformine chlorhydrate + glibenclamide";"500mg/2,5mg";"Comprimé";"Liste I";"Antidiabetique (Biguanides + Sulfonylurées)";"même marque dans la base PHARMACORP";"moyenne"
"GLUCOVANCE 500MG/5MG CPR B/30";"4520";"Médicament";"Metformine chlorhydrate + glibenclamide";"500mg/5mg";"Comprimé";"Liste I";"Antidiabetique (Biguanides + Sulfonylurées)";"même marque dans la base PHARMACORP";"moyenne"
"GLUSIMET 50MG/1000MG COMP PELL B/56";"13865";"Médicament";"Vildagliptine + Metformine";"50mg/1000mg";"Comprimé";"";"";"identification manuelle (marque)";"moyenne"
"GLX GREEN PARFUM FL/100ML";"4000";"Cosmétique / dermo";"";"100ml";"";"";"";"hors médicament (filtre)";"moyenne"
"GLYCERINE CPF 100ML";"4420";"Médicament";"Glycerol";"100ml";"";"";"";"identification manuelle (marque)";"moyenne"
"GLYCERINE GILBERT SOL F/60ML";"2975";"Médicament";"Glycerol";"60ml";"";"";"";"identification manuelle (marque)";"moyenne"
"GLYFERON 1000MG CPR B/30";"3145";"Médicament";"Metformine chlorhydrate";"1000mg";"Comprimé";"Liste I";"Antidiabetique (Biguanides)";"base PHARMACORP";"haute"
"GLYFERON 850MG CPR B/30";"2705";"Médicament";"Metformine chlorhydrate";"850mg";"Comprimé";"Liste I";"Antidiabetique (Biguanides)";"base PHARMACORP";"haute"
"GLYMAX LP 500MG/2MG COMP B/30";"4160";"Médicament";"Metformine + Glimepiride";"500mg/2mg";"Comprimé";"Liste I";"Antidiabetique (Biguanides + Sulfonylurées)";"même marque dans la base PHARMACORP";"moyenne"
"GLYSET 1MG COMP B.30";"3465";"Médicament";"Glimepiride";"1mg";"Comprimé";"Liste I";"Antidiabetique (sulfonylurees)";"même marque dans la base PHARMACORP";"moyenne"
"GLYSET 2MG CPR B/30";"5780";"Médicament";"Glimepiride";"2mg";"Comprimé";"Liste I";"Antidiabetique (sulfonylurees)";"même marque dans la base PHARMACORP";"moyenne"
"GLYSET 3MG CPR B/30";"7625";"Médicament";"Glimepiride";"3mg";"Comprimé";"Liste I";"Antidiabetique (sulfonylurees)";"même marque dans la base PHARMACORP";"moyenne"
"GOMENOL SOLUB AERO AMP 5ML B/5";"2635";"Médicament";"Gomenol";"5ml";"Injectable";"";"";"identification manuelle (marque)";"moyenne"
"GORPILS CITRON PAST B/24";"2250";"Nutrition / complément";"";"";"";"";"";"hors médicament";"haute"
"GORPILS MENTHOL EUCALYPTUS PAST B/24";"2380";"Nutrition / complément";"";"";"";"";"";"hors médicament";"haute"
"GORPILS MIEL CITRON PAST B/24";"2250";"Nutrition / complément";"";"";"";"";"";"hors médicament";"haute"
"GRAMOCEF 0 200MG GEL B/10";"4855";"Médicament";"Cefixime";"200mg";"Gélule";"Liste I";"Antibiotique Antibacterien (Cephalosporines 3 generation)";"même marque dans la base PHARMACORP";"moyenne"
"GRAMOCEF 0 50 DS F/100ML";"3190";"Médicament";"Cefixime";"100ml";"";"Liste I";"Antibiotique Antibacterien (Cephalosporines 3 generation)";"même marque dans la base PHARMACORP";"moyenne"
"GRAMOCEF O 100MG FL/100ML";"4990";"Médicament";"Cefixime";"100mg";"";"Liste I";"Antibiotique Antibacterien (Cephalosporines 3 generation)";"même marque dans la base PHARMACORP";"moyenne"
"GRAMOCEF O 400MG GEL B/6";"6935";"Médicament";"Cefixime";"400mg";"Crème / pommade / gel";"Liste I";"Antibiotique Antibacterien (Cephalosporines 3 generation)";"base PHARMACORP";"haute"
"GRANIONS COENZYME Q10 GELULE B/30";"18090";"Nutrition / complément";"";"10g";"Gélule";"";"";"hors médicament";"haute"
"GRANIONS COLLAGEN BEAUTE B/275G";"34595";"Nutrition / complément";"";"275g";"Collyre";"";"";"hors médicament";"haute"
"GRANIONS COLLAGENE COMP B/60";"18925";"Nutrition / complément";"";"";"Collyre";"";"";"hors médicament";"haute"
"GRANIONS ZINC AMP BUVABLE 2ML B/30";"9500";"Nutrition / complément";"";"2ml";"Injectable";"";"";"hors médicament";"haute"
"GRIPEX PDRE SUSP BUV SACH B/10";"2550";"Médicament";"Paracetamol + phenylephrine + chlorpheniramine maleate + acide ascorbique";"";"Suspension buvable";"ST";"Antigrippal";"même marque dans la base PHARMACORP";"moyenne"
"GRISEFULINE 250MG CPR B/30";"2980";"Médicament";"Griseofulvine";"250mg";"Comprimé";"Liste I";"Antifongique, Antimycosique";"même marque dans la base PHARMACORP";"moyenne"
"GRISEFULINE 500MG CPR B/20";"3940";"Médicament";"Griseofulvine";"500mg";"Comprimé";"Liste I";"Antifongique, Antimycosique";"même marque dans la base PHARMACORP";"moyenne"
"GRISEO 250MG MICRONISE CPR B/30";"2535";"Médicament";"Griseofulvine";"250mg";"Comprimé";"";"";"identification manuelle (marque)";"moyenne"
"GRISEO 500MG CPR B/16";"3175";"Médicament";"Griseofulvine";"500mg";"Comprimé";"Liste I";"Antifongique, Antimycosique";"base PHARMACORP";"haute"
"GRISEO LAPR 125MG CP B/30";"2535";"Médicament";"Griseofulvine";"125mg";"Comprimé";"";"";"identification manuelle (marque)";"moyenne"
"GRISEO POMMADE 5% T/15G";"1055";"Médicament";"Griseofulvine";"5%";"Crème / pommade";"";"";"identification manuelle (marque)";"moyenne"
"GRISEO SALICYLEE PD DERMIQ T/15G";"1165";"Médicament";"Griseofulvine";"15g";"";"";"";"identification manuelle (marque)";"moyenne"
"GRISEOFULVINE CREAT 250MG COMP DETAIL/10";"675";"Médicament";"Griseofulvine";"250mg";"Comprimé";"";"";"DCI citée dans la désignation";"moyenne"
"GRISEOFULVINE CREAT 250MG CPR B/10X10";"6535";"Médicament";"Griseofulvine";"250mg";"Comprimé";"";"";"DCI citée dans la désignation";"moyenne"
"GRISEOFULVINE CREAT 500MG COMP DETAIL/10";"1040";"Médicament";"Griseofulvine";"500mg";"Comprimé";"";"";"DCI citée dans la désignation";"moyenne"
"GRISEOFULVINE CREAT 500MG COMP.B/10X10";"10395";"Médicament";"Griseofulvine";"500mg";"Comprimé";"";"";"DCI citée dans la désignation";"moyenne"
"GRISEOFULVINE CREAT 500MG ETUI 2BL10";"3620";"Médicament";"Griseofulvine";"500mg";"Autre";"Liste I";"Antifongique, Antimycosique";"base PHARMACORP";"haute"
"GRISEOPHARM 125MG CPR B/32";"2570";"Médicament";"Griseofulvine";"125mg";"Comprimé";"Liste I";"Antifongique, Antimycosique";"même marque dans la base PHARMACORP";"moyenne"
"GRISEOPHARM 250MG CPR B/30";"2205";"Médicament";"Griseofulvine";"250mg";"Comprimé";"Liste I";"Antifongique, Antimycosique";"même marque dans la base PHARMACORP";"moyenne"
"GRISEOPHARM 500MG CPR B/20";"2425";"Médicament";"Griseofulvine";"500mg";"Comprimé";"Liste I";"Antifongique, Antimycosique";"même marque dans la base PHARMACORP";"moyenne"
"GUAFLEX SP F/120ML";"2745";"Médicament";"Extraits de feuilles de goyage + Extraits de fleurs de Tilleul + Huile de fenouil";"120ml";"Sirop";"ST";"Antitussif";"même marque dans la base PHARMACORP";"moyenne"
"GUDOO EAU DIGESTIVE SOL BUV F/120ML";"1665";"Médicament";"Sarjikakshara purifiee (bicarbonate de sodium) + Huile de sowa + Huile de shatapusha + Huile de pudina";"multidosage";"Sirop / solution buvable";"ST";"Sedatif";"base PHARMACORP";"haute"
"GUIGOZ 1 B/400G";"3450";"Nutrition / complément";"";"400g";"";"";"";"hors médicament";"haute"
"GUIGOZ 2 ROSE B/400G";"3450";"Nutrition / complément";"";"400g";"";"";"";"hors médicament";"haute"
"GULCEF INJECTION 1G AMP SOL/1";"2110";"Médicament";"Ceftriaxone";"1g";"Injectable";"Liste I";"Antibacterien (Cephalosporines 3 generation), Antibiotique";"même marque dans la base PHARMACORP";"moyenne"
"GUMFORTE BAIN DE BOUCHE F/200ML";"4375";"Cosmétique / dermo";"";"200ml";"";"";"";"hors médicament";"haute"
"GUMFORTE DENTIF CHARBON T/100G";"4330";"Cosmétique / dermo";"";"100g";"";"";"";"hors médicament";"haute"
"GUMFORTE DENTIF T/100";"2260";"Cosmétique / dermo";"";"";"";"";"";"hors médicament";"haute"
"GUMFORTE JUNIOR DENTIF FRAISE T/50G+BAD";"1640";"Cosmétique / dermo";"";"50g";"";"";"";"hors médicament";"haute"
"GUMFORTE M 1,5%/0,5% GEL T/20G";"1385";"Cosmétique / dermo";"";"1,5%";"Gel";"";"";"hors médicament";"haute"
"GUMFORTE SPRAY RAFRAICH BCHE MENT F/15G";"1985";"Cosmétique / dermo";"";"15g";"Spray";"";"";"hors médicament";"haute"
"GUNCIPRO FORTE 500MG/600MG CPR B/10";"4160";"Médicament";"Ciprofloxacine chlorhydrate + Tinidazole";"500mg/600mg";"Comprimé";"Liste I";"Antiparasitaire ( Nitro imidazoles + Quinolone 2 génération), Antibiotique Antibacterien";"base PHARMACORP";"haute"
"GUTCLEAR 10G/15ML SUSP BUV FL/200ML";"8320";"Médicament";"Lactitol Monohydrate";"10g/15ml";"Suspension buvable";"ST";"Laxatif";"même marque dans la base PHARMACORP";"moyenne"
"GVIA 50MG CPR PELL B/28";"6765";"Médicament";"Sitagliptine";"50mg";"Comprimé";"Liste I";"Antidiabetique (Inhibiteur de la dipeptidylpeptidase)";"base PHARMACORP";"haute"
"GVIA-M 50/500MG CPR PELL B/60";"11840";"Médicament";"Sitagliptine + Metformine";"50mg/500mg";"Comprimé";"Liste I";"Antidiabetique (Biguanides), Antidiabetique (Inhibiteur de la dipeptidylpeptidase)";"base PHARMACORP";"haute"
"GVIA-M 50MG/1000MG CPR PELL B/60";"16915";"Médicament";"Sitagliptine + Metformine";"50mg/1000mg";"Comprimé";"Liste I";"Antidiabetique (Biguanides), Antidiabetique (Inhibiteur de la dipeptidylpeptidase)";"base PHARMACORP";"haute"
"GYFLORINE 500MG/100MG/150UI OV VAG B/6";"4840";"Médicament";"Metronidazole + Clotrimazole + Lactobacillus";"500mg/100mg/150UI";"Autre";"Liste I";"Antidiarrheique, Antifongique, Antiparasitaire";"base PHARMACORP";"haute"
"GYN HYDRALIN SOL VAG FL/200ML";"7700";"Hygiène";"";"200ml";"";"";"";"hors médicament";"haute"
"GYNANFORT OVULES B/10";"2980";"Médicament";"Metronidazole + neomycine + nystatine";"";"Ovule";"Liste I";"Antibacterien, Antifongique, Antiparasitaire";"même marque dans la base PHARMACORP";"moyenne"
"GYNECLINE 200MG CPR B/10";"2605";"Médicament";"Doxycycline";"200mg";"Comprimé";"Liste I";"Antiinfectieux, Antibacterien (Cyclines)";"même marque dans la base PHARMACORP";"moyenne"
"GYNO MYCOLEX OVULE 400MG B/3";"3465";"Médicament";"Miconazole";"400mg";"Ovule";"Liste I";"Antifongique, Antimycosique, Antiseptique";"même marque dans la base PHARMACORP";"moyenne"
"GYNODINE 10% SOL FL/125ML";"1500";"Médicament";"Povidone iodee";"10%";"";"ST";"Antiseptique externe";"même marque dans la base PHARMACORP";"moyenne"
"GYNOFAST 100MG/200MG OVULE B/3";"2495";"Médicament";"Clindamycine + Clotrimazole";"100mg/200mg";"Ovule";"Liste I";"Antibacterien, Antifongique, Antimycosique";"même marque dans la base PHARMACORP";"moyenne"
"GYNOFER B12 GEL B/30";"2910";"Médicament";"Fer + Acide folique + Vit B12 + Zinc";"150mg/1,5mg/15mcg/61,8mg";"Crème / pommade / gel";"ST";"Antianemique";"base PHARMACORP";"haute"
"GYNOFER B12 SUSP BUV F/200ML";"3050";"Médicament";"Fer + acide folique + Vit B12";"35mg/1,5mg/50mcg";"Sirop / solution buvable";"ST";"Antianemique";"base PHARMACORP";"haute"
"GYNOMAX OVULES B/12";"5475";"Médicament";"Metronidazole + Neomycine sulfate + Nystatine + Hydrocortisone";"";"Ovule";"Liste I";"Antifongique, Antiinfectieux, Antiparasitaire, Antiinflammatoire steroidien";"même marque dans la base PHARMACORP";"moyenne"
"GYNOMAX OVULES B/6";"2980";"Médicament";"Metronidazole + Neomycine sulfate + Nystatine + Hydrocortisone";"";"Ovule";"Liste I";"Antifongique, Antiinfectieux, Antiparasitaire, Antiinflammatoire steroidien";"même marque dans la base PHARMACORP";"moyenne"
"GYNORIL OVULES B/12";"5450";"";"";"";"Ovule";"";"";"non identifié";"à vérifier"
"GYNOSPAN 40MG/0,04MG SOL INJ AMP/4ML B/6";"2705";"Médicament";"Phloroglucinol + Trimethylphloroglucinol";"40mg/0,04mg";"Injectable";"";"";"identification manuelle (marque)";"moyenne"
"GYNOSPAN CPR B/30";"2150";"Médicament";"Phloroglucinol + Trimethylphloroglucinol";"";"Comprimé";"";"";"identification manuelle (marque)";"moyenne"
"GYNOSPAN INJ VRAC B/1";"450";"Médicament";"Phloroglucinol + Trimethylphloroglucinol";"";"Injectable";"";"";"identification manuelle (marque)";"moyenne"
"GYNOSPAN SUPPO B/10";"2910";"Médicament";"Phloroglucinol";"150mg";"Suppositoire / ovule";"ST";"Antispasmodique (Musculotrope)";"base PHARMACORP";"haute"
"H&H OPULENT EAU DE PARFUM FL/100ML";"4500";"Cosmétique / dermo";"";"100ml";"";"";"";"hors médicament";"haute"
"H&H SPLENDID DEODORANT 200ML";"2000";"Cosmétique / dermo";"";"200ml";"";"";"";"hors médicament";"haute"
"HACTOSEC 6MG/ML SP F/150ML";"3270";"Médicament";"Levodropropizine";"6mg";"Sirop";"ST";"Antitussif toux sèche";"même marque dans la base PHARMACORP";"moyenne"
"HAEM UP 1ML INJ AMP B/1 DETAIL";"2115";"Médicament";"Fer (saccharose)";"1ml";"Injectable";"";"";"identification manuelle (marque)";"à vérifier"
"HAEM UP 20MG/ML SOL INJ AMP/5ML B/5";"10580";"Médicament";"Fer (saccharose)";"20mg";"Injectable";"";"";"identification manuelle (marque)";"à vérifier"
"HAEM UP GEMS GEL B/30";"3260";"Médicament";"Fer fumarate + Acide folique + Sulfate cuprique + Sulfate de manganese";"200mg/1,5mg/2,5mg/2;5mg";"Crème / pommade / gel";"ST";"Antianemique";"base PHARMACORP";"haute"
"HAEM UP SP F/200ML";"2955";"Médicament";"Citrate ferrique d'ammonium + Acide folique + Vit B12 + Sulfate cuprique + Sulfate de manganese";"160mg/0,5mg/7,5mcg/30mcg/30mcg";"Autre";"ST";"Antianemique";"base PHARMACORP";"haute"
"HAEMRICH SP F/200ML";"3605";"Nutrition / complément";"";"200ml";"Sirop";"";"";"hors médicament";"haute"
"HALDOL 2MG/ML SOL BUV FL/30ML";"1940";"Médicament";"Haloperidol";"2mg/mL";"Injectable";"Liste I";"Neuroleptique, Antipsychotique";"base PHARMACORP";"haute"
"HALDOL 5MG AMP INJ 1ML B/5";"1290";"Médicament";"Haloperidol";"5mg";"Injectable";"Liste I";"Neuroleptique, Antipsychotique";"même marque dans la base PHARMACORP";"moyenne"
"HALDOL 5MG CPR B/30";"2705";"Médicament";"Haloperidol";"5mg";"Comprimé";"Liste I";"Neuroleptique, Antipsychotique";"même marque dans la base PHARMACORP";"moyenne"
"HALDOL 5MG CPR B/30 (F)";"3700";"Médicament";"Haloperidol";"5mg";"Comprimé";"Liste I";"Neuroleptique, Antipsychotique";"même marque dans la base PHARMACORP";"moyenne"
"HALDOL 5MG INJ AMP DETAIL/1";"260";"Médicament";"Haloperidol";"5mg";"Injectable";"Liste I";"Neuroleptique, Antipsychotique";"même marque dans la base PHARMACORP";"moyenne"
"HALDOL DECANOAS INJ A.1ML BTE 5";"17210";"Médicament";"Haloperidol";"1ml";"Injectable";"Liste I";"Neuroleptique, Antipsychotique";"même marque dans la base PHARMACORP";"moyenne"
"HALDOL DECANOAS SOL INJ 1ML B/1";"4200";"Médicament";"Haloperidol";"1ml";"Injectable";"Liste I";"Neuroleptique, Antipsychotique";"même marque dans la base PHARMACORP";"moyenne"
"HALEFLU 325/20/10/50MG PDRE SACHET B/10";"1805";"Médicament";"Paracetamol + phenylephrine + chlorpheniramine maleate + acide ascorbique";"325mg/20mg/10mg/50mg";"Sachet / poudre";"ST";"Antigrippal";"base PHARMACORP";"haute"
"HALIBUT 150MG PDE T/100G";"2775";"Médicament";"Vitamine A + Lanoline + Oxyde de zinc";"150mg";"Autre";"ST";"Pommade regenerante infantile";"base PHARMACORP";"haute"
"HALOPERIDOL TLG 5MG COMP.B/30";"2220";"Médicament";"Haloperidol";"5mg";"Comprimé";"";"";"DCI citée dans la désignation";"moyenne"
"HALOSPA S COMP B/10";"2720";"Médicament";"Aceclofenac + Paracetamol + Serratiopeptidase";"";"Comprimé";"Liste II";"Antalgique, Antipyrétique, Antiinflammatoire non steroidien";"même marque dans la base PHARMACORP";"moyenne"
"HAPPI SIROP F/100ML";"2080";"";"";"100ml";"Sirop";"";"";"non identifié";"à vérifier"
"HBCROSE INJ B/5AMPX5ML";"11925";"Médicament";"Fer saccharose";"5ml";"Injectable";"ST";"Antianemique";"même marque dans la base PHARMACORP";"moyenne"
"HBCROSE INJ DETAIL";"2385";"Médicament";"Fer saccharose";"";"Injectable";"ST";"Antianemique";"même marque dans la base PHARMACORP";"moyenne"
"HELICIDINE 10% SP SS F/250ML";"3590";"Médicament";"Helicidine";"10%";"Sirop";"";"";"DCI citée dans la désignation";"moyenne"
"HELICIDINE 10% SS EDULCORE SP F/125ML";"2095";"Médicament";"Helicidine";"10 %";"Autre";"ST";"Antitussif";"base PHARMACORP";"haute"
"HELICOCIN 750MG/500MG CPR B/42";"6975";"Médicament";"Amoxicilline + metronidazole";"750mg/500mg";"Comprimé";"Liste I";"Antiparasitaire, Antibiotique Antibacterien";"même marque dans la base PHARMACORP";"moyenne"
"HELMINTOX 125MG CPR B/6";"1805";"Médicament";"Pyrantel";"125mg";"Comprimé";"Liste II";"Antiparasitaire, Antihelminthique";"même marque dans la base PHARMACORP";"moyenne"
"HELMINTOX 250MG CPR B/3";"1900";"Médicament";"Pyrantel";"250mg";"Comprimé";"Liste II";"Antiparasitaire, Antihelminthique";"même marque dans la base PHARMACORP";"moyenne"
"HELMINTOX GE SUSP BUV";"2265";"Médicament";"Pyrantel";"";"Suspension buvable";"Liste II";"Antiparasitaire, Antihelminthique";"même marque dans la base PHARMACORP";"moyenne"
"HELMINTOX SACHET DOSE UNIQ DETAIL";"1480";"Médicament";"Pyrantel";"";"Poudre / sachet";"Liste II";"Antiparasitaire, Antihelminthique";"même marque dans la base PHARMACORP";"moyenne"
"HELMINTOX SUSP BUV SACH 15ML B/25";"33720";"Médicament";"Pyrantel";"15ml";"Suspension buvable";"Liste II";"Antiparasitaire, Antihelminthique";"même marque dans la base PHARMACORP";"moyenne"
"HEMAFER 100MG COMP B/30";"5895";"Médicament";"Fer (hydroxyde polymaltose)";"100mg";"Comprimé";"";"";"identification manuelle (marque)";"moyenne"
"HEMAFER 100MG CPR EFFV B/12";"5130";"Médicament";"Fer (hydroxyde polymaltose)";"100mg";"Comprimé";"";"";"identification manuelle (marque)";"moyenne"
"HEMAFER 100MG/2ML SOL INJ AMP B/1 DETAIL";"3500";"Médicament";"Fer (hydroxyde polymaltose)";"100mg/2ml";"Injectable";"";"";"identification manuelle (marque)";"moyenne"
"HEMAFER 100MG/2ML SOL INJ AMP B/5";"17470";"Médicament";"Fer hydroxyde de polymaltose";"100mg/2mL";"Injectable";"ST";"Antianemique";"base PHARMACORP";"haute"
"HEMAFER 50MG/5ML SP F/125ML";"4020";"Médicament";"Fer (hydroxyde polymaltose)";"50mg/5ml";"Sirop";"";"";"identification manuelle (marque)";"moyenne"
"HEMAFER FOL 100MG CPR EFFERV B/12";"5130";"Médicament";"Fer (hydroxyde polymaltose) + Acide folique";"100mg";"Comprimé";"";"";"identification manuelle (marque)";"moyenne"
"HEMAFER FOL COMP B/30";"5895";"Médicament";"Fer (hydroxyde polymaltose) + Acide folique";"";"Comprimé";"";"";"identification manuelle (marque)";"moyenne"
"HEMANI HUILE AMANDE DOUCE F/30ML";"2100";"Cosmétique / dermo";"";"30ml";"";"";"";"hors médicament";"haute"
"HEMANI HUILE AVOCAT F/30ML";"2100";"Cosmétique / dermo";"";"30ml";"";"";"";"hors médicament";"haute"
"HEMANI HUILE CAROTTE F/30ML";"2100";"Cosmétique / dermo";"";"30ml";"";"";"";"hors médicament";"haute"
"HEMANI HUILE FENUGREEK F/30ML";"2100";"Cosmétique / dermo";"";"30ml";"";"";"";"hors médicament";"haute"
"HEMANI HUILE RICIN F/30ML";"2100";"Cosmétique / dermo";"";"30ml";"";"";"";"hors médicament";"haute"
"HEMASTOP 500MG CPR B/20";"4855";"Médicament";"Acide tranexamique";"500mg";"Comprimé";"Liste I";"Antihemorragique";"base PHARMACORP";"haute"
"HEMAX 4000 SQ.INJ B/1 3041096873892";"30505";"Médicament";"Epoetine";"";"Injectable";"";"";"identification manuelle (marque)";"moyenne"
"HEMAX 4000UI/ML LYOPH SOL INJ SER PRER/1";"30505";"Médicament";"Epoetine";"4000ui";"Injectable";"";"";"identification manuelle (marque)";"moyenne"
"HEMOFER SUSP BUV F/200ML";"2080";"Médicament";"Fer + acide folique + Vit B12";"200mg/0,5mg/5mcg";"Sirop / solution buvable";"ST";"Antianemique";"base PHARMACORP";"haute"
"HEMOREX KIT CR T/35G + CPR B/30";"7765";"";"";"35g";"Comprimé";"";"";"non identifié";"à vérifier"
"HEMOREX SUPPO B/10";"2220";"Médicament";"Benzocaine + Esculoside + Hydrocortisone acetate";"5mg/10mg/50mg";"Suppositoire / ovule";"Liste I";"Antihemorroidaire";"base PHARMACORP";"haute"
"HEMORRANE 10MG/G PDE RECTABLE T/30G";"5825";"Médicament";"Hydrocortisone";"10mg";"";"Liste I";"Antiinflammatoire steroidien";"même marque dans la base PHARMACORP";"moyenne"
"HEPAFYT GEL B/10";"1690";"Médicament";"Extrait d'artichaut + Extrait de chardon Marie + Extrait de curcuma";"14,5%/11%/7%";"Crème / pommade / gel";"ST";"Complement alimentaire";"base PHARMACORP";"haute"
"HEPALOR 500MG B/10";"3880";"";"";"500mg";"";"";"";"non identifié";"à vérifier"
"HEPANTIVIR GELULE B/60";"9015";"Médicament";"Securinine";"";"Gélule";"Liste I";"Antiviral, Anti hepatite B";"même marque dans la base PHARMACORP";"moyenne"
"HEPAZYME GELU/30";"1440";"Médicament";"Poudres de capparis,cichorium intybus,mandur bhasma,solanum nigrum,terminalia arjuna,cassia sophera, achillea millefollium, tamarix gallica. Extraits de emblica officinalis , terminalia chebula, terminalia belerica, berberis aristata, boerhavia diffusa, s";"";"Gélule";"ST";"Hepatoprotecteur";"même marque dans la base PHARMACORP";"moyenne"
"HEPTAMINOL CHL ARW 187,8MG COMP B/20";"3605";"Médicament";"heptaminol chlorhydrate";"187,8mg";"Comprimé";"";"";"DCI citée dans la désignation";"moyenne"
"HEXASPRAY COLL FL PRESSUR 30G";"3135";"Médicament";"Biclotymol";"30g";"Collyre";"ST";"Antalgique, Antiseptique, Adoucissant de la gorge";"même marque dans la base PHARMACORP";"moyenne"
"HEXAXIM 1SER SSA+2AIG VACCIN";"30505";"Médicament";"Vaccin hexavalent (DTCaP-Hib-HepB)";"";"Injectable";"";"";"identification manuelle (marque)";"moyenne"
"HEXOMEDINE 0,1% SOL F/250ML";"3330";"Médicament";"Hexamidine";"0,1%";"";"";"";"identification manuelle (marque)";"moyenne"
"HEXOMEDINE TRANSCUT F/45ML";"2855";"Médicament";"Hexamidine";"45ml";"";"";"";"identification manuelle (marque)";"moyenne"
"HEXTRIL BAIN B F/200ML";"7485";"Médicament";"Hexetidine";"200ml";"";"ST";"Antiseptique";"même marque dans la base PHARMACORP";"moyenne"
"HEXTRIL MENTHE BAIN BOUCH FL/200ML";"6530";"Médicament";"Hexetidine";"200ml";"";"ST";"Antiseptique";"même marque dans la base PHARMACORP";"moyenne"
"HICAINE 2% GEL T/30G";"2835";"Médicament";"Lidocaine";"2%";"Gel";"";"";"identification manuelle (marque)";"moyenne"
"HOLLEYCORT 40MG/1ML SOL INJ B/1";"1690";"Médicament";"Triamcinolone acetonide";"40mg/1mL";"Injectable";"Liste I";"Antiinflammatoire steroidien";"base PHARMACORP";"haute"
"HOMEOVOX DRAG B/60";"8765";"Médicament";"Homeopathie";"";"Comprimé";"";"";"identification manuelle (marque)";"moyenne"
"HOT DRINK FEMME BOIS BANDE SOL BUV/250ML";"18060";"Nutrition / complément";"";"250ml";"";"";"";"hors médicament";"haute"
"HOT DRINK HOMME BOIS BANDE SOL BUV/250ML";"18260";"Nutrition / complément";"";"250ml";"";"";"";"hors médicament";"haute"
"HOT SHAPERS CEINTURE MINCEUR B/1";"8000";"Nutrition / complément";"";"";"";"";"";"hors médicament";"haute"
"HT 26 BB GEL NETTOYANT FL/500ML";"13520";"Cosmétique / dermo";"";"500ml";"Gel";"";"";"hors médicament";"haute"
"HT 26 GAMME 90 ECLAIR 500ML";"42130";"Cosmétique / dermo";"";"26g";"";"";"";"hors médicament";"haute"
"HT 26 LAIT ACTION TACHES FL/500ML";"44000";"Cosmétique / dermo";"";"500ml";"";"";"";"hors médicament";"haute"
"HT 26 LAIT MULTI HYDRADANT FL/500ML";"30300";"Cosmétique / dermo";"";"500ml";"";"";"";"hors médicament";"haute"
"HT 26 MULTI ECLAICISSANT";"34910";"Cosmétique / dermo";"";"";"";"";"";"hors médicament";"haute"
"HT 26 SAVON BB";"7160";"Cosmétique / dermo";"";"";"";"";"";"hors médicament";"haute"
"HT 26 SAVON PURIFIANT 150G";"11920";"Cosmétique / dermo";"";"150g";"";"";"";"hors médicament";"haute"
"HT26 BEBE LAIT FL/1L";"15100";"Cosmétique / dermo";"";"";"";"";"";"hors médicament";"haute"
"HUCOG HP 5000UI SC/IM PDRE SOL INJ F/1";"8040";"Médicament";"Gonadotrophine chorionique humaine";"5000UI";"Injectable";"Liste I";"Hormone";"base PHARMACORP";"haute"
"HUILE ALOE VERA NATUREO FL/100ML";"5000";"Cosmétique / dermo";"";"100ml";"";"";"";"hors médicament (filtre)";"moyenne"
"HUILE AMANDE DOUCE GILBERT F/60ML";"5290";"Médicament";"Gomenol + huile essentielle de melaleuca viridiflora";"60ml";"";"Liste I";"Decongestif nasal";"même marque dans la base PHARMACORP";"moyenne"
"HUILE AMANDE DOUCE SENCIQ F/50ML";"6535";"Médicament";"Gomenol + huile essentielle de melaleuca viridiflora";"50ml";"";"Liste I";"Decongestif nasal";"même marque dans la base PHARMACORP";"moyenne"
"HUILE AVOCAT NATUREO F/100ML";"5000";"Cosmétique / dermo";"";"100ml";"";"";"";"hors médicament (filtre)";"moyenne"
"HUILE CAMPHREE NATUREO FL/100ML";"5000";"Cosmétique / dermo";"";"100ml";"Injectable";"";"";"hors médicament (filtre)";"moyenne"
"HUILE DE PEPIN DE COURGE NATUREO FL/100ML";"10000";"Cosmétique / dermo";"";"100ml";"";"";"";"hors médicament (filtre)";"moyenne"
"HUILE FOIE MORUE COOPER SOL BUV F/150ML";"8495";"Médicament";"Gomenol + huile essentielle de melaleuca viridiflora";"150ml";"";"Liste I";"Decongestif nasal";"même marque dans la base PHARMACORP";"moyenne"
"HUILE GOMENOLEE 2% FL 22ML";"2635";"Médicament";"Gomenol + huile essentielle de melaleuca viridiflora";"2%";"";"Liste I";"Decongestif nasal";"même marque dans la base PHARMACORP";"moyenne"
"HUILE GOMENOLEE 5% FL 22ML";"2635";"Médicament";"Gomenol + huile essentielle de melaleuca viridiflora";"5%";"";"Liste I";"Decongestif nasal";"même marque dans la base PHARMACORP";"moyenne"
"HUILE PARAFFINE GILB F/500ML";"6240";"Médicament";"Paraffine gaze";"500ml";"";"";"";"DCI citée dans la désignation";"moyenne"
"HUILE PARAFFINE GILBERT F/250ML 3400933389697";"4005";"Médicament";"Paraffine gaze";"250ml";"";"";"";"DCI citée dans la désignation";"moyenne"
"HUILE RICIN CPF FL/30ML";"3910";"Cosmétique / dermo";"";"30ml";"";"";"";"hors médicament (filtre)";"moyenne"
"HUILE SOYEUSE DJIBA FL/250ML";"9500";"Médicament";"Gomenol + huile essentielle de melaleuca viridiflora";"250ml";"";"Liste I";"Decongestif nasal";"même marque dans la base PHARMACORP";"moyenne"
"HUMER EAU MER AD SOL NAS STER SPR/150ML";"6110";"Médicament";"Eau de mer";"1.0";"Collyre / ORL";"ST";"Hygiene nasale";"base PHARMACORP";"haute"
"HUMER EAU MER UNIDOSE AMP 5ML B/18";"2965";"Médicament";"Eau de mer";"5ml";"Injectable";"ST";"Hygiene nasale";"même marque dans la base PHARMACORP";"moyenne"
"HUMER SOL.NAS.BB/ENF F/150ML 3401071709460";"6770";"Médicament";"Eau de mer";"150ml";"";"ST";"Hygiene nasale";"même marque dans la base PHARMACORP";"moyenne"
"HUMEX 0,30G/0,03/100ML COLL SPR/35ML";"2635";"";"";"0,30g";"Collyre";"";"";"non identifié";"à vérifier"
"HUMEX 0,33MG/ML TX SECH OXOMEMA SP/150ML";"2705";"Médicament";"Oxomemazine";"0,33mg";"Sirop";"";"";"DCI citée dans la désignation";"moyenne"
"HUMEX RHUME CPR/12 + GEL/4";"2270";"";"";"";"Gélule";"";"";"non identifié";"à vérifier"
"HUMEXLIB PARACET CHLORPH 500/4MG GEL/16";"1870";"Médicament";"Paracetamol + Chlorphenamine maleate";"500mg/4mg";"Crème / pommade / gel";"ST";"antigrippal, Antirhume";"base PHARMACORP";"haute"
"HUMOG HP 75UI SC/IM INJ 1ML";"11090";"Médicament";"Menotropine = Gonadotrophine menauposique humaine = hMG";"75ui";"Injectable";"Liste I";"hormone follico-stimulante";"même marque dans la base PHARMACORP";"moyenne"
"HUMOG HP150UI SC/IM PDR S INJ F1+SOLV1ML";"20800";"Médicament";"Menotropine = Gonadotrophine menauposique humaine = hMG";"150ui";"Injectable";"Liste I";"hormone follico-stimulante";"même marque dans la base PHARMACORP";"moyenne"
"HYDRAM 10MG/12,5MG CPR B/30";"3870";"Médicament";"Ramipril + Hydrochlorothiazide";"10mg/12,5mg";"Comprimé";"Liste I";"Antihypertenseur (IEC + DT)";"base PHARMACORP";"haute"
"HYDRAM 10MG/25MG CPR B/30";"6810";"Médicament";"Ramipril + Hydrochlorothiazide";"10mg/25mg";"Comprimé";"Liste I";"Antihypertenseur (IEC + DT)";"base PHARMACORP";"haute"
"HYDRAM 5MG/12,5MG CPR B/30";"3025";"Médicament";"Ramipril + Hydrochlorothiazide";"5mg/12,5mg";"Comprimé";"Liste I";"Antihypertenseur (IEC + DT)";"base PHARMACORP";"haute"
"HYDRAVIT 10MG GRANULES SACH B/16";"5450";"Médicament";"Racecadotril";"10mg";"Poudre / sachet";"Liste I";"Antidiarrheique, Antisecretoire intestinal";"même marque dans la base PHARMACORP";"moyenne"
"HYDREA 500MG CAPS B/20 3400930512685";"6780";"Médicament";"Hydroxycarbamide";"500mg";"Gélule";"Liste I";"Immunomodulateur, Antineoplasique, Cytostatique";"même marque dans la base PHARMACORP";"moyenne"
"HYDROSOL POLYVIT EUROLAB GTTE F/30ML";"1595";"Médicament";"Vit A+ Vit B1+ Vit B2 + Vit B6 + Vit C + Vit D3 + Nicotinamide";"multidosage";"Autre";"ST";"Supplement vitaminique";"base PHARMACORP";"haute"
"HYDROSOL POLYVIT PHARMA BUV GTTE F/20ML";"1455";"Nutrition / complément";"Multivitamines";"20ml";"Gouttes";"";"";"identification manuelle (marque)";"moyenne"
"HYFAC CLARIFAC SOIN ANTI TACHE 40ML";"12470";"Cosmétique / dermo";"";"40ml";"";"";"";"hors médicament";"haute"
"HYFAC CREME SOIN GLOBAL T/40ML";"10500";"Cosmétique / dermo";"";"40ml";"Crème / pommade";"";"";"hors médicament";"haute"
"HYFAC GEL NETT PURIF FL/150ML";"8900";"Cosmétique / dermo";"";"150ml";"Gel";"";"";"hors médicament";"haute"
"HYFAC GEL NETT PURIF FL/300ML";"13695";"Cosmétique / dermo";"";"300ml";"Gel";"";"";"hors médicament";"haute"
"HYFAC MOUSS NETT EXFOLIANT FL/150ML";"7850";"Cosmétique / dermo";"";"150ml";"";"";"";"hors médicament";"haute"
"HYFAC MOUSSE A RASER AERO FL/150ML";"6325";"Cosmétique / dermo";"";"150ml";"Injectable";"";"";"hors médicament";"haute"
"HYFAC PAIN NETT PURIF 100G";"6000";"Cosmétique / dermo";"";"100g";"";"";"";"hors médicament";"haute"
"HYFAC PATCH ANTI IMPERFECTION 12H B/30";"8900";"Cosmétique / dermo";"";"";"Injectable";"";"";"hors médicament";"haute"
"HYFAC SUN SPF50+ CREME TEINTEE T/40ML";"12500";"Cosmétique / dermo";"";"40ml";"Crème / pommade";"";"";"hors médicament";"haute"
"HYFAC SUN SPF50+ SOIN INVISIBLE T/40ML";"13880";"Cosmétique / dermo";"";"40ml";"";"";"";"hors médicament";"haute"
"HYFAC WOMAN CREME SOIN GLOBAL T/40ML";"9300";"Cosmétique / dermo";"";"40ml";"Crème / pommade";"";"";"hors médicament";"haute"
"HYFAC WOMAN EAU MICELLAIRE FL/200ML";"8400";"Cosmétique / dermo";"";"200ml";"";"";"";"hors médicament";"haute"
"HYFAC WOMEN ACTIVE MASK 5ML SACH/15";"12595";"Cosmétique / dermo";"";"5ml";"Poudre / sachet";"";"";"hors médicament";"haute"
"HYFRESH 0,2% SOL OPHT F/10ML";"5670";"Médicament";"Acide hyaluronique";"0,2%";"";"ST";"Substitut lacrymal";"même marque dans la base PHARMACORP";"moyenne"
"HYGIAFEM GEL F/300ML";"5015";"Hygiène";"";"300ml";"Gel";"";"";"hors médicament";"haute"
"HYPAFIX BANDE ADHES 2MX10CM";"2010";"Dispositif médical / consommable";"";"";"";"";"";"hors médicament";"haute"
"HYPAFIX BDE ADH 10MX10CM";"6105";"Dispositif médical / consommable";"";"";"";"";"";"hors médicament";"haute"
"HYPAFIX BDE ADH 10MX15CM 4042809000948";"9550";"Dispositif médical / consommable";"";"";"";"";"";"hors médicament";"haute"
"HYPAFIX BDE ADH 5MX5CM 4042809000610";"2600";"Dispositif médical / consommable";"";"";"";"";"";"hors médicament";"haute"
"HYPERIUM 1MG COMP B/30";"11150";"Médicament";"Rilmenidine";"1mg";"Comprimé";"Liste I";"Antihypertenseur (Action centrale)";"même marque dans la base PHARMACORP";"moyenne"
"HYQUIN 200MG CP B/30";"4855";"Médicament";"Hydroxychloroquine sulfate";"200mg";"Comprimé";"Liste II";"Antipaludique, Douleurs articulaires";"base PHARMACORP";"haute"
"HYTACAND 16MG/12,5MG CPR B/30";"24625";"Médicament";"Candesartan cilexetil + hydrochlorothiazide";"16mg/12,5mg";"Comprimé";"Liste I";"Antihypertenseur (ARAII + DT)";"base PHARMACORP";"haute"
"HYTACAND 8MG/12,5MG CPR B/30";"23435";"Médicament";"Candesartan + Hydrochlorothiazide";"8mg/12,5mg";"Comprimé";"";"";"identification manuelle (marque)";"moyenne"
"HYZAAR 50/12.5MG COMP.B/28 3400933852078";"6515";"Médicament";"Losartan potassium + Hydrochlorothiazide";"50/12.5mg";"Comprimé";"Liste I";"Antihypertenseur (ARAII + DT)";"même marque dans la base PHARMACORP";"moyenne"
"IBEX 200/325/30MG GEL B/24";"1415";"Médicament";"Ibuprofene + Paracetamol + Cafeine";"200/325/30mg";"Gélule";"Liste II";"Antalgique, Antipyrétique, Antiinflammatoire non steroidien";"même marque dans la base PHARMACORP";"moyenne"
"IBUFEN 100MG/5ML SUSP BUV F/200ML";"2910";"Médicament";"Ibuprofene";"100mg/5mL";"Sirop / solution buvable";"Liste II";"Antalgique, Antipyrétique, Antiinflammatoire non steroidien";"base PHARMACORP";"haute"
"IBUFEN 400MG CPR B/20";"2080";"Médicament";"Ibuprofene";"400mg";"Comprimé";"Liste II";"Antalgique, Antipyrétique, Antiinflammatoire non steroidien";"base PHARMACORP";"haute"
"IBUMOL 100MG/125ML S.BUV FL/100ML";"1525";"Médicament";"Ibuprofene + Paracetamol";"100mg/125ml";"";"Liste II";"Antalgique, Antipyrétique, Antiinflammatoire non steroidien";"même marque dans la base PHARMACORP";"moyenne"
"IBUMOL 400MG/325MG CPR B/10";"1260";"Médicament";"Ibuprofene + Paracetamol";"400mg/325mg";"Comprimé";"Liste II";"Antalgique, Antipyrétique, Antiinflammatoire non steroidien";"même marque dans la base PHARMACORP";"moyenne"
"IBUMOL 400MG/325MG CPR B/30";"3175";"Médicament";"Ibuprofene + Paracetamol";"400mg/325mg";"Comprimé";"Liste II";"Antalgique, Antipyrétique, Antiinflammatoire non steroidien";"même marque dans la base PHARMACORP";"moyenne"
"IBUMOL C GELULE B/24";"2540";"Médicament";"Ibuprofene + Paracetamol";"";"Gélule";"Liste II";"Antalgique, Antipyrétique, Antiinflammatoire non steroidien";"même marque dans la base PHARMACORP";"moyenne"
"IBUMOL SP FL/60ML";"1525";"Médicament";"Ibuprofene + Paracetamol";"60ml";"Sirop";"Liste II";"Antalgique, Antipyrétique, Antiinflammatoire non steroidien";"même marque dans la base PHARMACORP";"moyenne"
"IBUNEX 100MG/5ML SUSP BUV F/120ML";"1385";"Médicament";"Ibuprofene";"100mg/5mL";"Sirop / solution buvable";"Liste II";"Antalgique, Antipyrétique, Antiinflammatoire non steroidien";"base PHARMACORP";"haute"
"IBUNEX-P 125MG/100MG SUSP BUV FL/120ML";"2080";"Médicament";"Ibuprofene + Paracetamol";"125mg/100mg";"Suspension buvable";"";"";"identification manuelle (marque)";"moyenne"
"IBUNEX-P 400MG/500MG COMP B/100";"10400";"Médicament";"Ibuprofene + Paracetamol";"400mg/500mg";"Comprimé";"";"";"identification manuelle (marque)";"moyenne"
"IBUNEX-P 400MG/500MG COMP BL/10 DETAIL";"1040";"Médicament";"Ibuprofene + Paracetamol";"400mg/500mg";"Comprimé";"";"";"identification manuelle (marque)";"moyenne"
"IBUPROFEN DENK 400 UN";"3970";"Médicament";"Ibuprofene";"";"";"";"";"DCI citée dans la désignation";"moyenne"
"IBUPROFEN DENK 400MG COMP.B/100";"8320";"Médicament";"Ibuprofene";"400mg";"Comprimé";"";"";"DCI citée dans la désignation";"moyenne"
"IBUPROFENE BGR 400MG CPR PELL B/20";"1495";"Médicament";"Ibuprofene";"400mg";"Comprimé";"";"";"DCI citée dans la désignation";"moyenne"
"IBUPROFENE BIO CONSEIL 400MG CPR PELL 10";"1095";"Médicament";"Ibuprofene";"400mg";"Comprimé";"";"";"DCI citée dans la désignation";"moyenne"
"IBUPROFENE CRE 400 CP BL10 DETAIL";"640";"Médicament";"Ibuprofene";"";"Comprimé";"";"";"DCI citée dans la désignation";"moyenne"
"IBUPROFENE DENK 400MG CPR B/10 DETAIL";"830";"Médicament";"Ibuprofene";"400mg";"Comprimé";"";"";"DCI citée dans la désignation";"moyenne"
"IBUPROFENE DENK 600MG COMP PELL B/20 3000000271513";"3465";"Médicament";"Ibuprofene";"600mg";"Comprimé";"";"";"DCI citée dans la désignation";"moyenne"
"IBUPROFENE GH 100MG/5ML SUSP BUV/200ML";"1580";"Médicament";"Ibuprofene";"100mg/5ml";"Suspension buvable";"";"";"DCI citée dans la désignation";"moyenne"
"IBUPROFENE IDA 400MG COMP B/500";"15010";"Médicament";"Ibuprofene";"400mg";"Comprimé";"";"";"DCI citée dans la désignation";"moyenne"
"IBUPROFENE IDA 400MG COMP DETAIL BLIST/10";"300";"Médicament";"Ibuprofene";"400mg";"Comprimé";"";"";"DCI citée dans la désignation";"moyenne"
"IBUPROFENE IG 400MG CAPS MOLLES B/10";"1445";"Médicament";"Ibuprofene";"400mg";"Gélule";"Liste II";"Antalgique, Antipyrétique, Antiinflammatoire non steroidien";"base PHARMACORP";"haute"
"IBUPROFENE LUPHA 400MG COMP B/20";"925";"Médicament";"Ibuprofene";"400mg";"Comprimé";"";"";"DCI citée dans la désignation";"moyenne"
"IBUPROFENE UBI 400MG COMP B/20";"1970";"Médicament";"Ibuprofene";"400mg";"Comprimé";"";"";"DCI citée dans la désignation";"moyenne"
"IBUPROFENE UBI 400MG CPR 10BL 10";"3500";"Médicament";"Ibuprofene";"400mg";"Comprimé";"";"";"DCI citée dans la désignation";"moyenne"
"IBUPROFENE UBI 400MG CPR DETAIL/10";"350";"Médicament";"Ibuprofene";"400mg";"Comprimé";"";"";"DCI citée dans la désignation";"moyenne"
"IBUPROFENE VIR 600MG CPR PELL B/20";"2495";"Médicament";"Ibuprofene";"600mg";"Comprimé";"Liste II";"Antalgique, Antipyrétique, Antiinflammatoire non steroidien";"base PHARMACORP";"haute"
"IBUTIN LP 300MG CPR PELL B/20";"5825";"Médicament";"Ibuprofene";"300mg";"Comprimé";"Liste II";"Antalgique, Antipyrétique, Antiinflammatoire non steroidien";"base PHARMACORP";"haute"
"IBUX 2G/100ML SP F/120ML";"2085";"Médicament";"Ibuprofene";"2g/100mL";"Autre";"Liste II";"Antalgique, Antipyrétique, Antiinflammatoire non steroidien";"base PHARMACORP";"haute"
"ICLOF GEL T/30G";"1110";"Médicament";"Diclofenac diethylamine + Huile de lin + Menthol BP + Salicyle de methyle BP";"1,16%/3%/5%/10%";"Crème / pommade / gel";"Liste II";"Analgesique, Antiinflammatoire";"base PHARMACORP";"haute"
"IDEOS COMP. A SUCER B/60";"6710";"Médicament";"Calcium + Vit D3";"";"Comprimé";"ST";"Supplement calcique";"même marque dans la base PHARMACORP";"moyenne"
"IDEOS CPR B/30";"5045";"Médicament";"Calcium + Vit D3";"";"Comprimé";"ST";"Supplement calcique";"même marque dans la base PHARMACORP";"moyenne"
"IMI LUX 500MG/10ML SOL INJ FL/1";"9015";"Médicament";"Imipenem + Cilastatine";"500mg/10ml";"Injectable";"Liste I";"Antiinfectieux, Antibacterien (Penicillines)";"même marque dans la base PHARMACORP";"moyenne"
"IMMUC-C EFFV SACH B/10";"2330";"Médicament";"Extrait d'echinaceae + Vitamine C + Zinc";"200mg/500mg/25mg";"Sachet / poudre";"ST";"Complement alimentaire";"base PHARMACORP";"haute"
"IMMUN ACTIVE DENK GR STICK B/20";"8195";"Médicament";"Vitamine C + Zinc + Selenium + L-histidine";"300mg/10mg/50mcg/50mg";"Autre";"ST";"Complement alimentaire";"base PHARMACORP";"haute"
"IMMUNO DEFENS IMMUN 0-12A SOLBUV 200ML";"10955";"Médicament";"Vitamines + Mineraux + Extraits vegetaux";"200ml";"";"ST";"Complement alimentaire";"même marque dans la base PHARMACORP";"moyenne"
"IMMUNOPLEX-N CPR B/30";"12355";"Médicament";"Interferon alpha naturel";"";"Comprimé";"ST";"Defenses immunitaires";"même marque dans la base PHARMACORP";"moyenne"
"IMODIUM 2MG GELULE B/20";"2720";"Médicament";"Loperamide";"2mg";"Gélule";"Liste II";"Antidiarrheique";"même marque dans la base PHARMACORP";"moyenne"
"IMODIUMCAPS GELULE B/12 3400938571905";"4950";"Médicament";"Loperamide";"";"Gélule";"Liste II";"Antidiarrheique";"même marque dans la base PHARMACORP";"moyenne"
"IMOX 500MG GEL 2BL10";"1870";"Médicament";"Amoxicilline";"500mg";"Gel";"Liste I";"Antibiotique Antibacterien (Penicillines)";"même marque dans la base PHARMACORP";"moyenne"
"IMUCLAV 1,2 INJ 20ML";"3190";"Médicament";"Amoxicilline + Acide clavulanique";"20ml";"Injectable";"Liste I";"Antibiotique Antibacterien (Penicillines)";"même marque dans la base PHARMACORP";"moyenne"
"IMUCLAV DUO SP 100MG/12,5 60ML";"3050";"Médicament";"Amoxicilline + Acide clavulanique";"100mg";"Sirop";"Liste I";"Antibiotique Antibacterien (Penicillines)";"même marque dans la base PHARMACORP";"moyenne"
"IMUCLAV ULTRA 250/31,25MG SUSP BUV F/60ML";"3050";"Médicament";"Amoxicilline + Acide clavulanique";"250/31,25mg";"Suspension buvable";"Liste I";"Antibiotique Antibacterien (Penicillines)";"même marque dans la base PHARMACORP";"moyenne"
"IMUCLAV-1125 1000MG/125MG CPR B/12";"7135";"Médicament";"Amoxicilline + Acide clavulanique";"1000mg/125mg";"Comprimé";"Liste I";"Antibiotique Antibacterien (Penicillines)";"même marque dans la base PHARMACORP";"moyenne"
"INDOCOLLYRE 0,1% ETO B/1 FL/5ML 3400934195389";"3460";"Médicament";"Indometacine";"0,1%";"Collyre";"Liste I";"Antalgique, Antiinflammatoire";"même marque dans la base PHARMACORP";"moyenne"
"INDOCOLLYRE 0,1% UNIDOSE COLLYRE B/20 3400934646683";"3605";"Médicament";"Indometacine";"0,1%";"Collyre";"Liste I";"Antalgique, Antiinflammatoire";"même marque dans la base PHARMACORP";"moyenne"
"INDOFER GEL B/30";"2775";"Médicament";"Fer + Acide folique + Vit B12 + Vit C + Zinc";"100mg/1mg/15mcg/75mg/22,5mg";"Crème / pommade / gel";"ST";"Antianemique";"base PHARMACORP";"haute"
"INDOFER SP F/200ML";"2775";"Médicament";"Fer hydroxyde de polymaltose";"50mg/5mL";"Autre";"ST";"Antianemique";"base PHARMACORP";"haute"
"INDOFIX 100MG CPR B/10";"3880";"Médicament";"Cefixime";"100mg";"Comprimé";"Liste I";"Antibiotique Antibacterien (Cephalosporines 3 generation)";"base PHARMACORP";"haute"
"INDOFIX 100MG PDRE SUSP BUV F/60ML";"6030";"Médicament";"Cefixime";"100mg";"Sirop / solution buvable";"Liste I";"Antibiotique Antibacterien (Cephalosporines 3 generation)";"base PHARMACORP";"haute"
"INDOFIX 200MG CPR B/10";"5685";"Médicament";"Cefixime";"200mg";"Comprimé";"Liste I";"Antibiotique Antibacterien (Cephalosporines 3 generation)";"base PHARMACORP";"haute"
"INDOFIX 400MG COMP B/10";"6935";"Médicament";"Cefixime";"400mg";"Comprimé";"Liste I";"Antibiotique Antibacterien (Cephalosporines 3 generation)";"même marque dans la base PHARMACORP";"moyenne"
"INDOFLAM 0,1% COLL F/5ML";"2910";"Médicament";"Indometacine";"0,1%";"Collyre / ORL";"Liste I";"Antalgique, Antiinflammatoire";"base PHARMACORP";"haute"
"INDOTIMOL 0,5% COLLYRE FL/5ML";"3050";"Médicament";"Timolol maleate";"0,5%";"Collyre";"Liste I";"Antiglaucomateux";"même marque dans la base PHARMACORP";"moyenne"
"INDOZONE 1G PDRE INJ + SOLV AMP B/1";"2775";"Médicament";"Ceftriaxone";"1g";"Injectable";"Liste I";"Antibacterien (Cephalosporines 3 generation), Antibiotique";"base PHARMACORP";"haute"
"INDOZONE-S 1G/500MG PDRE INJ+SOLV AMP B/1";"4160";"Médicament";"Ceftriaxone + Sulbactam";"1g/500mg";"Injectable";"";"";"identification manuelle (marque)";"moyenne"
"INEXIUM 20MG COMP B/14";"7030";"Médicament";"Esomeprazole";"20mg";"Comprimé";"Liste II";"Antiulcereux (IPP)";"même marque dans la base PHARMACORP";"moyenne"
"INEXIUM 40MG CPR GAST RESIST B/14";"7860";"Médicament";"Esomeprazole";"40mg";"Comprimé";"Liste II";"Antiulcereux (IPP)";"même marque dans la base PHARMACORP";"moyenne"
"INFLACAM 20MG CPR DISP B/10";"2675";"Médicament";"Piroxicam";"20mg";"Comprimé";"Liste I";"Antiinflammatoire non steroidien";"base PHARMACORP";"haute"
"INFLACAM 20MG SOL INJ B/3";"2110";"Médicament";"Piroxicam";"20mg";"Injectable";"Liste I";"Antiinflammatoire non steroidien";"base PHARMACORP";"haute"
"INFUSION BIO ARTEMESIA B/7";"2500";"Nutrition / complément";"";"";"";"";"";"hors médicament";"haute"
"INIBREX 200MG GEL B/10";"5285";"Médicament";"Celecoxib";"200mg";"Crème / pommade / gel";"Liste I";"Antiinflammatoire non steroidien";"base PHARMACORP";"haute"
"INIGAST 40MG CPR GASTRO RESIST 3BL10";"9015";"Médicament";"Esomeprazole";"40mg";"Comprimé";"Liste II";"Antiulcereux (IPP)";"base PHARMACORP";"haute"
"INIPOMP 20MG COMP.B/28 3400935584410";"5530";"Médicament";"Pantoprazole";"20mg";"Comprimé";"Liste II";"Antiulcereux (IPP)";"même marque dans la base PHARMACORP";"moyenne"
"INNOVIT COLLAGEN 1000MG COMP B/60 8723300710807";"12000";"Nutrition / complément";"";"1000mg";"Collyre";"";"";"hors médicament";"haute"
"INNOVIT MAGNESIUM COMP B/90";"11000";"Nutrition / complément";"";"";"Comprimé";"";"";"hors médicament";"haute"
"INNOVIT PEAU/CHEVEUX/ONGLE COMP B/60";"11000";"Nutrition / complément";"";"";"Comprimé";"";"";"hors médicament";"haute"
"INNOVIT SKIN GUMMIES B/60";"15000";"Nutrition / complément";"";"";"";"";"";"hors médicament";"haute"
"INOCLIM CAPS B/30";"11665";"Médicament";"Isoflavones de soja";"";"Gélule";"ST";"Bouffees de chaleur";"même marque dans la base PHARMACORP";"moyenne"
"INS NOVO ACTRAPID HM100UI 10ML";"7625";"Médicament";"Insuline humaine";"100ui";"";"";"";"identification manuelle (marque)";"moyenne"
"INS NOVOMIX 30 FLEXPEN 3ML B/5 3400935676641";"47145";"Médicament";"Insuline asparte biphasique";"3ml";"";"";"";"identification manuelle (marque)";"moyenne"
"INS NOVOMIX 30 FLEXPEN 3ML DETAIL/1";"9430";"Médicament";"Insuline asparte biphasique";"3ml";"";"";"";"identification manuelle (marque)";"moyenne"
"INS NOVOMIX 50 FLEXPEN B/5";"47145";"Médicament";"Insuline asparte biphasique";"";"";"";"";"identification manuelle (marque)";"moyenne"
"INS NOVOMIX 50 FLEXPEN DETAIL/1";"9450";"Médicament";"Insuline asparte biphasique";"";"";"";"";"identification manuelle (marque)";"moyenne"
"INS NOVORAPID FLEXPEN 3ML B/5 3400935527400";"47135";"Médicament";"Insuline asparte";"3ml";"";"";"";"identification manuelle (marque)";"moyenne"
"INS NOVORAPID FLEXPEN 3ML DETAIL/1";"9430";"Médicament";"Insuline asparte";"3ml";"";"";"";"identification manuelle (marque)";"moyenne"
"INSECT ECRAN FAMILLE SPRAY FL/100ML";"5375";"Cosmétique / dermo";"";"100ml";"Spray";"";"";"hors médicament";"haute"
"INSECT ECRAN TROPIQUES NF SPRAY FL/75ML";"6450";"Cosmétique / dermo";"";"75ml";"Spray";"";"";"hors médicament";"haute"
"INSECT ECRAN ZONE INFESTEES FL/100ML";"4975";"Cosmétique / dermo";"";"100ml";"";"";"";"hors médicament";"haute"
"INSTACLOP 75MG CPR B/30";"9430";"Médicament";"Clopidogrel";"75mg";"Comprimé";"";"";"identification manuelle (marque)";"moyenne"
"INSTACLOP PLUS 75MG/75MG GEL B/30";"10400";"Médicament";"Clopidogrel + Acide acetylsalicylique";"75mg/75mg";"Gélule";"";"";"identification manuelle (marque)";"moyenne"
"INSTANT VIEW HCG B/1";"2725";"Dispositif médical / consommable";"";"";"";"";"";"hors médicament";"haute"
"INSULATARD 100UI/ML SUSP INJ F/10ML";"7625";"Médicament";"Insuline action lente";"100UI/mL";"Injectable";"Liste II";"Antidiabetique";"base PHARMACORP";"haute"
"INSULIN ACTRAPID 100UI/ML SOL INJ F/10ML";"7625";"Médicament";"Insuline action rapide";"100UI/mL";"Injectable";"Liste II";"Antidiabetique";"base PHARMACORP";"haute"
"INSULINE MIXTARD30 100UI SUSP INJ F/10ML";"7625";"Médicament";"Insuline action intermediaire";"100UI/mL";"Injectable";"Liste II";"Antidiabetique";"base PHARMACORP";"haute"
"INTER 02 200MG COMP B/10";"4575";"Médicament";"Ofloxacine + Ornidazole";"200mg";"Comprimé";"Liste I";"Antiparasitaire ( Nitro imidazoles + Quinolone 2 génération), Antibiotique Antibacterien";"même marque dans la base PHARMACORP";"moyenne"
"INTERCEF 100MG CPR B/10";"3050";"Médicament";"Cefixime";"100mg";"Comprimé";"Liste I";"Antibiotique Antibacterien (Cephalosporines 3 generation)";"base PHARMACORP";"haute"
"INTERCEF 100MG/5ML SUSP BUV FL/30ML";"1665";"Médicament";"Cefixime";"100mg/5ml";"Suspension buvable";"Liste I";"Antibiotique Antibacterien (Cephalosporines 3 generation)";"même marque dans la base PHARMACORP";"moyenne"
"INTERCEF 200MG CPR PELL B/10";"3730";"Médicament";"Cefixime";"200mg";"Comprimé";"Liste I";"Antibiotique Antibacterien (Cephalosporines 3 generation)";"base PHARMACORP";"haute"
"INTIMA GEL INT APAISANT FL/200ML";"3635";"Hygiène";"";"200ml";"Gel";"";"";"hors médicament";"haute"
"INTIMA GEL INT PURE FL/200ML";"3215";"Hygiène";"";"200ml";"Gel";"";"";"hors médicament";"haute"
"INTIMY GEL LUBRIF H.TOL 150ML";"6100";"Hygiène";"";"150ml";"Gel";"";"";"hors médicament";"haute"
"IO-PAT 0,1% COLLYRE F/5ML";"2775";"Médicament";"Olopatadine";"0,1%";"Collyre / ORL";"Liste I";"Antiallergique oculaire";"base PHARMACORP";"haute"
"IOHEXO-M 300MG IV SOL INJ FL/50ML";"15705";"Médicament";"Iohexol";"300mg";"Injectable";"Liste I";"Produits de contraste";"même marque dans la base PHARMACORP";"moyenne"
"IOPROST COLL F/3ML";"9510";"Médicament";"Latanoprost";"3ml";"Collyre";"Liste I";"Antiglaucomateux";"même marque dans la base PHARMACORP";"moyenne"
"IPEPRAZOLE 20MG CP B/14";"1805";"";"";"20mg";"Comprimé";"";"";"non identifié";"à vérifier"
"IPPROTON 40MG PPI F/10";"4830";"Médicament";"Omeprazole";"40mg";"";"Liste II";"Antiulcereux (IPP)";"même marque dans la base PHARMACORP";"moyenne"
"IRBESARTAN BGR 150MG";"6240";"Médicament";"Irbesartan";"150mg";"";"";"";"DCI citée dans la désignation";"moyenne"
"IRBESARTAN BGR 300MG";"7625";"Médicament";"Irbesartan";"300mg";"";"";"";"DCI citée dans la désignation";"moyenne"
"IRBESARTAN BGR 75MG C";"4615";"Médicament";"Irbesartan";"75mg";"";"";"";"DCI citée dans la désignation";"moyenne"
"IRBESARTAN HCT BGR 150/12,5MG (F) CP B/30";"8000";"Médicament";"Irbesartan + Hydrochlorothiazide";"150/12,5mg";"Comprimé";"";"";"DCI citée dans la désignation";"moyenne"
"IRBESARTAN HCT BGR 300/12,5MG (F) CP B/30";"5000";"Médicament";"Irbesartan + Hydrochlorothiazide";"300/12,5mg";"Comprimé";"";"";"DCI citée dans la désignation";"moyenne"
"IRBESARTAN HCTZ BGR150/12,5MG CPR B/30";"7795";"Médicament";"Irbesartan + Hydrochlorothiazide";"150/12,5mg";"Comprimé";"";"";"DCI citée dans la désignation";"moyenne"
"IRBESARTAN HCTZ BIOG 300MG/12,5MG CPR/30";"5000";"Médicament";"Irbesartan + Hydrochlorothiazide";"300mg/12,5mg";"Comprimé";"Liste I";"Antihypertenseur (ARAII + DT)";"base PHARMACORP";"haute"
"IRBESARTAN HCTZ BOG 300MG/25MG CPR/30";"11090";"Médicament";"Irbesartan + Hydrochlorothiazide";"300mg/25mg";"Comprimé";"";"";"DCI citée dans la désignation";"moyenne"
"IRYS 1MG CPR PELL SEC B/30";"6225";"Médicament";"Glimepiride";"1mg";"Comprimé";"Liste I";"Antidiabetique (sulfonylurees)";"même marque dans la base PHARMACORP";"moyenne"
"IRYS 2MG CPR PELL SEC B/30";"10235";"Médicament";"Glimepiride";"2mg";"Comprimé";"Liste I";"Antidiabetique (sulfonylurees)";"même marque dans la base PHARMACORP";"moyenne"
"ISOFRA SOL NASAL FL/15ML";"1705";"Médicament";"Framycetine sulfate";"15ml";"";"Liste I";"Antibiotique Antibacterien";"même marque dans la base PHARMACORP";"moyenne"
"ISOLONE 20MG CPR EFFV B/20";"4576";"Médicament";"Prednisolone";"20mg";"Comprimé";"Liste I";"Antiinflammatoire steroidien";"même marque dans la base PHARMACORP";"moyenne"
"ISOPTINE LP 240MG COMP.B/30";"6570";"Médicament";"Verapamil";"240mg";"Comprimé";"Liste I";"Antihypertenseur, Antiarythmique (IC)";"même marque dans la base PHARMACORP";"moyenne"
"ISOPTO PILOCARPINE 2% COLL F/10ML";"1915";"Médicament";"Pilocarpine chlorhydrate";"0.02";"Collyre / ORL";"Liste I";"Antiglaucomateux";"base PHARMACORP";"haute"
"ITRACIBRA 100MG GELULE B/10";"8320";"Médicament";"Itraconazole";"100mg";"Gélule";"Liste I";"Antifongique";"même marque dans la base PHARMACORP";"moyenne"
"IVAGINE OVULE 500MG+100MG B/6";"2110";"Médicament";"Metronidazole + Miconazole";"500mg";"Ovule";"";"";"identification manuelle (marque)";"à vérifier"
"IVEFERAN 100MG INJ.DETAIL/1";"3050";"Médicament";"Fer (saccharose)";"100mg";"Injectable";"";"";"identification manuelle (marque)";"moyenne"
"IVEFERAN 100MG S.INJ 5ML B/5";"15250";"Médicament";"Fer (saccharose)";"100mg";"Injectable";"";"";"identification manuelle (marque)";"moyenne"
"IVEPRAL 40MG INJ PDRE+SOL V B/5";"12480";"Médicament";"Omeprazole";"40mg";"Injectable";"Liste II";"Antiulcereux (IPP)";"même marque dans la base PHARMACORP";"moyenne"
"IVEPRAL 40MG INJ PDRE+SOLV B/1 DETAIL";"2495";"Médicament";"Omeprazole";"40mg";"Injectable";"Liste II";"Antiulcereux (IPP)";"même marque dans la base PHARMACORP";"moyenne"
"IVERMECTINE ARW LAB 3MG CPR B/4 3400930155141";"11180";"Médicament";"Ivermectine";"3mg";"Comprimé";"";"";"DCI citée dans la désignation";"moyenne"
"IXINE 100MG/5ML PDRE SUSP BUV F/40ML";"3635";"Médicament";"Cefixime";"100mg/5mL";"Sirop / solution buvable";"Liste I";"Antibiotique Antibacterien (Cephalosporines 3 generation)";"base PHARMACORP";"haute"
"IXINE 200MG COMP.B/10";"3925";"Médicament";"Cefixime";"200mg";"Comprimé";"Liste I";"Antibiotique Antibacterien (Cephalosporines 3 generation)";"même marque dans la base PHARMACORP";"moyenne"
"IXINE 40MG/5ML 1ER AGE PDRE SUSP BUV F/40";"2910";"Médicament";"Cefixime";"40mg/5ml";"Suspension buvable";"Liste I";"Antibiotique Antibacterien (Cephalosporines 3 generation)";"même marque dans la base PHARMACORP";"moyenne"
"IXINE 40MG/5ML SUSP BUV FL/40ML";"2910";"Médicament";"Cefixime";"40mg/5ml";"Suspension buvable";"Liste I";"Antibiotique Antibacterien (Cephalosporines 3 generation)";"même marque dans la base PHARMACORP";"moyenne"
"IXPRIM 37,5/325MG COMP EFFERV B/20";"4575";"Médicament";"Tramadol chlorhydrate + Paracetamol";"37,5/325mg";"Comprimé";"Liste I";"Analgesique, Antalgique";"même marque dans la base PHARMACORP";"moyenne"
"IXPRIM 37,5/325MG COMP SEC B/20";"3650";"Médicament";"Tramadol chlorhydrate + Paracetamol";"37,5/325mg";"Comprimé";"Liste I";"Analgesique, Antalgique";"même marque dans la base PHARMACORP";"moyenne"
"IZ-500MG CPR B/3";"4160";"Médicament";"Azithromycine";"500mg";"Comprimé";"Liste I";"Antibiotique Antibacterien (Macrolides)";"même marque dans la base PHARMACORP";"moyenne"
"IZAFFEN CR T/60G";"3290";"";"";"60g";"Crème / pommade";"";"";"non identifié";"à vérifier"
"JANY S LINE GEL DOUCHE 500ML GOMMANT";"4400";"Cosmétique / dermo";"";"500ml";"Gel";"";"";"hors médicament";"haute"
"JANY'S LINE CREME ECLAIRCISS T/50G";"3500";"Cosmétique / dermo";"";"50g";"Crème / pommade";"";"";"hors médicament";"haute"
"JANY'S LINE GEL DOUCHE FL/250ML 3470320000832";"4400";"Cosmétique / dermo";"";"250ml";"Gel";"";"";"hors médicament";"haute"
"JANY'S LINE HUILE CAROTTE FL/100ML";"3200";"Cosmétique / dermo";"";"100ml";"";"";"";"hors médicament";"haute"
"JANY'S LINE LAIT MULTI ECLAIRC 500ML";"5865";"Cosmétique / dermo";"";"500ml";"";"";"";"hors médicament";"haute"
"JANY'S LINE SERUM ECLAIRC FL/30ML";"5000";"Cosmétique / dermo";"";"30ml";"";"";"";"hors médicament";"haute"
"JERSEY TUBUL ECRU 5MX10CM SM";"4750";"Dispositif médical / consommable";"";"";"";"";"";"hors médicament";"haute"
"JERSEY TUBUL ECRU 5MX15CM SM";"6975";"Dispositif médical / consommable";"";"";"";"";"";"hors médicament";"haute"
"JESPER 50MG CPR B/10";"3465";"Médicament";"Clomifene citrate";"50mg";"Comprimé";"Liste I";"Inducteur de l'ovulation";"même marque dans la base PHARMACORP";"moyenne"
"JINK 20MG/5ML SUSP BUV F/60ML";"4215";"Médicament";"Zinc";"20mg/5mL";"Sirop / solution buvable";"ST";"Antiacneique, Antidiarrheique supplementation en zinc";"base PHARMACORP";"haute"
"JIVOFLOXIN 200MG COMP SEC B/10";"4020";"Médicament";"Ofloxacine";"200mg";"Comprimé";"Liste I";"Antibiotique Antibacterien (Quinolone 2 generation)";"même marque dans la base PHARMACORP";"moyenne"
"JOINT ACTIVE DENK CPR B/30";"17805";"Nutrition / complément";"";"";"Comprimé";"";"";"hors médicament";"haute"
"JONCTUM CICA REPA PEAU IRRIT CR T/30ML";"7660";"Cosmétique / dermo";"";"30ml";"Crème / pommade";"";"";"hors médicament";"haute"
"JONCTUM VERGETURE CR T/125ML";"12315";"Cosmétique / dermo";"";"125ml";"Crème / pommade";"";"";"hors médicament";"haute"
"JUVAMINE ACT MINCEUR 6EN1 STICK/1";"6230";"Nutrition / complément";"";"";"";"";"";"hors médicament";"haute"
"JUVAMINE ANTISTRESS SOMMEIL B/45 3160929670245";"7500";"Nutrition / complément";"";"";"";"";"";"hors médicament";"haute"
"JUVAMINE C1000 COMP EFF B/30";"6310";"Nutrition / complément";"";"";"Comprimé";"";"";"hors médicament";"haute"
"JUVAMINE CURCUMA PIPERINE GEL B/3";"5310";"Nutrition / complément";"";"";"Gélule";"";"";"hors médicament";"haute"
"JUVAMINE FIZZ 11VIT 7MINERAUX CPR EFF/30";"6760";"Médicament";"MULTIVITAMINES";"800mcg/60mg/10mg/18mg/1,mg/1,6mg/6mg/2mg/200mcg/1mcg/5mcg/3,6mg/25mcg/150mcg/15mg/120mg/45mg";"Comprimé";"ST";"Supplement vitaminique";"base PHARMACORP";"haute"
"JUVAMINE FIZZ MAG+VIT B2 B6 COMP B/30";"3200";"Nutrition / complément";"";"";"Comprimé";"";"";"hors médicament";"haute"
"JUVAMINE FIZZ MONO GOLD COMP EFF B/15";"3950";"Nutrition / complément";"";"";"Comprimé";"";"";"hors médicament";"haute"
"JUVAMINE FIZZ VIT C+CA EFFV/30";"6500";"Médicament";"MULTIVITAMINES";"180mg";"Autre";"ST";"Supplement vitaminique";"base PHARMACORP";"haute"
"JUVAMINE GINS TONUS AMP BUV B/10";"7860";"Nutrition / complément";"";"";"Injectable";"";"";"hors médicament";"haute"
"JUVAMINE GRAISSE STICK/14";"4050";"Nutrition / complément";"";"";"";"";"";"hors médicament";"haute"
"JUVAMINE HUILE FOIE MORUE GEL B/3";"3960";"Nutrition / complément";"";"";"Gélule";"";"";"hors médicament";"haute"
"JUVAMINE KILOS SUPERFLUS KOLA CAFE B/30 3160920644740";"7900";"Nutrition / complément";"";"";"Injectable";"";"";"hors médicament";"haute"
"JUVAMINE MELAT/PASSIFLOR CPR B/3";"3145";"Nutrition / complément";"";"";"Comprimé";"";"";"hors médicament";"haute"
"JUVAMINE PEAU CHEVEUX ONGLES B/40 3160929670207";"7900";"Nutrition / complément";"";"";"";"";"";"hors médicament";"haute"
"JUVAMINE PERFORMANCE MGG CPR B/40";"5300";"Médicament";"MULTIVITAMINES";"900mg/460mg/160mg";"Comprimé";"ST";"Supplement vitaminique";"base PHARMACORP";"haute"
"JUVAMINE RHUBARBE TRANSIT CPR";"4465";"Nutrition / complément";"";"";"Comprimé";"";"";"hors médicament";"haute"
"JUVAMINE SOMMEIL 3EN1 B/30 3160929671181";"7500";"Nutrition / complément";"";"";"";"";"";"hors médicament";"haute"
"JUVAMINE VIT C 1000MG COMP.EFF.B/30";"6310";"Nutrition / complément";"";"1000mg";"Comprimé";"";"";"hors médicament";"haute"
"KABIPAC SODIUM CHL0,9 FL/250ML";"1000";"Médicament";"Chlorure de sodium";"250ml";"";"";"";"identification manuelle (marque)";"moyenne"
"KABIPAC SODIUM CHL0,9 FL/500ML";"1250";"Médicament";"Chlorure de sodium";"500ml";"";"";"";"identification manuelle (marque)";"moyenne"
"KABIVEN EMUL 1400 1540ML POC/1";"42930";"Médicament";"Glucose (glucose 19 %) + Acides amines et electrolytes (Vamin 18 Novum) + Emulsion lipidique (Intralipide 20 %)";"1540ml";"";"ST";"Nutrition parenterale";"même marque dans la base PHARMACORP";"moyenne"
"KALEORID LEO LP 600MG CPR B/30";"1690";"Médicament";"Potassium chlorure";"600mg";"Comprimé";"ST";"Supplementation potassique";"même marque dans la base PHARMACORP";"moyenne"
"KARDEGIC 160MG BUV SACHET B/30";"2040";"Médicament";"Acetylsalicylate de lysine";"160mg";"Poudre / sachet";"";"";"identification manuelle (marque)";"moyenne"
"KARDEGIC 300MG SACHET B/30";"1775";"Médicament";"Acetylsalicylate de lysine";"300mg";"Poudre / sachet";"";"";"identification manuelle (marque)";"moyenne"
"KARDEGIC 75MG SACHET B/30 3400934744198";"2315";"Médicament";"Acetylsalicylate de lysine";"75mg";"Poudre / sachet";"";"";"identification manuelle (marque)";"moyenne"
"KARVOL PLUS CAPS INH B/10";"1250";"Médicament";"Chlorothymol + Menthol + Terpine + Camphre + Eucalyptus Globulus";"5mg/5mg/120mg/25mg/125mg";"Gélule";"ST";"Decongestionnant";"base PHARMACORP";"haute"
"KCL DETAIL";"275";"Médicament";"Chlorure de potassium";"";"";"";"";"identification manuelle (marque)";"moyenne"
"KEFOTAX 500MG IM/IV PDRE INJ 1FL+SOLV/1";"3175";"Médicament";"Cefotaxime";"500mg";"Injectable";"Liste I";"Antibacterien, Antiinfectieux, Antibacterien (Cephalosporines 3 generation)";"même marque dans la base PHARMACORP";"moyenne"
"KEFROX 125MG/5ML SUSP ORALE F/50ML";"3330";"Médicament";"Cefuroxime";"125mg/5ml";"Suspension buvable";"Liste I";"Antibacterien (Cephalosporines 2 generation), Antibiotique";"même marque dans la base PHARMACORP";"moyenne"
"KEFROX 250MG CPR B/10";"4575";"Médicament";"Cefuroxime";"250mg";"Comprimé";"Liste I";"Antibacterien (Cephalosporines 2 generation), Antibiotique";"même marque dans la base PHARMACORP";"moyenne"
"KELO-COTE GEL CICATRICES T/15G";"16870";"Médicament";"Cyclopentasiloxane + Dimethicone + SIlice + Dimethicone crosspolymer";"6g/15g/30g/60g";"Crème / pommade / gel";"ST";"Cicatrisant";"base PHARMACORP";"haute"
"KENACORT RETARD 40MG SUSP INJ AMP1ML+SER";"4575";"Médicament";"Triamcinolone acetonide";"40mg";"Injectable";"Liste I";"Antiinflammatoire steroidien";"même marque dans la base PHARMACORP";"moyenne"
"KEPPRA 100MG/ML 1ML FL/150ML";"33125";"Médicament";"Levetiracetam";"100mg";"";"Liste I";"Antiepileptique";"même marque dans la base PHARMACORP";"moyenne"
"KETAFLOX 200MG CP B/10";"2775";"Médicament";"Ofloxacine";"200mg";"Comprimé";"Liste I";"Antibiotique Antibacterien (Quinolone 2 generation)";"même marque dans la base PHARMACORP";"moyenne"
"KETAFLOX 400MG CP B/10";"4855";"Médicament";"Ofloxacine";"400mg";"Comprimé";"Liste I";"Antibiotique Antibacterien (Quinolone 2 generation)";"même marque dans la base PHARMACORP";"moyenne"
"KETAMINE PAN 250MG/5ML AMP INJ B/5";"11620";"Médicament";"Ketamine";"250mg/5ml";"Injectable";"";"";"identification manuelle (marque)";"moyenne"
"KETAMINE PAN 250MG/5ML AMP INJ DETAIL";"2340";"Médicament";"Ketamine";"250mg/5ml";"Injectable";"";"";"identification manuelle (marque)";"moyenne"
"KETAMINE REN 250MG.5ML INJ B/1 DETAIL";"3790";"Médicament";"Ketamine";"250mg";"Injectable";"";"";"identification manuelle (marque)";"moyenne"
"KETAMINE REN 250MG/5ML INJ B/10";"37920";"Médicament";"Ketamine";"250mg/5ml";"Injectable";"";"";"identification manuelle (marque)";"moyenne"
"KETAMINE REN 500MG/10ML B/10";"56320";"Médicament";"Ketamine";"500mg/10ml";"";"";"";"identification manuelle (marque)";"moyenne"
"KETAMINE REN 500MG/10ML DETAIL";"5650";"Médicament";"Ketamine";"500mg/10ml";"";"";"";"identification manuelle (marque)";"moyenne"
"KETESSE 25MG CP B/10";"2425";"Médicament";"Dexketoprofene";"25mg";"Comprimé";"Liste II";"Antipyrétique, Antiinflammatoire non steroidien (AINS)";"même marque dans la base PHARMACORP";"moyenne"
"KETESSE 25MG CP PELL B/20";"4160";"Médicament";"Dexketoprofene";"25mg";"Comprimé";"Liste II";"Antipyrétique, Antiinflammatoire non steroidien (AINS)";"même marque dans la base PHARMACORP";"moyenne"
"KETESSE 50MG SOL INJ AMP/2ML B/1";"1110";"Médicament";"Dexketoprofene";"50mg";"Injectable";"Liste II";"Antipyrétique, Antiinflammatoire non steroidien (AINS)";"base PHARMACORP";"haute"
"KETESSE 50MG SOL INJ AMP/2ML B/5";"4715";"Médicament";"Dexketoprofene";"50mg";"Injectable";"Liste II";"Antipyrétique, Antiinflammatoire non steroidien (AINS)";"base PHARMACORP";"haute"
"KETOCON 2% CR T/15G";"1290";"Médicament";"Ketoconazole";"2%";"Crème / pommade / gel";"Liste I";"Antifongique, Antimycosique";"base PHARMACORP";"haute"
"KETOCON 2% SH F/75ML";"2080";"Médicament";"Ketoconazole";"2 %";"Autre";"Liste I";"Antifongique, Antimycosique";"base PHARMACORP";"haute"
"KETODERM 2% CREME T/15G";"4130";"Médicament";"Ketoconazole";"2%";"Crème / pommade";"";"";"identification manuelle (marque)";"moyenne"
"KETODERM 2% GEL SACH B/8";"6435";"Médicament";"Ketoconazole";"2%";"Poudre / sachet";"";"";"identification manuelle (marque)";"moyenne"
"KETOFLEX 100MG SUPPO B/10";"1870";"Médicament";"Ketoprofene";"100mg";"Suppositoire / ovule";"Liste II";"Antalgique, Antipyrétique, Antiinflammatoire non steroidien";"base PHARMACORP";"haute"
"KETOFLEX 2,5% GEL T/20G";"1735";"Médicament";"Ketoprofene";"2.5%";"Crème / pommade / gel";"Liste II";"Antalgique, Antipyrétique, Antiinflammatoire non steroidien";"base PHARMACORP";"haute"
"KETOFLEX 50MG GELULE B/24";"1870";"Médicament";"Ketoprofene";"50mg";"Gélule";"Liste II";"Antalgique, Antipyrétique, Antiinflammatoire non steroidien";"même marque dans la base PHARMACORP";"moyenne"
"KETONAL 100MG SUPPO B/12";"2455";"Médicament";"Ketoprofene";"100mg";"Suppositoire / ovule";"Liste II";"Antalgique, Antipyrétique, Antiinflammatoire non steroidien";"base PHARMACORP";"haute"
"KETONEX 2% CREME T/30G";"3050";"Médicament";"Ketoprofene";"2%";"Crème / pommade";"Liste II";"Antalgique, Antipyrétique, Antiinflammatoire non steroidien";"même marque dans la base PHARMACORP";"moyenne"
"KETONEX BIO SAV ANTIBAC/ANTIFONG 75G";"2100";"Médicament";"Ketoprofene";"75g";"";"Liste II";"Antalgique, Antipyrétique, Antiinflammatoire non steroidien";"même marque dans la base PHARMACORP";"moyenne"
"KETOPROFEN GH 100MG CPR B/30";"1595";"Médicament";"Ketoprofene";"100mg";"Comprimé";"Liste II";"Antalgique, Antipyrétique, Antiinflammatoire non steroidien";"base PHARMACORP";"haute"
"KETOPROFEN GH 100MG SUPPO B/12";"1735";"Médicament";"Ketoprofene";"100mg";"Suppositoire";"";"";"DCI citée dans la désignation";"moyenne"
"KETOPROFEN UBI 100MG COMP/DETAIL/10";"725";"Médicament";"Ketoprofene";"100mg";"Comprimé";"";"";"DCI citée dans la désignation";"moyenne"
"KETOPROFENE BGR LP100MG CPR SEC B/20";"2080";"Médicament";"Ketoprofene";"100mg";"Comprimé";"";"";"DCI citée dans la désignation";"moyenne"
"KETOPROFENE UBI 100MG COMP.B/100";"7220";"Médicament";"Ketoprofene";"100mg";"Comprimé";"";"";"DCI citée dans la désignation";"moyenne"
"KETUM 2,5% GEL T/60G";"2470";"Médicament";"Ketoprofene";"2.5%";"Crème / pommade / gel";"Liste II";"Antalgique, Antipyrétique, Antiinflammatoire non steroidien";"base PHARMACORP";"haute"
"KETUM 2,5% GEL TUBE DOSEUR/120G";"4700";"Médicament";"Ketoprofene";"2.5%";"Crème / pommade / gel";"Liste II";"Antalgique, Antipyrétique, Antiinflammatoire non steroidien";"base PHARMACORP";"haute"
"KIDDY BABY LINGETTE ALOE VERA B/72 PCS";"1350";"Hygiène";"";"";"";"";"";"hors médicament";"haute"
"KIDDY MEDIUM 5-10KG JUMBO PACK 32 PIECES";"4500";"Hygiène";"";"";"";"";"";"hors médicament";"haute"
"KIDDY SMALL JUMBO 3-6KG PACK 64 PIECES";"6500";"Hygiène";"";"";"";"";"";"hors médicament";"haute"
"KILCIP FORTE 500/600MG CPR B/10";"4160";"Médicament";"Ciprofloxacine chlorhydrate + Tinidazole";"500mg/600mg";"Comprimé";"Liste I";"Antiparasitaire ( Nitro imidazoles + Quinolone 2 génération), Antibiotique Antibacterien";"base PHARMACORP";"haute"
"KILMOL 400/325MG CPR B/30";"2775";"Médicament";"Ibuprofene + Paracetamol";"400mg/325mg";"Comprimé";"Liste II";"Antalgique, Antipyrétique, Antiinflammatoire non steroidien";"base PHARMACORP";"haute"
"KILMOL 400/325MG CPR DETAIL";"925";"Médicament";"Ibuprofene + Paracetamol";"400/325mg";"Comprimé";"Liste II";"Antalgique, Antipyrétique, Antiinflammatoire non steroidien";"même marque dans la base PHARMACORP";"moyenne"
"KINAFON 80MG CPR B/30";"2080";"Médicament";"Phloroglucinol";"80mg";"Comprimé";"ST";"Antispasmodique (Musculotrope)";"même marque dans la base PHARMACORP";"moyenne"
"KINAFON SUPPO 116.MG B/10 4026275807898";"2150";"Médicament";"Phloroglucinol";"";"Suppositoire";"ST";"Antispasmodique (Musculotrope)";"même marque dans la base PHARMACORP";"moyenne"
"KINAL CAFEINE 500/50MG BLISTER/6";"150";"Médicament";"Ibuprofene";"500/50mg";"";"";"";"identification manuelle (marque)";"moyenne"
"KINAL IBU FORT CP UNI";"5590";"Médicament";"Ibuprofene";"";"Comprimé";"";"";"identification manuelle (marque)";"moyenne"
"KINAL IBU FORT CPR B/10 DETAIL";"560";"Médicament";"Ibuprofene";"";"Comprimé";"";"";"identification manuelle (marque)";"moyenne"
"KINGSMAN PASTILLES B/12";"13280";"";"";"";"";"";"";"non identifié";"à vérifier"
"KINGSMAN PASTILLES DETAIL";"1200";"";"";"";"";"";"";"non identifié";"à vérifier"
"KIRACLAV 100/12,5MG PDRE 60ML";"3090";"Médicament";"Amoxicilline + Acide clavulanique";"100/12,5mg";"Poudre / sachet";"Liste I";"Antibiotique Antibacterien (Penicillines)";"même marque dans la base PHARMACORP";"moyenne"
"KIRACLAV 500MG/62,5MG CPR B/16";"4615";"Médicament";"Amoxicilline + Acide clavulanique";"500mg/62,5mg";"Comprimé";"Liste I";"Antibiotique Antibacterien (Penicillines)";"base PHARMACORP";"haute"
"KLACIN BID 1000MG CPR B/10";"6380";"Médicament";"Amoxicilline + Acide clavulanique";"1000mg";"Comprimé";"Liste I";"Antibiotique Antibacterien (Penicillines)";"même marque dans la base PHARMACORP";"moyenne"
"KLACIN PED 125MG/100ML";"3535";"Médicament";"Amoxicilline + Acide clavulanique";"125mg/100ml";"";"Liste I";"Antibiotique Antibacterien (Penicillines)";"même marque dans la base PHARMACORP";"moyenne"
"KLACIN PED FORT312,5MG/5ML PDR SUSP100ML";"4855";"Médicament";"Amoxicilline + Acide clavulanique";"312,5mg/5ml";"Suspension buvable";"Liste I";"Antibiotique Antibacterien (Penicillines)";"même marque dans la base PHARMACORP";"moyenne"
"KLAVMOX 1000MG/125MG PDRE BUV SACH/16";"7350";"Médicament";"Amoxicilline + Acide clavulanique";"1g/125mg";"Sirop / solution buvable";"Liste I";"Antibiotique Antibacterien (Penicillines)";"base PHARMACORP";"haute"
"KLAVMOX 100MG/12,5MG SUSP BUV FL/60ML";"3400";"Médicament";"Amoxicilline + Acide clavulanique";"100mg/12,5mg";"Suspension buvable";"";"";"identification manuelle (marque)";"moyenne"
"KLAVMOX 228,5MG SUSP ORAL F/60ML";"3465";"Médicament";"Amoxicilline + Acide clavulanique";"200mg/28,5mg";"Sirop / solution buvable";"Liste I";"Antibiotique Antibacterien (Penicillines)";"base PHARMACORP";"haute"
"KLAVMOX LB 1000MG CPR B/10";"7350";"Médicament";"Amoxicilline + Acide clavulanique";"1g/125mg";"Comprimé";"Liste I";"Antibiotique Antibacterien (Penicillines)";"base PHARMACORP";"haute"
"KLIPAL CODEINE 25/300MG CPR B/16";"1565";"Médicament";"Codeine";"25/300mg";"Comprimé";"";"";"DCI citée dans la désignation";"moyenne"
"KLIPAL CODEINE 50/600MG CPR B/12";"2355";"Médicament";"Codeine";"50/600mg";"Comprimé";"";"";"DCI citée dans la désignation";"moyenne"
"KLORANE BB GEL LAVANT DOUX FL/500";"12200";"Cosmétique / dermo";"";"";"Gel";"";"";"hors médicament";"haute"
"KLORANE BB SOLIDE LAVANT 100G 8L COSMOS";"6600";"Cosmétique / dermo";"";"100g";"";"";"";"hors médicament";"haute"
"KLORANE BEBE LAIT HYDRATANT F/750ML";"13685";"Cosmétique / dermo";"";"750ml";"";"";"";"hors médicament";"haute"
"KLORANE BEBE LINGETTE NETT DOUCE B/70";"7870";"Cosmétique / dermo";"";"";"";"";"";"hors médicament";"haute"
"KLORANE BEBE PDRE TOILETTE PROTECT B/100G";"11000";"Cosmétique / dermo";"";"100g";"Poudre / sachet";"";"";"hors médicament";"haute"
"KLORANE LAIT BB FL/500ML";"12005";"Cosmétique / dermo";"";"500ml";"";"";"";"hors médicament";"haute"
"KLORANE SAVON BB 250G";"6395";"Cosmétique / dermo";"";"250g";"";"";"";"hors médicament";"haute"
"KLORANE SHAMP SEC AU LAIT FL/50ML";"3300";"Cosmétique / dermo";"";"50ml";"Injectable";"";"";"hors médicament";"haute"
"KNZ 200MG CPR B/10";"5285";"Médicament";"Ketoconazole";"200mg";"Comprimé";"Liste I";"Antifongique, Antimycosique";"base PHARMACORP";"haute"
"KOFCLEAN SP F/100ML";"2650";"";"";"100ml";"Sirop";"";"";"non identifié";"à vérifier"
"KOFLAME S.BUV F/100ML";"1385";"Médicament";"Ibuprofene + Paracetamol";"100ml";"";"Liste II";"Antalgique, Antipyrétique, Antiinflammatoire non steroidien";"même marque dans la base PHARMACORP";"moyenne"
"KOJIE SAN SAVON ECLAIR CLASSIC 135G 4809013300017";"8500";"Cosmétique / dermo";"";"135g";"";"";"";"hors médicament";"haute"
"KOLICURE 40MG GOUTTES BUVABLES FL/15ML";"1565";"Médicament";"Simethicone+ Huile d'aneth + Huile de fenouil";"40mg";"Gouttes";"ST";"Antiflatulent";"même marque dans la base PHARMACORP";"moyenne"
"KOMFORT XTRA 1% COLLYRE FL/10ML";"2080";"Médicament";"Carmellose sodique";"1%";"Collyre";"ST";"Substitut lacrymal";"même marque dans la base PHARMACORP";"moyenne"
"KOPIVITAMINE 20G SACHET B/8";"13500";"Nutrition / complément";"";"20g";"Poudre / sachet";"";"";"hors médicament";"haute"
"KOPIVITAMINE 20G SACHET DETAIL";"1690";"Nutrition / complément";"";"20g";"Poudre / sachet";"";"";"hors médicament";"haute"
"KREDEX 6,25MG COMP B/28";"5380";"Médicament";"Carvedilol";"6,25mg";"Comprimé";"Liste I";"Antihypertenseur (Betabloquant)";"même marque dans la base PHARMACORP";"moyenne"
"L CARNITINE PLUS 1000MG/50MG CPR B/20";"8480";"Médicament";"L-carnitine + Zinc";"1000mg/50mg";"Comprimé";"ST";"Energetique";"base PHARMACORP";"haute"
"L GEST 1,5MG CPR B/1";"1805";"Médicament";"Levonorgestrel";"1,5mg";"Comprimé";"Liste I";"Contraceptif d'urgence";"base PHARMACORP";"haute"
"L-MESITRAN SOFT GEL T/15G";"2775";"Médicament";"Miel medical + lanoline + propylene glycol + peg 4000 + vitc + vite";"15g";"Gel";"ST";"Antibacterien, Cicatrisant";"même marque dans la base PHARMACORP";"moyenne"
"L-MESITRAN SOFT GEL T/50G";"7140";"Médicament";"Miel medical + lanoline + propylene glycol + peg 4000 + vitc + vite";"50g";"Gel";"ST";"Antibacterien, Cicatrisant";"même marque dans la base PHARMACORP";"moyenne"
"LA PIPERA4000/500MG PDRE INJ F1+SOLV20ML";"7625";"Médicament";"Piperacilline + Tazobactam";"4000mg/500mg";"Injectable";"Liste I";"Antibiotique Antibacterien (Penicillines)";"base PHARMACORP";"haute"
"LACOMA COLL F/2,5ML";"10400";"Médicament";"Latanoprost";"2,5ml";"Collyre";"";"";"identification manuelle (marque)";"moyenne"
"LACOMA T COLL F/2,5ML";"11785";"Médicament";"Latanoprost + Timolol";"2,5ml";"Collyre";"";"";"identification manuelle (marque)";"moyenne"
"LACRIFLUID 0,13% COLLYRE UNIDOSES B/60";"7045";"Médicament";"Carbomere";"0,13%";"Collyre";"ST";"Substitut lacrymal";"même marque dans la base PHARMACORP";"moyenne"
"LACRIVISC GEL OPHT T/15G 3400933765620";"5145";"Médicament";"Carbomere";"15g";"Gel";"";"";"identification manuelle (marque)";"moyenne"
"LACTAMOUSSE FL/125ML";"3560";"";"";"125ml";"";"";"";"non identifié";"à vérifier"
"LACTEOL 340MG PDRE SUSP BUV SACH/10";"3880";"Médicament";"Lactobacillus acidophilus";"340mg";"Suspension buvable";"ST";"Antidiarrheique";"même marque dans la base PHARMACORP";"moyenne"
"LACTIV SOL VAG F/200ML";"5690";"Médicament";"Acide lactique";"200ml";"";"ST";"Antiseptique";"même marque dans la base PHARMACORP";"moyenne"
"LACTOEX PDRE SUSP BUV SAHET B/25";"2775";"";"";"";"Suspension buvable";"";"";"non identifié";"à vérifier"
"LAINO ARGILE POUDRE SURF B/300G";"5275";"Cosmétique / dermo";"";"300g";"Poudre / sachet";"";"";"hors médicament";"haute"
"LAINO ARGILE PRET EMP";"7135";"Cosmétique / dermo";"";"";"";"";"";"hors médicament";"haute"
"LAINO CREME MAIN PRO INTENS 50ML";"2780";"Cosmétique / dermo";"";"50ml";"Crème / pommade";"";"";"hors médicament";"haute"
"LAINO EAU FLEUR ORANGER F/250ML";"5690";"Cosmétique / dermo";"";"250ml";"";"";"";"hors médicament";"haute"
"LAINO EAU FLORALE ROSE F/250ML";"5835";"Cosmétique / dermo";"";"250ml";"";"";"";"hors médicament";"haute"
"LAINO LAIT NUTRITIF CONFOR KARITE F/400ML";"19990";"Cosmétique / dermo";"";"400ml";"";"";"";"hors médicament";"haute"
"LAINO LAIT SOIN NUTRI INT OLIVE FL/500ML";"16500";"Cosmétique / dermo";"";"500ml";"";"";"";"hors médicament";"haute"
"LAINO SAV ALEP 150G";"5700";"Cosmétique / dermo";"";"150g";"";"";"";"hors médicament";"haute"
"LAINO SAV ALEP PAIN/150G";"5250";"Cosmétique / dermo";"";"150g";"";"";"";"hors médicament";"haute"
"LAINO SAV EXFOL ARGAN 150G";"4320";"Cosmétique / dermo";"";"150g";"";"";"";"hors médicament";"haute"
"LAINO SAV MARSEILLE PAIN/150G";"3660";"Cosmétique / dermo";"";"150g";"";"";"";"hors médicament";"haute"
"LAINO SAV SOUFRE PAIN/150G";"4230";"Cosmétique / dermo";"";"150g";"";"";"";"hors médicament";"haute"
"LAINO SOIN LEVRE CIRE ABEILLE T/4G";"2820";"Cosmétique / dermo";"";"4g";"";"";"";"hors médicament";"haute"
"LAINO SOIN LEVRE PARF CASSI 4G";"2995";"Cosmétique / dermo";"";"4g";"";"";"";"hors médicament";"haute"
"LAINO SOIN LEVRE PARF FIGUE 4G";"2805";"Cosmétique / dermo";"";"4g";"";"";"";"hors médicament";"haute"
"LAINO SOIN LEVRE PARF FRAIS 4G";"2915";"Cosmétique / dermo";"";"4g";"";"";"";"hors médicament";"haute"
"LAINO SOIN LEVRE PARF FRAMB 4G";"3050";"Cosmétique / dermo";"";"4g";"";"";"";"hors médicament";"haute"
"LAINO SOIN LEVRE PARF GRENA 4G";"2800";"Cosmétique / dermo";"";"4g";"";"";"";"hors médicament";"haute"
"LAINO SOIN LEVRE PARF POMME 4G";"3570";"Cosmétique / dermo";"";"4g";"Crème / pommade";"";"";"hors médicament";"haute"
"LAINO SOIN LEVRE PARF VANIL 4G";"3035";"Cosmétique / dermo";"";"4g";"";"";"";"hors médicament";"haute"
"LAINO VIS/CORP ARGILE VERTE PATE T/350G";"6520";"Cosmétique / dermo";"";"350g";"";"";"";"hors médicament";"haute"
"LAIT A7 CARROT F/500M";"25000";"Cosmétique / dermo";"";"";"";"";"";"hors médicament";"haute"
"LAIT DE PECHE BEAUTY DERM 500ML";"10000";"Cosmétique / dermo";"";"500ml";"";"";"";"hors médicament";"haute"
"LAMALINE 300MG GELU B/16";"1510";"Médicament";"Paracetamol + Extrait d’opium + Cafeine";"300mg";"Gélule";"Liste II";"Antalgique, Antipyrétique";"même marque dans la base PHARMACORP";"moyenne"
"LAMBORGHINI KIT 3 PIECES";"30000";"Cosmétique / dermo";"";"";"";"";"";"hors médicament";"haute"
"LAME BISTOUR FAZ N22 DETAIL/1";"100";"Dispositif médical / consommable";"";"";"";"";"";"hors médicament";"haute"
"LAME BISTOURI DIDA N22 DETAIL/1";"100";"Dispositif médical / consommable";"";"";"";"";"";"hors médicament";"haute"
"LAME BISTOURI N*23 FAZ DETAIL B/1";"100";"Dispositif médical / consommable";"";"";"";"";"";"hors médicament";"haute"
"LAME BISTOURI N°20 FAZ B/1 DETAIL";"100";"Dispositif médical / consommable";"";"";"";"";"";"hors médicament";"haute"
"LAME BISTOURI N°20 FAZ B/100 BL20";"10000";"Dispositif médical / consommable";"";"";"";"";"";"hors médicament";"haute"
"LAME BISTOURI N°21 FAZ B/100 BL21";"10000";"Dispositif médical / consommable";"";"";"";"";"";"hors médicament";"haute"
"LAME BISTOURI N°21 FAZ DETAIL/1";"100";"Dispositif médical / consommable";"";"";"";"";"";"hors médicament";"haute"
"LAME BISTOURI N°22 FAZ B/100 BL22";"10000";"Dispositif médical / consommable";"";"";"";"";"";"hors médicament";"haute"
"LAME BISTOURI N°22 PARA B/1";"100";"Dispositif médical / consommable";"";"";"";"";"";"hors médicament";"haute"
"LAME BISTOURI N°23 FAZ B/100 BL23";"10000";"Dispositif médical / consommable";"";"";"";"";"";"hors médicament";"haute"
"LAMICTAL 25MG CPR B/30";"6365";"Médicament";"Lamotrigine";"25mg";"Comprimé";"Liste I";"Antiepileptique, Troubles bipolaires";"base PHARMACORP";"haute"
"LAMICTAL 25MG CPR DIS";"6365";"Médicament";"Lamotrigine";"25mg";"Comprimé";"Liste I";"Antiepileptique, Troubles bipolaires";"même marque dans la base PHARMACORP";"moyenne"
"LAMICTAL 50MG COMP B/50";"10610";"Médicament";"Lamotrigine";"50mg";"Comprimé";"Liste I";"Antiepileptique, Troubles bipolaires";"même marque dans la base PHARMACORP";"moyenne"
"LAMISIL 1% CREME T/15";"4370";"Médicament";"Terbinafine chlorhydrate";"1%";"Crème / pommade";"Liste II";"Antifongique, Antimycosique";"même marque dans la base PHARMACORP";"moyenne"
"LAMISIL 1% SOL FL/15ML";"5340";"Médicament";"Terbinafine chlorhydrate";"1%";"";"Liste II";"Antifongique, Antimycosique";"même marque dans la base PHARMACORP";"moyenne"
"LAMISIL 250MG COMP B/14";"17280";"Médicament";"Terbinafine chlorhydrate";"250mg";"Comprimé";"Liste II";"Antifongique, Antimycosique";"même marque dans la base PHARMACORP";"moyenne"
"LANSOYL FRAMBR GELEE POT/225G 3400930570357";"11895";"Médicament";"Paraffine liquide";"225g";"";"ST";"Laxatif lubrifiant et osmotique";"même marque dans la base PHARMACORP";"moyenne"
"LANSOYL GEL ORALE SS POT/125G";"11590";"Médicament";"Paraffine liquide";"125g";"Suspension buvable";"ST";"Laxatif lubrifiant et osmotique";"même marque dans la base PHARMACORP";"moyenne"
"LANTUS SOLOSTAR 100UI 3ML ST/5 3400937722988";"52000";"Médicament";"Insuline glargine";"100ui";"";"";"";"identification manuelle (marque)";"moyenne"
"LANTUS SOLOSTAR PREREMP 3ML DETAIL";"10400";"Médicament";"Insuline glargine";"3ml";"";"";"";"identification manuelle (marque)";"moyenne"
"LANZOCAP 30MG GEL B/30";"8345";"Médicament";"Lansoprazole";"30mg";"Gélule";"Liste II";"Antiulcereux (IPP)";"même marque dans la base PHARMACORP";"moyenne"
"LANZOCAP-B SACHET B/30";"8835";"Médicament";"Lansoprazole";"";"Poudre / sachet";"Liste II";"Antiulcereux (IPP)";"même marque dans la base PHARMACORP";"moyenne"
"LANZOP 10MG COMP.B/30";"16640";"Médicament";"Olanzapine";"10mg";"Comprimé";"Liste I";"Antipsychotique";"même marque dans la base PHARMACORP";"moyenne"
"LANZOP 5MG COMP PELL B/30";"12480";"Médicament";"Olanzapine";"5mg";"Comprimé";"Liste I";"Antipsychotique";"même marque dans la base PHARMACORP";"moyenne"
"LARGACTIL 100MG (F) COMP B/30";"5950";"Médicament";"Chlorpromazine chlorhydrate";"100mg";"Comprimé";"Liste I";"Anxiolytique";"même marque dans la base PHARMACORP";"moyenne"
"LARGACTIL 100MG CPR B/30";"4975";"Médicament";"Chlorpromazine chlorhydrate";"100mg";"Comprimé";"Liste I";"Anxiolytique";"même marque dans la base PHARMACORP";"moyenne"
"LARGACTIL 25MG COMP B/50";"3330";"Médicament";"Chlorpromazine chlorhydrate";"25mg";"Comprimé";"Liste I";"Anxiolytique";"même marque dans la base PHARMACORP";"moyenne"
"LARGACTIL 25MG INJ AMP5ML B/5";"7240";"Médicament";"Chlorpromazine chlorhydrate";"25mg";"Injectable";"Liste I";"Anxiolytique";"base PHARMACORP";"haute"
"LARGACTIL 25MG INJ AMP5ML DETAIL";"1500";"Médicament";"Chlorpromazine chlorhydrate";"25mg";"Injectable";"Liste I";"Anxiolytique";"même marque dans la base PHARMACORP";"moyenne"
"LARGACTIL 4% GTTE BUV F/30ML (F)";"4130";"Médicament";"Chlorpromazine chlorhydrate";"4%";"Gouttes";"Liste I";"Anxiolytique";"même marque dans la base PHARMACORP";"moyenne"
"LARGACTIL 4% GTTE BUV F/30ML 3400930571477";"4130";"Médicament";"Chlorpromazine chlorhydrate";"4%";"Gouttes";"Liste I";"Anxiolytique";"même marque dans la base PHARMACORP";"moyenne"
"LARINATE 60MG PDRE SOL INJ F/5ML";"1760";"Médicament";"Artesunate";"60mg";"Injectable";"Liste I";"Antipaludique";"base PHARMACORP";"haute"
"LARITEM 20/120MG CPR B/24";"2010";"Médicament";"Artemether + Lumefantrine";"20/120mg";"Comprimé";"Liste I";"Antipaludique";"même marque dans la base PHARMACORP";"moyenne"
"LARITEM 40/240MG CPR B/12";"2010";"Médicament";"Artemether + Lumefantrine";"40mg/240mg";"Comprimé";"Liste I";"Antipaludique";"base PHARMACORP";"haute"
"LARITEM 80/480MG CPR B/6";"2010";"Médicament";"Artemether + Lumefantrine";"80/480mg";"Comprimé";"Liste I";"Antipaludique";"même marque dans la base PHARMACORP";"moyenne"
"LARMABACK 0.9% COLLYRE F/10ML";"3965";"";"";"0.9%";"Collyre";"";"";"non identifié";"à vérifier"
"LARMES ARTIFICIELLES MART 1,4% COLLYRE";"1705";"Médicament";"Chlorure de sodium";"1,4%";"Collyre";"ST";"Substitut lacrymal";"même marque dans la base PHARMACORP";"moyenne"
"LAROSCORBINE 1G AMP INJ B/1";"535";"Médicament";"Acide ascorbique";"1g";"Injectable";"ST";"Antiasthenique";"même marque dans la base PHARMACORP";"moyenne"
"LAROSCORBINE 1G AMP INJ.B/6";"3205";"Médicament";"Acide ascorbique";"1g";"Injectable";"ST";"Antiasthenique";"même marque dans la base PHARMACORP";"moyenne"
"LAROSCORBINE 1G CPR EFFV B/10";"2590";"Médicament";"Acide ascorbique";"1g";"Comprimé";"ST";"Antiasthenique";"même marque dans la base PHARMACORP";"moyenne"
"LAROSCORBINE 500MG SS CPR CROQ B/30";"3080";"Médicament";"Acide ascorbique";"500mg";"Suspension buvable";"ST";"Antiasthenique";"même marque dans la base PHARMACORP";"moyenne"
"LAROXYL 25MG COMP B/60";"3840";"Médicament";"Amitriptyline chlorhydrate";"25mg";"Comprimé";"Liste I";"Antidepresseur (Tricycliques)";"même marque dans la base PHARMACORP";"moyenne"
"LAROXYL 40MG GTTE BUV FL/20ML";"3535";"Médicament";"Amitriptyline chlorhydrate";"40mg";"Gouttes";"Liste I";"Antidepresseur (Tricycliques)";"même marque dans la base PHARMACORP";"moyenne"
"LAROXYL 40MG GTTE BUV FL/20ML (F)";"4400";"Médicament";"Amitriptyline chlorhydrate";"40mg";"Gouttes";"Liste I";"Antidepresseur (Tricycliques)";"même marque dans la base PHARMACORP";"moyenne"
"LASILIX 20MG/2ML AMP INJ B/1";"1095";"Médicament";"Furosemide";"20mg/2ml";"Injectable";"Liste II";"Diuretique de l'anse";"même marque dans la base PHARMACORP";"moyenne"
"LASILIX 40MG COMP B/30";"2760";"Médicament";"Furosemide";"40mg";"Comprimé";"Liste II";"Diuretique de l'anse";"même marque dans la base PHARMACORP";"moyenne"
"LASILIX FAIBLE 20MG CPR B/30";"2205";"Médicament";"Furosemide";"20mg";"Comprimé";"Liste II";"Diuretique de l'anse";"même marque dans la base PHARMACORP";"moyenne"
"LASILIX RETARD 60MG GELU B/30";"3535";"Médicament";"Furosemide";"60mg";"Gélule";"Liste II";"Diuretique de l'anse";"même marque dans la base PHARMACORP";"moyenne"
"LASILIX SPECIAL 500MG (F) COMP SEC B/30";"24070";"Médicament";"Furosemide";"500mg";"Comprimé";"Liste II";"Diuretique de l'anse";"même marque dans la base PHARMACORP";"moyenne"
"LASILIX SPECIAL 500MG COMP SEC B/30";"24070";"Médicament";"Furosemide";"500mg";"Comprimé";"Liste II";"Diuretique de l'anse";"même marque dans la base PHARMACORP";"moyenne"
"LASTAVIN AM 160MG/10MG COMP B/30";"12755";"Médicament";"Amlodipine + Valsartan";"160mg/10mg";"Comprimé";"";"";"identification manuelle (marque)";"moyenne"
"LASTAVIN AM 160MG/5MG COMP B/30";"11765";"Médicament";"Amlodipine + Valsartan";"160mg/5mg";"Comprimé";"";"";"identification manuelle (marque)";"moyenne"
"LASTAVIN TRIO 10/160/25MG COMP.B/30";"14560";"Médicament";"Amlodipine + Valsartan + Hydrochlorothiazide";"10/160/25mg";"Comprimé";"";"";"identification manuelle (marque)";"moyenne"
"LASTAVIN TRIO 160/10/12,5MG COMP B/30";"13450";"Médicament";"Amlodipine + Valsartan + Hydrochlorothiazide";"160/10/12,5mg";"Comprimé";"";"";"identification manuelle (marque)";"moyenne"
"LASTAVIN TRIO 160/5/25MG COMP B/30";"13170";"Médicament";"Amlodipine + Valsartan + Hydrochlorothiazide";"160/5/25mg";"Comprimé";"";"";"identification manuelle (marque)";"moyenne"
"LATANO COLL 0,005% F/2,5ML";"10800";"Médicament";"Latanoprost";"0,005%";"Collyre";"Liste I";"Antiglaucomateux";"même marque dans la base PHARMACORP";"moyenne"
"LATANOCOM COLL F/2,5ML";"12685";"Médicament";"Latanoprost + Timolol";"50mcg/5mg";"Collyre / ORL";"Liste I";"Antiglaucomateux";"base PHARMACORP";"haute"
"LATANOPROST BGR 50MCG CY B/1";"6325";"Médicament";"Latanoprost";"50mcg";"";"";"";"DCI citée dans la désignation";"moyenne"
"LATTAFA ASAD PARFUM FL/100ML";"30000";"Cosmétique / dermo";"";"100ml";"";"";"";"hors médicament (filtre)";"moyenne"
"LATTAFA YARA ROSE PARFUM FL/100ML";"30000";"Cosmétique / dermo";"";"100ml";"";"";"";"hors médicament (filtre)";"moyenne"
"LAXMAG 13,72G PDRE SOL BUV SACH B/10";"4855";"Médicament";"Macrogol";"13,72g";"Sirop / solution buvable";"ST";"Laxatif, Lavement";"base PHARMACORP";"haute"
"LE PETIT MARS LAIT NUTRI KARITE/2";"4800";"Cosmétique / dermo";"";"";"";"";"";"hors médicament";"haute"
"LE PETIT MARS LAIT REPARATION 250ML";"4500";"Cosmétique / dermo";"";"250ml";"";"";"";"hors médicament";"haute"
"LE PETIT MARS SAV KARITE 2X100G";"1930";"Cosmétique / dermo";"";"100g";"";"";"";"hors médicament";"haute"
"LE PETIT MARS.H.A.D 2X100G";"2690";"Cosmétique / dermo";"";"100g";"";"";"";"hors médicament";"haute"
"LE-CET CPR B/10";"2330";"Médicament";"Levocetirizine dichlorhydrate";"5mg";"Comprimé";"Liste II";"Antihistaminique, Antiallergique";"base PHARMACORP";"haute"
"LEMONEX 10MG/5MG CPR B/10";"2775";"Médicament";"Levocetirizine + Montelukast";"10mg/5mg";"Comprimé";"Liste II";"Antiasthmatique, Antiallergique";"base PHARMACORP";"haute"
"LEMONEX 4MG/2,5MG/5ML SP F/30ML";"1385";"Médicament";"Levocetirizine + Montelukast";"4mg/2,5mg";"Autre";"Liste II";"Antiasthmatique, Antiallergique";"base PHARMACORP";"haute"
"LEPTICUR 10MG COMP B/30";"5160";"Médicament";"Tropatepine chlorhydrate";"10mg";"Comprimé";"Liste I";"Antiparkinsonien";"même marque dans la base PHARMACORP";"moyenne"
"LERCAN 10MG CPR PELL SEC B/30";"6350";"Médicament";"Lercanidipine";"10mg";"Comprimé";"Liste I";"Antihypertenseur (IC)";"base PHARMACORP";"haute"
"LERCAN 20MG CPR PELL B/30";"6100";"Médicament";"Lercanidipine";"20mg";"Comprimé";"Liste I";"Antihypertenseur (IC)";"base PHARMACORP";"haute"
"LERIN 0,125MG CPR B/30";"3895";"Médicament";"Methylergonovine maleate";"0,125mg";"Comprimé";"Liste I";"Ocytocique";"même marque dans la base PHARMACORP";"moyenne"
"LERIN 0,2MG/ML A.INJ B/5";"2370";"Médicament";"Methylergonovine maleate";"0,2mg";"Injectable";"Liste I";"Ocytocique";"même marque dans la base PHARMACORP";"moyenne"
"LETROZOLE BIOGARAN 2,5MG CPR B/30";"34665";"Médicament";"Letrozole";"2,5mg";"Comprimé";"Liste I";"Anticancereux";"base PHARMACORP";"haute"
"LETROZOLE DENK 2,5MG COMP B/30";"24265";"Médicament";"Letrozole";"2,5mg";"Comprimé";"";"";"DCI citée dans la désignation";"moyenne"
"LEUKOPLAST 10CM DETAIL";"200";"Dispositif médical / consommable";"";"";"";"";"";"hors médicament";"haute"
"LEUKOPLAST 10CM X5";"2000";"Dispositif médical / consommable";"";"";"";"";"";"hors médicament";"haute"
"LEUKOPLAST 1M VRAC";"1580";"Dispositif médical / consommable";"";"";"";"";"";"hors médicament";"haute"
"LEUKOPLAST 5M*5CM";"3750";"Dispositif médical / consommable";"";"";"";"";"";"hors médicament";"haute"
"LEUKOPLAST S 5MX10CM PERF 3401043824122";"4665";"Dispositif médical / consommable";"";"";"Injectable";"";"";"hors médicament";"haute"
"LEUKOPLAST S 5MX18CM PERF";"7945";"Dispositif médical / consommable";"";"";"Injectable";"";"";"hors médicament";"haute"
"LEUKOPLAST S 5MX5CM PERF";"3615";"Dispositif médical / consommable";"";"";"Injectable";"";"";"hors médicament";"haute"
"LEUTRIEN 10MG CPR PELL B/30";"8320";"Médicament";"Montelukast";"10mg";"Comprimé";"Liste II";"Antiallergique Antiasthmatique";"même marque dans la base PHARMACORP";"moyenne"
"LEUTRIEN 4MG CPR CROQ B/30";"3465";"Médicament";"Montelukast";"4mg";"Comprimé";"Liste II";"Antiallergique Antiasthmatique";"même marque dans la base PHARMACORP";"moyenne"
"LEUTRIEN 5MG CPR PELL B/30";"4855";"Médicament";"Montelukast";"5mg";"Comprimé";"Liste II";"Antiallergique Antiasthmatique";"même marque dans la base PHARMACORP";"moyenne"
"LEVERACETAM BIOG 250MG CPR SEC B/60";"13590";"Médicament";"Levetiracetam";"250mg";"Comprimé";"";"";"identification manuelle (marque)";"moyenne"
"LEVETIRACETAM BGR 1000MG COMP B/60";"26625";"Médicament";"Levetiracetam";"1000mg";"Comprimé";"";"";"DCI citée dans la désignation";"moyenne"
"LEVETIRACETAM BIOG 500MG CPR SEC B/60";"20425";"Médicament";"Levetiracetam";"500mg";"Comprimé";"";"";"DCI citée dans la désignation";"moyenne"
"LEVO BD 1,5MG CP B/1";"2355";"Médicament";"Levonorgestrel";"1,5mg";"Comprimé";"";"";"identification manuelle (marque)";"moyenne"
"LEVO DENK 500MG CPR B/10";"7625";"Médicament";"Levofloxacine";"500mg";"Comprimé";"Liste I";"Antibacterien (Quinolone 2 generation), Antibiotique";"base PHARMACORP";"haute"
"LEVO TEST GROSSESSE B/1";"2255";"Dispositif médical / consommable";"";"";"";"";"";"hors médicament";"haute"
"LEVOAS 500MG COMP.SEC B/10";"6935";"Médicament";"Levofloxacine";"500mg";"Comprimé";"Liste I";"Antibacterien (Quinolone 2 generation), Antibiotique";"même marque dans la base PHARMACORP";"moyenne"
"LEVOBACT 500MG CPR B/10";"4855";"Médicament";"Levofloxacine";"500mg";"Comprimé";"Liste I";"Antibacterien (Quinolone 2 generation), Antibiotique";"base PHARMACORP";"haute"
"LEVOBACT 750MG CPR B/10";"6240";"Médicament";"Levofloxacine";"750mg";"Comprimé";"Liste I";"Antibacterien (Quinolone 2 generation), Antibiotique";"même marque dans la base PHARMACORP";"moyenne"
"LEVOCINE 500MG CPR SEC B/10";"13255";"Médicament";"Levofloxacine";"500mg";"Comprimé";"Liste I";"Antibacterien (Quinolone 2 generation), Antibiotique";"base PHARMACORP";"haute"
"LEVOCINE 500MG CPR SEC B/5";"7960";"Médicament";"Levofloxacine";"500mg";"Comprimé";"Liste I";"Antibacterien (Quinolone 2 generation), Antibiotique";"base PHARMACORP";"haute"
"LEVOFLOX DENK 5MG SOL PERF FL/100ML";"10400";"Médicament";"Levofloxacine";"5mg";"Injectable";"";"";"DCI citée dans la désignation";"moyenne"
"LEVOMAC 500MG CPR B/5";"5545";"Médicament";"Levofloxacine";"500mg";"Comprimé";"Liste I";"Antibacterien (Quinolone 2 generation), Antibiotique";"même marque dans la base PHARMACORP";"moyenne"
"LEVOMAX 500MG COMP.B/10";"8320";"Médicament";"Levofloxacine";"500mg";"Comprimé";"Liste I";"Antibacterien (Quinolone 2 generation), Antibiotique";"même marque dans la base PHARMACORP";"moyenne"
"LEVONORGESTREL TLG 1,5MG COMP B/1";"1385";"Médicament";"Levonorgestrel";"1,5mg";"Comprimé";"";"";"DCI citée dans la désignation";"moyenne"
"LEVONORMAX 1.5MG COMP.B/1";"1480";"Médicament";"Levonorgestrel";"1.5mg";"Comprimé";"Liste I";"Contraceptif d'urgence";"même marque dans la base PHARMACORP";"moyenne"
"LEVOPHTA 0,05% (F) COLLYRE FL/5ML";"5200";"Médicament";"Levocabastine chlorhydrate";"0,05%";"Collyre";"Liste II";"Antihistaminique, Antiallergique";"même marque dans la base PHARMACORP";"moyenne"
"LEVOPHTA 0,05% COLLYRE FL/5ML";"5200";"Médicament";"Levocabastine chlorhydrate";"0,05%";"Collyre";"Liste II";"Antihistaminique, Antiallergique";"même marque dans la base PHARMACORP";"moyenne"
"LEVOPREG 1,5MG COMP B/1 5415174010352";"2220";"Médicament";"Levonorgestrel";"1,5mg";"Comprimé";"Liste I";"Contraceptif d'urgence";"même marque dans la base PHARMACORP";"moyenne"
"LEVORAY 500MG CPR B/5";"3520";"Médicament";"Levofloxacine";"500mg";"Comprimé";"Liste I";"Antibacterien (Quinolone 2 generation), Antibiotique";"base PHARMACORP";"haute"
"LEVOTHYROX 100 COMP B/30 AFR";"2040";"Médicament";"Levothyroxine sodique";"";"Comprimé";"";"";"identification manuelle (marque)";"moyenne"
"LEVOTHYROX 125MG CPR SEC B/30";"2775";"Médicament";"Levothyroxine sodique";"125mg";"Comprimé";"";"";"identification manuelle (marque)";"moyenne"
"LEVOTHYROX 25MCG COMP B/30 3400933191856";"525";"Médicament";"Levothyroxine sodique";"25mcg";"Comprimé";"";"";"identification manuelle (marque)";"moyenne"
"LEVOTHYROX 50MCG COMP B/30 3400934783579";"1025";"Médicament";"Levothyroxine sodique";"50mcg";"Comprimé";"";"";"identification manuelle (marque)";"moyenne"
"LEVOTHYROX 75MCG COMP B/30 3400933191917";"1540";"Médicament";"Levothyroxine sodique";"75mcg";"Comprimé";"";"";"identification manuelle (marque)";"moyenne"
"LEVOTOP 500MG CPR B/10";"8735";"Médicament";"Levofloxacine";"500mg";"Comprimé";"Liste I";"Antibacterien (Quinolone 2 generation), Antibiotique";"même marque dans la base PHARMACORP";"moyenne"
"LEVOTRIZ 5MG CPR B/10";"2775";"Médicament";"Levocetirizine dichlorhydrate";"5mg";"Comprimé";"Liste II";"Antihistaminique, Antiallergique";"base PHARMACORP";"haute"
"LEXOFEN PLUS 500/400MG CPR B/20";"1665";"Médicament";"Ibuprofene + Paracetamol";"400mg/500mg";"Comprimé";"Liste II";"Antalgique, Antipyrétique, Antiinflammatoire non steroidien";"base PHARMACORP";"haute"
"LEXOFEN PLUS JR 100/125MG SUSP BUV/100ML";"1665";"Médicament";"Ibuprofene + Paracetamol";"100mg/125mg";"Sirop / solution buvable";"Liste II";"Antalgique, Antipyrétique, Antiinflammatoire non steroidien";"base PHARMACORP";"haute"
"LEXOMIL 6MG COMP B/30";"3590";"Médicament";"Bromazepam";"6mg";"Comprimé";"Liste I";"Anxiolytique (BZD)";"même marque dans la base PHARMACORP";"moyenne"
"LEXSPORIN POMMADE T/20G";"3330";"Médicament";"Polymyxine B sulfate + Neomycine sulfate + Bacitracine de Zinc";"5000UI/3400UI/400UI";"Crème / pommade / gel";"Liste I";"Antibacterien, Cicatrisant";"base PHARMACORP";"haute"
"LIBERTEX 1,5MG CPR B/1";"970";"Médicament";"Levonorgestrel";"1,5mg";"Comprimé";"Liste I";"Contraceptif d'urgence";"même marque dans la base PHARMACORP";"moyenne"
"LIBERTEX CREME T/75G";"7350";"Médicament";"Levonorgestrel";"75g";"Crème / pommade";"Liste I";"Contraceptif d'urgence";"même marque dans la base PHARMACORP";"moyenne"
"LIBERTEX TEST GROSSESSE B/25";"19975";"Médicament";"Levonorgestrel";"";"";"Liste I";"Contraceptif d'urgence";"même marque dans la base PHARMACORP";"moyenne"
"LIBERTEX TEST GROSSESSE DETAIL";"800";"Médicament";"Levonorgestrel";"";"";"Liste I";"Contraceptif d'urgence";"même marque dans la base PHARMACORP";"moyenne"
"LIBERTY PLUS COMP.B/21";"1180";"Médicament";"Levonorgestrel + Ethinylestradiol";"";"Comprimé";"";"";"identification manuelle (marque)";"à vérifier"
"LIBERTY-72 1.5MG COMP B/1";"2815";"Médicament";"Levonorgestrel";"1.5mg";"Comprimé";"";"";"identification manuelle (marque)";"moyenne"
"LIBIDO WOMEN GEL B/45";"10995";"Nutrition / complément";"";"";"Gélule";"";"";"hors médicament";"haute"
"LIBRAX 5/2,5MG COMP B/30";"6835";"Médicament";"Chlordiazepoxide + Clinidium bromure";"5/2,5mg";"Comprimé";"Liste I";"Antispasmodique, Anxiolytique";"même marque dans la base PHARMACORP";"moyenne"
"LIDENE 15MG CPR PELL SEC B/10";"2620";"Médicament";"Doxylamine succinate";"15mg";"Comprimé";"ST";"Hypnotique (Phenotiazines), Antihistaminique H1";"même marque dans la base PHARMACORP";"moyenne"
"LIDOCAINE 2% SOL INJ 20ML A B1";"1165";"Médicament";"Lidocaine chlorhydrate";"2%";"Injectable";"Liste I";"Anesthesique";"base PHARMACORP";"haute"
"LIDOCAINE ADR AGT 200MG 10ML DETAIL/1";"4360";"Médicament";"Lidocaine";"200mg";"";"";"";"DCI citée dans la désignation";"moyenne"
"LIDOCAINE UBI 2% SOL INJ FL/20ML";"1180";"Médicament";"Lidocaine chlorhydrate";"2%";"Injectable";"Liste I";"Anesthesique";"base PHARMACORP";"haute"
"LIDPRO AM 50MG/5MG COMP B/30";"6520";"Médicament";"Losartan + Amlodipine";"50mg/5mg";"Comprimé";"";"";"identification manuelle (marque)";"moyenne"
"LIDPRO TRIO 50MG/5MG/12,5MG COMP B/30";"9705";"Médicament";"Losartan + Amlodipine + Hydrochlorothiazide";"50mg/5mg";"Comprimé";"";"";"identification manuelle (marque)";"moyenne"
"LIGNOX 2% SOL INJ FL/20ML B/1";"1385";"Médicament";"Lidocaine chlorhydrate";"2%";"Injectable";"Liste I";"Anesthesique";"même marque dans la base PHARMACORP";"moyenne"
"LILGRO SP FL/100ML";"2775";"Médicament";"Dextromethorphane";"100ml";"Sirop";"ST";"Antitussif toux sèche";"même marque dans la base PHARMACORP";"moyenne"
"LILGRO-H SP F/100ML";"2290";"Médicament";"Dextromethorphane";"0 %";"Autre";"ST";"Antitussif toux sèche";"base PHARMACORP";"haute"
"LINCOCINE 600MG AMP INJ 2ML B/1";"1985";"Médicament";"Lincomycine";"600mg";"Injectable";"Liste I";"Antibiotique Antibacterien (Macrolides)";"même marque dans la base PHARMACORP";"moyenne"
"LINCOMYCINE CRE 500MG GEL BLIST/12 DETAIL";"1765";"Médicament";"Lincomycine";"500mg";"Gélule";"";"";"DCI citée dans la désignation";"moyenne"
"LINCOMYCINE CRE 500MG GELULE B/120";"17650";"Médicament";"Lincomycine";"500mg";"Gélule";"";"";"DCI citée dans la désignation";"moyenne"
"LINCOMYCINE CREAT 500MG GELULE B/12";"2040";"Médicament";"Lincomycine";"500mg";"Gélule";"";"";"DCI citée dans la désignation";"moyenne"
"LINCOMYCINE PPM 500MG GEL BLIST/10 DETAIL";"1605";"Médicament";"Lincomycine";"500mg";"Gélule";"";"";"DCI citée dans la désignation";"moyenne"
"LINCOMYCINE PPM 500MG GELULE B/100";"16045";"Médicament";"Lincomycine";"500mg";"Gélule";"";"";"DCI citée dans la désignation";"moyenne"
"LINGETTE OPTIQUE BF B/24";"1500";"Dispositif médical / consommable";"";"";"";"";"";"hors médicament";"haute"
"LINGETTES GILBERT A LEAU B/70";"4245";"Hygiène";"";"";"";"";"";"hors médicament";"haute"
"LINGETTES POUR LUNETTES PACK/50 PCS";"5000";"Hygiène";"";"";"";"";"";"hors médicament";"haute"
"LINIDERM OLEO CALC GIL BIO F/250ML";"6000";"Cosmétique / dermo";"";"250ml";"";"";"";"hors médicament";"haute"
"LINIDERM OLEO CALC GIL BIO F/480ML";"10030";"Cosmétique / dermo";"";"480ml";"";"";"";"hors médicament";"haute"
"LINMOX 500MG GELULE B/12";"1525";"Médicament";"Amoxicilline";"500mg";"Gélule";"Liste I";"Antibiotique Antibacterien (Penicillines)";"même marque dans la base PHARMACORP";"moyenne"
"LINMOX 500MG GELULE BLIST/12 DETAIL";"1165";"Médicament";"Amoxicilline";"500mg";"Gélule";"Liste I";"Antibiotique Antibacterien (Penicillines)";"même marque dans la base PHARMACORP";"moyenne"
"LIORESAL 10MG CPR B/50";"6960";"Médicament";"Baclofene";"10mg";"Comprimé";"Liste I";"Psychostimulant";"même marque dans la base PHARMACORP";"moyenne"
"LIPANTHYL 200MG GEL B/30";"9360";"Médicament";"Fenofibrate";"200mg";"Gélule";"Liste II";"Hypocholesterolemiant (Statines), Hypotriglyceridemiant (Fibrates)";"même marque dans la base PHARMACORP";"moyenne"
"LIPOSIC GEL OPHT T/10G";"2290";"Médicament";"Carbomere";"2mg";"Crème / pommade / gel";"ST";"Substitut lacrymal";"base PHARMACORP";"haute"
"LIPOVAS 10MG CPR B/30";"5385";"Médicament";"Atorvastatine";"10mg";"Comprimé";"Liste I";"Hypocholesterolemiant (Statines)";"même marque dans la base PHARMACORP";"moyenne"
"LIPOVAS 20MG CPR B/30";"6975";"Médicament";"Atorvastatine";"20mg";"Comprimé";"Liste I";"Hypocholesterolemiant (Statines)";"même marque dans la base PHARMACORP";"moyenne"
"LISCORIL SIROP F/100ML";"2165";"Médicament";"Salbutamol + Bromhexine + Guaifenesine";"100ml";"Sirop";"Liste I";"Bronchodilatateur, Expectorant";"même marque dans la base PHARMACORP";"moyenne"
"LISTERINE BLANCHEUR GOUT+ BB 250ML";"3500";"Cosmétique / dermo";"";"250ml";"";"";"";"hors médicament";"haute"
"LISTERINE PROT DENT ET GINCIV BB 250ML";"3500";"Cosmétique / dermo";"";"250ml";"";"";"";"hors médicament";"haute"
"LITACOLD CP B/80";"5270";"Médicament";"Paracetamol + Chlorphenamine + Phenylephrine";"";"Comprimé";"";"";"identification manuelle (marque)";"à vérifier"
"LITACOLD CPR DETAIL";"300";"Médicament";"Paracetamol + Chlorphenamine + Phenylephrine";"";"Comprimé";"";"";"identification manuelle (marque)";"à vérifier"
"LITACOLD NUIT 500MG/25MG COMP B/16";"2080";"Médicament";"Paracetamol + Chlorphenamine + Phenylephrine";"500mg/25mg";"Comprimé";"";"";"identification manuelle (marque)";"à vérifier"
"LITACOLD NUIT MAX 1G/50MG BLIS/8 CP DETAI";"695";"Médicament";"Paracetamol + Chlorphenamine + Phenylephrine";"1g/50mg";"Comprimé";"";"";"identification manuelle (marque)";"à vérifier"
"LITACOLD RHUME JOUR/NUIT COMP B/24";"2080";"Médicament";"Paracetamol + Chlorphenamine + Phenylephrine";"";"Comprimé";"";"";"identification manuelle (marque)";"à vérifier"
"LITACOLD SOMMEIL 25MG COMP BLIS/10 DETAIL";"530";"Médicament";"Paracetamol + Chlorphenamine + Phenylephrine";"25mg";"Comprimé";"";"";"identification manuelle (marque)";"à vérifier"
"LITACOLD SP FL/100ML";"1385";"Médicament";"Paracetamol + Phenylephrine + Chlorphenamine";"125mg/2,5mg//1mg/5mL";"Injectable";"ST";"Decongestif nasal, Antigrippal";"base PHARMACORP";"haute"
"LITAMOL 500MG COMP EFF COMP BLIS/4 DETAIL";"350";"Médicament";"Paracetamol";"500mg";"Comprimé";"ST";"Antalgique, Antipyrétique";"même marque dans la base PHARMACORP";"moyenne"
"LIVOPAT CAPSULE B/30";"10480";"Médicament";"Lecithine + Silymarine + Vitamines + Mineraux";"";"Gélule";"ST";"Complement alimentaire";"même marque dans la base PHARMACORP";"moyenne"
"LIVOZED 500MG CPR B/10";"8180";"Médicament";"Levofloxacine";"500mg";"Comprimé";"Liste I";"Antibacterien (Quinolone 2 generation), Antibiotique";"même marque dans la base PHARMACORP";"moyenne"
"LIVOZED 500MG/100ML SOL INJ F/100ML";"7100";"Médicament";"Levofloxacine";"500mg/100mL";"Injectable";"Liste I";"Antibacterien (Quinolone 2 generation), Antibiotique";"base PHARMACORP";"haute"
"LOCAPRED CREME DERMIQ TB 15G";"1925";"Médicament";"Desonide";"15g";"Crème / pommade";"Liste I";"Antiinflammatoire steroidien, Dermocorticoide";"même marque dans la base PHARMACORP";"moyenne"
"LOCARD 25MG CP/10";"1485";"";"";"25mg";"Comprimé";"";"";"non identifié";"à vérifier"
"LOCARD 50MG CP/10";"1580";"";"";"50mg";"Comprimé";"";"";"non identifié";"à vérifier"
"LOCARD H 25MG/12,5MG CP B/10";"1815";"";"";"25mg/12,5mg";"Comprimé";"";"";"non identifié";"à vérifier"
"LOCATOP 0,1% CREME T/30G";"2455";"Médicament";"Desonide";"0,1%";"Crème / pommade / gel";"Liste I";"Antiinflammatoire steroidien, Dermocorticoide";"base PHARMACORP";"haute"
"LOCOID 0,1% CR DERMIQ EPAISSE T/30G";"3410";"Médicament";"Hydrocortisone 17 butyrate";"0,1%";"Crème / pommade";"Liste I";"Antiinflammatoire steroidien, Dermocorticoide";"même marque dans la base PHARMACORP";"moyenne"
"LOCOID 0,1% CREME DERMIQUE T/30G";"3410";"Médicament";"Hydrocortisone 17 butyrate";"0.001";"Crème / pommade / gel";"Liste I";"Antiinflammatoire steroidien, Dermocorticoide";"base PHARMACORP";"haute"
"LOCOID 0,1% POMMADE T/30G";"3145";"Médicament";"Hydrocortisone 17 butyrate";"0.001";"Crème / pommade / gel";"Liste I";"Antiinflammatoire steroidien, Dermocorticoide";"base PHARMACORP";"haute"
"LOCOID LOTION F/30ML";"3330";"Cosmétique / dermo";"";"30ml";"";"";"";"hors médicament (filtre)";"moyenne"
"LODOZ 10MG/6,25MG CPR PELL B/30";"6040";"Médicament";"Bisoprolol hemifumarate + hydrochlorothiazide";"10mg/6,25mg";"Comprimé";"Liste I";"Antihypertenseur (Betabloquant + Diuretique)";"même marque dans la base PHARMACORP";"moyenne"
"LODOZ 2,5MG/6,25MG CPR PELL B/30";"5905";"Médicament";"Bisoprolol hemifumarate + hydrochlorothiazide";"2,5mg/6,25mg";"Comprimé";"Liste I";"Antihypertenseur (Betabloquant + Diuretique)";"même marque dans la base PHARMACORP";"moyenne"
"LODOZ 5MG/6,25MG CPR PELL B/30";"5905";"Médicament";"Bisoprolol hemifumarate + hydrochlorothiazide";"5mg/6,25mg";"Comprimé";"Liste I";"Antihypertenseur (Betabloquant + Diuretique)";"même marque dans la base PHARMACORP";"moyenne"
"LOFNAC 1% GEL DERM T/30G";"1735";"Médicament";"Diclofenac";"1%";"Gel";"";"";"identification manuelle (marque)";"moyenne"
"LOFNAC 100MG CPR B/10";"1940";"Médicament";"Diclofenac";"100mg";"Comprimé";"";"";"identification manuelle (marque)";"moyenne"
"LOFNAC 75MG INJ.B/3";"970";"Médicament";"Diclofenac";"75mg";"Injectable";"";"";"identification manuelle (marque)";"moyenne"
"LOFNAC P 50MG/500MG CPR B/10";"1665";"Médicament";"Diclofenac + Paracetamol";"50mg/500mg";"Comprimé";"";"";"identification manuelle (marque)";"moyenne"
"LOLIP 10MG CP B/30";"5755";"Médicament";"Atorvastatine";"10mg";"Comprimé";"Liste I";"Hypocholesterolemiant (Statines)";"base PHARMACORP";"haute"
"LOLIP 20MG CP B/30";"7210";"Médicament";"Atorvastatine";"20mg";"Comprimé";"Liste I";"Hypocholesterolemiant (Statines)";"base PHARMACORP";"haute"
"LOMAC 20MG GELULE B/14";"3880";"Médicament";"Omeprazole";"20mg";"Gélule";"Liste II";"Antiulcereux (IPP)";"même marque dans la base PHARMACORP";"moyenne"
"LOMAC 40MG INJ PDRE+SOLV FL/10ML B/1";"6935";"Médicament";"Omeprazole";"40mg";"Injectable";"Liste II";"Antiulcereux (IPP)";"même marque dans la base PHARMACORP";"moyenne"
"LOMEXIN 2% CREME T/15G";"3300";"Médicament";"Fenticonazole nitrate";"2%";"Crème / pommade";"ST";"Antifongique, Antimycosique";"même marque dans la base PHARMACORP";"moyenne"
"LONGAMYCINE 200MG CPR B/8";"1995";"Médicament";"Doxycycline";"200mg";"Comprimé";"Liste I";"Antiinfectieux, Antibacterien (Cyclines)";"même marque dans la base PHARMACORP";"moyenne"
"LOOBID 200MG/500MG CPR B/10";"3880";"Médicament";"Ofloxacine + Ornidazole";"200mg/500mg";"Comprimé";"Liste I";"Antiparasitaire ( Nitro imidazoles + Quinolone 2 génération), Antibiotique Antibacterien";"base PHARMACORP";"haute"
"LOOBID SUSP ORAL F/30ML";"2355";"Médicament";"Ofloxacine + Ornidazole";"50mg/125mg/5mL";"Sirop / solution buvable";"Liste I";"Antiparasitaire ( Nitro imidazoles + Quinolone 2 génération), Antibiotique Antibacterien";"base PHARMACORP";"haute"
"LOPERAMIDE UBI 2MG GEL 10 BL 10";"6935";"Médicament";"Loperamide";"2mg";"Crème / pommade / gel";"Liste II";"Antidiarrheique";"base PHARMACORP";"haute"
"LOPERAMIDE UBI 2MG GEL 10 DETAIL";"695";"Médicament";"Loperamide";"2mg";"Gel";"";"";"DCI citée dans la désignation";"moyenne"
"LOPINE 10MG CPR B/30";"6795";"Médicament";"Amlodipine";"10mg";"Comprimé";"Liste I";"Antihypertenseur, Antiangoreux (IC)";"base PHARMACORP";"haute"
"LOPINE 5MG CPR B/30";"6240";"Médicament";"Amlodipine";"5mg";"Comprimé";"Liste I";"Antihypertenseur, Antiangoreux (IC)";"base PHARMACORP";"haute"
"LORATOL 5MG SUSP BUV F/100ML";"2775";"Médicament";"Loratadine";"5mg";"Suspension buvable";"Liste II";"Antihistaminique, Antiallergique (H1)";"même marque dans la base PHARMACORP";"moyenne"
"LORATOL COMP B/10";"2775";"Médicament";"Loratadine";"";"Comprimé";"Liste II";"Antihistaminique, Antiallergique (H1)";"même marque dans la base PHARMACORP";"moyenne"
"LORCOM 0,5MG/ML SP F/60ML";"2325";"Médicament";"Desloratadine";"0,5mg/mL";"Autre";"Liste II";"Antiallergique, Antihistaminique H2";"base PHARMACORP";"haute"
"LORCOM 5MG COMP B/10";"2795";"Médicament";"Desloratadine";"5mg";"Comprimé";"Liste II";"Antiallergique, Antihistaminique H2";"même marque dans la base PHARMACORP";"moyenne"
"LOREAL 1,5% PUR HYALURONIC SERUM 30ML";"14000";"Cosmétique / dermo";"";"1,5%";"";"";"";"hors médicament";"haute"
"LOREAL COLLAGENE CREME 50ML";"15000";"Cosmétique / dermo";"";"50ml";"Collyre";"";"";"hors médicament";"haute"
"LOREAL L AGE EXPERT SPF20+ CREME 50ML";"15000";"Cosmétique / dermo";"";"50ml";"Crème / pommade";"";"";"hors médicament";"haute"
"LORHIST 10MG CPR B/10";"3065";"Médicament";"Loratadine";"10mg";"Comprimé";"Liste II";"Antihistaminique, Antiallergique (H1)";"base PHARMACORP";"haute"
"LORHIST 5MG SUSP BUV F/60ML";"1385";"Médicament";"Loratadine";"5mg";"Sirop / solution buvable";"Liste II";"Antihistaminique, Antiallergique (H1)";"base PHARMACORP";"haute"
"LORIT 5MG CPR B/20";"2775";"Médicament";"Desloratadine";"5mg";"Comprimé";"Liste II";"Antiallergique, Antihistaminique H2";"base PHARMACORP";"haute"
"LORIX 10MG COMP B/15";"2580";"Médicament";"Loratadine";"10mg";"Comprimé";"Liste II";"Antihistaminique, Antiallergique (H1)";"même marque dans la base PHARMACORP";"moyenne"
"LORKOF EXPECTORANT SP F/100ML";"2080";"Médicament";"Salbutamol + Bromhexine + Guaifenesine + Menthol";"2mg/4mg/100mg/1mg";"Autre";"Liste I";"Mucolytique, Bronchodilatateur";"base PHARMACORP";"haute"
"LOSAR DENK 100MG CPR B/28";"6935";"Médicament";"Losartan potassium";"100mg";"Comprimé";"Liste I";"Antihypertenseur (ARAII)";"base PHARMACORP";"haute"
"LOSAR DENK 25MG CPR PELL B/28";"3880";"Médicament";"Losartan potassium";"25mg";"Comprimé";"Liste I";"Antihypertenseur (ARAII)";"base PHARMACORP";"haute"
"LOSAR DENK 50MG CPR B/28";"4855";"Médicament";"Losartan potassium";"50mg";"Comprimé";"Liste I";"Antihypertenseur (ARAII)";"base PHARMACORP";"haute"
"LOSAR MEDIS 50MG CPR B/30";"8040";"Médicament";"Losartan potassium";"50mg";"Comprimé";"Liste I";"Antihypertenseur (ARAII)";"même marque dans la base PHARMACORP";"moyenne"
"LOSARMAX 50MG/12,5MG CPR B/30";"6240";"Médicament";"Losartan potassium + Hydrochlorothiazide";"50mg/12,5mg";"Comprimé";"Liste I";"Antihypertenseur (ARAII + DT)";"base PHARMACORP";"haute"
"LOTARIDEX 2,5MG/5ML SP F/100ML";"1870";"Médicament";"Desloratadine";"2,5mg/5ml";"Sirop";"Liste II";"Antiallergique, Antihistaminique H2";"même marque dans la base PHARMACORP";"moyenne"
"LOTARIDEX 5MG CPR B/15";"3035";"Médicament";"Desloratadine";"5mg";"Comprimé";"Liste II";"Antiallergique, Antihistaminique H2";"même marque dans la base PHARMACORP";"moyenne"
"LOVENOX 2000UI ANTI XA SER 0,2ML B/2";"6200";"Médicament";"Enoxaparine sodique";"2000ui";"Injectable";"Liste I";"Antithrombotique";"même marque dans la base PHARMACORP";"moyenne"
"LOVENOX 4000UI ANTI XA SER 0,4ML B/2";"8710";"Médicament";"Enoxaparine sodique";"4000ui";"Injectable";"Liste I";"Antithrombotique";"même marque dans la base PHARMACORP";"moyenne"
"LOVENOX 6000UI ANTI XA SER 0,6ML B/2";"11565";"Médicament";"Enoxaparine sodique";"6000ui";"Injectable";"Liste I";"Antithrombotique";"même marque dans la base PHARMACORP";"moyenne"
"LOVENOX 8000UI ANTI XA SER 0,8ML B/2";"14320";"Médicament";"Enoxaparine sodique";"8000ui";"Injectable";"Liste I";"Antithrombotique";"même marque dans la base PHARMACORP";"moyenne"
"LOXAIR 100MCG AER DOSES/200";"3300";"Médicament";"Salbutamol";"100mcg";"";"Liste I";"Bronchodilatateur";"même marque dans la base PHARMACORP";"moyenne"
"LOXEN 10MG B/1 DETAIL";"1900";"Médicament";"Nicardipine";"10mg";"";"Liste I";"Antihypertenseur (IC)";"même marque dans la base PHARMACORP";"moyenne"
"LOXEN 10MG SOL INJ AMP/10ML B/5";"9510";"Médicament";"Nicardipine";"10mg";"Injectable";"Liste I";"Antihypertenseur (IC)";"même marque dans la base PHARMACORP";"moyenne"
"LOXEN 20MG CPR SEC B/30";"5350";"Médicament";"Nicardipine";"20mg";"Comprimé";"Liste I";"Antihypertenseur (IC)";"même marque dans la base PHARMACORP";"moyenne"
"LOXEN LP 50MG GEL B/60";"16835";"Médicament";"Nicardipine";"50mg";"Gélule";"Liste I";"Antihypertenseur (IC)";"même marque dans la base PHARMACORP";"moyenne"
"LOXTRA COLLYRE FL/5ML";"3120";"Médicament";"Ofloxacine + Prednisolone acetate + Tetrahydrozoline";"5ml";"Collyre";"Liste I";"Antiinflammatoire steroidien, Antibiotique Antibacterien";"même marque dans la base PHARMACORP";"moyenne"
"LOZINE 2,5MG SP F/100ML";"2400";"Médicament";"Cetirizine";"2,5mg";"Autre";"Liste II";"Antihistaminique";"base PHARMACORP";"haute"
"LRJ 30MG COLL F/10ML";"3880";"";"";"30mg";"Collyre";"";"";"non identifié";"à vérifier"
"LRP ANTH UV FLUID SPF50+ FL/50ML";"18360";"Cosmétique / dermo";"";"50ml";"";"";"";"hors médicament";"haute"
"LRP CICA BAUME B5 T/100ML";"19240";"Cosmétique / dermo";"";"100ml";"";"";"";"hors médicament";"haute"
"LRP CICA BAUME B5 T/40ML";"10855";"Cosmétique / dermo";"";"40ml";"";"";"";"hors médicament";"haute"
"LRP CICAPLAST BAUME B5+ T/100ML";"16500";"Cosmétique / dermo";"";"100ml";"";"";"";"hors médicament";"haute"
"LRP EFFA CREME DUO+SPF30 F/40ML";"15360";"Cosmétique / dermo";"";"40ml";"Crème / pommade";"";"";"hors médicament";"haute"
"LRP EFFA DUO+ CREME T/40ML";"14025";"Cosmétique / dermo";"";"40ml";"Crème / pommade";"";"";"hors médicament";"haute"
"LRP EFFA EAU MICELLAIRE ULTRA F/200ML";"14015";"Cosmétique / dermo";"";"200ml";"";"";"";"hors médicament";"haute"
"LRP EFFA G.MOUSS 400ML";"18510";"Cosmétique / dermo";"";"400ml";"";"";"";"hors médicament";"haute"
"LRP EFFACLAR +M GEL MOUSS PURIF FL/400ML";"24310";"Cosmétique / dermo";"";"400ml";"Gel";"";"";"hors médicament";"haute"
"LRP LIPI BAUM AP+M 400ML 3337871322595";"22370";"Cosmétique / dermo";"";"400ml";"";"";"";"hors médicament";"haute"
"LRP LIPI G.LAVANT FL/750ML";"20825";"Cosmétique / dermo";"";"750ml";"";"";"";"hors médicament";"haute"
"LRP LIPIKAR GEL LAVANT 400ML";"15225";"Cosmétique / dermo";"";"400ml";"Gel";"";"";"hors médicament";"haute"
"LRP LIPIKAR HUILE LAVANTE AP+ 400ML";"18905";"Cosmétique / dermo";"";"400ml";"";"";"";"hors médicament";"haute"
"LRP LIPIKAR LAIT AP FL/400ML";"24750";"Cosmétique / dermo";"";"400ml";"";"";"";"hors médicament";"haute"
"LUC LEA TETINE ERGOSEN LENT /2";"4775";"Dispositif médical / consommable";"";"";"";"";"";"hors médicament";"haute"
"LUCLIP 1% CREME T/30G";"7625";"Médicament";"Luliconazole";"1%";"Crème / pommade";"Liste I";"Antifongique";"même marque dans la base PHARMACORP";"moyenne"
"LUEX AD TOUX GRASSE SP F/100ML";"1940";"";"";"100ml";"Sirop";"";"";"non identifié";"à vérifier"
"LUEX AD TOUX SECHE SP F/100ML";"1315";"";"";"100ml";"Sirop";"";"";"non identifié";"à vérifier"
"LUEX ENF TOUX GRASSE SP F/100ML";"1525";"Médicament";"Guaifenesine + bromhexedine chlorhydrate + phenylephrine chlorhydrate";"50mg/4mg/5mg";"Autre";"ST";"Antitussif";"base PHARMACORP";"haute"
"LUEX ENF TOUX SECHE SP F/100ML";"1110";"";"";"100ml";"Sirop";"";"";"non identifié";"à vérifier"
"LUEX PED TOUX SECHE SP F/100ML";"1345";"Médicament";"Dextromethorphane + Chlorpheniramine";"10mg/4mg";"Autre";"Liste II";"Antitussif toux sèche";"base PHARMACORP";"haute"
"LUFACEF IM/IV INJ.B/1";"2840";"Médicament";"Ceftriaxone";"";"Injectable";"Liste I";"Antibacterien (Cephalosporines 3 generation), Antibiotique";"même marque dans la base PHARMACORP";"moyenne"
"LUFADOL 1000MG COMP EFF B/8";"1050";"Médicament";"Paracetamol";"1000mg";"Comprimé";"ST";"Antalgique, Antipyrétique";"même marque dans la base PHARMACORP";"moyenne"
"LUFANTER 180/1080MG SUSP BUV F/60ML";"2705";"Médicament";"Artemether + Lumefantrine";"180/1080mg";"Suspension buvable";"Liste I";"Antipaludique";"même marque dans la base PHARMACORP";"moyenne"
"LUFANTER 20MG/120MG PED CPR DISP B/6";"1095";"Médicament";"Artemether + Lumefantrine";"20mg/120mg";"Comprimé";"Liste I";"Antipaludique";"même marque dans la base PHARMACORP";"moyenne"
"LUFANTER 40MG/240MG CPR B/12";"2705";"Médicament";"Artemether + Lumefantrine";"40mg/240mg";"Comprimé";"Liste I";"Antipaludique";"même marque dans la base PHARMACORP";"moyenne"
"LUFANTER 80/480MG PDR SUSP BUV SACH B/6";"2565";"Médicament";"Artemether + Lumefantrine";"80/480mg";"Suspension buvable";"Liste I";"Antipaludique";"même marque dans la base PHARMACORP";"moyenne"
"LUFEMAX 180/1080MG SUSP BUV FL/60ML";"2495";"Médicament";"Artemether + Lumefantrine";"180/1080mg";"Suspension buvable";"Liste I";"Antipaludique";"même marque dans la base PHARMACORP";"moyenne"
"LUFEMAX FORT 80MG/480MG CPR B/6";"2775";"Médicament";"Artemether + Lumefantrine";"80mg/480mg";"Comprimé";"Liste I";"Antipaludique";"base PHARMACORP";"haute"
"LUFENART FORTE 80/480 CPR B/6";"2775";"Médicament";"Artemether + Lumefantrine";"";"Comprimé";"Liste I";"Antipaludique";"même marque dans la base PHARMACORP";"moyenne"
"LUMARTEM 20/120MG COMP B/24";"3190";"Médicament";"Artemether + Lumefantrine";"20/120mg";"Comprimé";"Liste I";"Antipaludique";"même marque dans la base PHARMACORP";"moyenne"
"LUMATE FORTE 40MG/240";"2775";"Médicament";"Artemether + Lumefantrine";"40mg";"";"Liste I";"Antipaludique";"même marque dans la base PHARMACORP";"moyenne"
"LUMATE PLUS 80MG/480MG CPR B/6";"2775";"Médicament";"Artemether + Lumefantrine";"80mg/480mg";"Comprimé";"Liste I";"Antipaludique";"base PHARMACORP";"haute"
"LUMETAR FORTE 80/480MG B/6";"2910";"Médicament";"Artemether + Lumefantrine";"80/480mg";"";"Liste I";"Antipaludique";"même marque dans la base PHARMACORP";"moyenne"
"LUMETER 40MG/240MG CPR B/12";"1885";"Médicament";"Artemether + Lumefantrine";"40mg/240mg";"Comprimé";"Liste I";"Antipaludique";"base PHARMACORP";"haute"
"LUMETER 80MG/480MG CPR B/6";"1885";"Médicament";"Artemether + Lumefantrine";"80mg/480mg";"Comprimé";"Liste I";"Antipaludique";"base PHARMACORP";"haute"
"LUMFART 80MG/480MG CPR B/6";"2635";"Médicament";"Artemether + Lumefantrine";"80mg/480mg";"Comprimé";"Liste I";"Antipaludique";"base PHARMACORP";"haute"
"LUMIART 80/480MG CPR B/6";"2775";"Médicament";"Artemether + Lumefantrine";"80mg/480mg";"Comprimé";"Liste I";"Antipaludique";"base PHARMACORP";"haute"
"LUMIFORTE 40/240MG COMP B/6";"2080";"Médicament";"Artemether + Lumefantrine";"40/240mg";"Comprimé";"Liste I";"Antipaludique";"même marque dans la base PHARMACORP";"moyenne"
"LUMIFORTE 60/360MG COMP B/6";"2290";"Médicament";"Artemether + Lumefantrine";"60/360mg";"Comprimé";"Liste I";"Antipaludique";"même marque dans la base PHARMACORP";"moyenne"
"LUMIFORTE 80MG/480MG CPR B/6";"3465";"Médicament";"Artemether + Lumefantrine";"80mg/480mg";"Comprimé";"Liste I";"Antipaludique";"base PHARMACORP";"haute"
"LUMIFORTE DT 20MG/120MG CPR DISP B/6";"1385";"Médicament";"Artemether + Lumefantrine";"20mg/120mg";"Comprimé";"Liste I";"Antipaludique";"base PHARMACORP";"haute"
"LUMITER 15/90MG SUSP BUV F/60ML";"2775";"Médicament";"Artemether + Lumefantrine";"15mg/90mg";"Sirop / solution buvable";"Liste I";"Antipaludique";"base PHARMACORP";"haute"
"LUMITER DS 80MG/480MG COMP B/6";"3050";"Médicament";"Artemether + Lumefantrine";"80mg/480mg";"Comprimé";"Liste I";"Antipaludique";"même marque dans la base PHARMACORP";"moyenne"
"LUNETTE PHOTOCHROMIC/UV NATUREO COFFRET";"10000";"Dispositif médical / consommable";"";"";"";"";"";"hors médicament";"haute"
"LUPRODEX 3,75MG+SOLV/AMP2ML B/1";"83195";"Médicament";"Leuproreline acetate";"3,75mg";"Injectable";"Liste I";"Anticancereux";"même marque dans la base PHARMACORP";"moyenne"
"LUTENYL 5MG COMP B/10";"4825";"Médicament";"Nomegestrol";"5mg";"Comprimé";"Liste I";"Progestatif";"même marque dans la base PHARMACORP";"moyenne"
"LUXEOL ANTI-CHUTE SPRAY F/100ML";"45715";"Cosmétique / dermo";"";"100ml";"Spray";"";"";"hors médicament";"haute"
"LUXEOL POUSSE CROISSANCE+FORTIFIC GEL/30";"22240";"Cosmétique / dermo";"";"";"Gélule";"";"";"hors médicament";"haute"
"LUXEOL SHAMPOOING FORTIFIANT T/200ML";"10540";"Cosmétique / dermo";"";"200ml";"Injectable";"";"";"hors médicament";"haute"
"LUXEOL SHAMPOOING REPARATEUR T/200ML";"10430";"Cosmétique / dermo";"";"200ml";"Injectable";"";"";"hors médicament";"haute"
"LYSANXIA 10MG CPR B/40";"2510";"Médicament";"Prazepam";"10mg";"Comprimé";"";"";"identification manuelle (marque)";"moyenne"
"LYSO 6 CPR B/30";"8195";"Médicament";"Lysozyme + Pyridoxine";"";"Comprimé";"ST";"Parodontopathie";"même marque dans la base PHARMACORP";"moyenne"
"LYSOFLAM CPR B/10";"2495";"Médicament";"Diclofenac + Paracetamol + Serratiopeptidase";"";"Comprimé";"";"";"identification manuelle (marque)";"moyenne"
"LYSOFLAM GEL T/30GR";"2495";"Médicament";"Diclofenac";"30g";"Gel";"";"";"identification manuelle (marque)";"moyenne"
"LYSOPAINE CETYL SS B/2X18";"13285";"Médicament";"Cetylpyridinium + Lysozyme";"";"Suspension buvable";"";"";"identification manuelle (marque)";"à vérifier"
"M-CAPTOPRIL PLUS 25MG/12,5MG CPR B/30";"4815";"Médicament";"Captopril + hydrochlorothiazide";"25mg/12,5mg";"Comprimé";"Liste I";"Antihypertenseur (IEC + DT)";"base PHARMACORP";"haute"
"M-CEFIXIME 200MG GEL B/14";"4815";"Médicament";"Cefixime";"200mg";"Crème / pommade / gel";"Liste I";"Antibiotique Antibacterien (Cephalosporines 3 generation)";"base PHARMACORP";"haute"
"M-CEFTRIAXONE 1G IM/IV PDRE INJ F/10ML";"2270";"Médicament";"Ceftriaxone";"1g";"Injectable";"Liste I";"Antibacterien (Cephalosporines 3 generation), Antibiotique";"base PHARMACORP";"haute"
"M-GINKGO 40MG CPR B/30";"4815";"Médicament";"Ginkgo biloba";"40mg";"Comprimé";"ST";"Tonifiant, Vasodilatateur";"base PHARMACORP";"haute"
"M-GYNOTAB 200MG.500MG COMP.VAG.B/12";"4825";"Médicament";"Clotrimazole + Tinidazole";"200mg";"Comprimé";"Liste I";"Antifongique, Antimycosique, Antiparasitaire (Nitro imidazoles)";"même marque dans la base PHARMACORP";"moyenne"
"M-LOSARTAN 50MG CPR B/30";"6400";"Médicament";"Losartan potassium";"50mg";"Comprimé";"Liste I";"Antihypertenseur (ARAII)";"base PHARMACORP";"haute"
"M-LOSARTAN PLUS CPR B/30";"6740";"Médicament";"Losartan potassium + Hydrochlorothiazide";"50mg/12,5 mg";"Comprimé";"Liste I";"Antihypertenseur (ARAII + DT)";"base PHARMACORP";"haute"
"M-OFLOX 200MG CPR B/10";"4815";"Médicament";"Ofloxacine";"200mg";"Comprimé";"Liste I";"Antibiotique Antibacterien (Quinolone 2 generation)";"base PHARMACORP";"haute"
"M-OLANZAPINE 10MG CPR B/30";"10430";"Médicament";"Olanzapine";"10mg";"Comprimé";"Liste I";"Antipsychotique";"base PHARMACORP";"haute"
"M-OXACILLINE 1G IV/IM PDR INJ F1+SOLV5ML";"980";"Médicament";"Oxacilline";"1g";"Injectable";"Liste I";"Antibiotique Antibacterien (Penicillines)";"base PHARMACORP";"haute"
"M-SILYMARIN 140MG COMP B/30";"5410";"Médicament";"Silymarine";"140mg";"Comprimé";"";"";"DCI citée dans la désignation";"moyenne"
"M-TD LP 20MG COMP B/4";"6420";"";"";"20mg";"Comprimé";"";"";"non identifié";"à vérifier"
"MAALOX ME CIT SUSP BUV SACH B/20";"4160";"Médicament";"Aluminium hydroxyde + Magnesium hydroxyde";"";"Suspension buvable";"ST";"Anti acide";"même marque dans la base PHARMACORP";"moyenne"
"MAALOX MENT BYV SUSP F/250ML";"2220";"Médicament";"Aluminium hydroxyde + Magnesium hydroxyde";"250ml";"Suspension buvable";"ST";"Anti acide";"même marque dans la base PHARMACORP";"moyenne"
"MAALOX MX ESTOMAC CPR CROQ B/40";"2175";"Médicament";"Aluminium hydroxyde + Magnesium hydroxyde";"";"Comprimé";"ST";"Anti acide";"même marque dans la base PHARMACORP";"moyenne"
"MACFAST-P 37,5/325MG COMP B/10";"5545";"Médicament";"Tramadol chlorhydrate + Paracetamol";"37,5/325mg";"Comprimé";"Liste I";"Analgesique, Antalgique";"même marque dans la base PHARMACORP";"moyenne"
"MACROLYN 500MG CPR PELL B/3";"4645";"Médicament";"Azithromycine";"500mg";"Comprimé";"Liste I";"Antibiotique Antibacterien (Macrolides)";"base PHARMACORP";"haute"
"MACROMAX 200MG/5ML PDRE SUSP BUV F/30ML";"5900";"Médicament";"Azithromycine";"200mg/5ml";"Suspension buvable";"Liste I";"Antibiotique Antibacterien (Macrolides)";"même marque dans la base PHARMACORP";"moyenne"
"MACROMAX 500MG CPR B/3";"6240";"Médicament";"Azithromycine";"500mg";"Comprimé";"Liste I";"Antibiotique Antibacterien (Macrolides)";"même marque dans la base PHARMACORP";"moyenne"
"MADECASSOL 1% CREME T/10G";"1720";"Médicament";"Hydrocotyle";"1%";"Crème / pommade";"ST";"Protecteur cutane";"même marque dans la base PHARMACORP";"moyenne"
"MADU VITAMIN 30G DETAIL B/1";"1660";"Nutrition / complément";"";"30g";"";"";"";"hors médicament";"haute"
"MADU VITAMIN 30G SACHET B/8";"13280";"Nutrition / complément";"";"30g";"Poudre / sachet";"";"";"hors médicament";"haute"
"MAG 2 100MG CPR BLIST/60";"4270";"Médicament";"Magnesium pidolate";"100mg";"Comprimé";"";"";"identification manuelle (marque)";"moyenne"
"MAG 2 INJ 0/8% 10ML AMP B/12";"5685";"Médicament";"Magnesium pidolate";"0/8%";"Injectable";"";"";"identification manuelle (marque)";"moyenne"
"MAG 2 SS SUCRE AMP 10ML B/30";"5825";"Médicament";"Magnesium pidolate";"10ml";"Injectable";"";"";"identification manuelle (marque)";"moyenne"
"MAG 2 VRAC 1 AMP INJ";"475";"Médicament";"Magnesium pidolate";"";"Injectable";"";"";"identification manuelle (marque)";"moyenne"
"MAGNE 300 MARIN COMP B/56";"13700";"Médicament";"Magnesium + Vit B6";"";"Comprimé";"ST";"Neuroregulateur";"même marque dans la base PHARMACORP";"moyenne"
"MAGNES ACTIVE DENK GR STICK B/30";"7375";"Médicament";"Magnesium";"300mg";"Autre";"ST";"Supplement magnesique";"base PHARMACORP";"haute"
"MAGNES DIRECT DENK PDRE SACH B/30";"7890";"Médicament";"Magnesium";"400mg";"Sachet / poudre";"ST";"Supplement magnesique";"base PHARMACORP";"haute"
"MAGNESIUM SULF 1,5G/10ML AG DETAIL/1";"600";"Médicament";"Sulfate de magnesium";"1,5g/10ml";"";"";"";"identification manuelle (marque)";"moyenne"
"MAGNESIUM SULF 1,5G/10ML AGUETT B/50";"27730";"Médicament";"Sulfate de magnesium";"1,5g/10ml";"";"";"";"identification manuelle (marque)";"moyenne"
"MAGNESIUM SULF1,5G/10ML LAVOI DETAIL";"465";"Médicament";"Sulfate de magnesium";"1,5g/10ml";"";"";"";"identification manuelle (marque)";"moyenne"
"MAGNORAL AMP BUV 10ML B/20";"3910";"Médicament";"Magnesium chloride hexahydrate";"10ml";"Injectable";"ST";"Supplement magnesique";"même marque dans la base PHARMACORP";"moyenne"
"MAKARI BB LAIT HYDRATANT F/1000ML";"31645";"Cosmétique / dermo";"";"1000ml";"";"";"";"hors médicament";"haute"
"MAKARI BEBE GEL MOUSS CORPS/CHVX FL/500ML";"16550";"Cosmétique / dermo";"";"500ml";"Gel";"";"";"hors médicament";"haute"
"MAKARI BEBE LAIT DE TOILETT3 F/1000ML";"31995";"Cosmétique / dermo";"";"1000ml";"";"";"";"hors médicament";"haute"
"MAKARI BEBE SAV AU CALENDULA PAIN/150G";"13750";"Cosmétique / dermo";"";"150g";"";"";"";"hors médicament";"haute"
"MAKARI BEBE SOIN HLE AMANDE DCE F/250ML";"18040";"Cosmétique / dermo";"";"250ml";"";"";"";"hors médicament";"haute"
"MAKARI CAROTONIC EXT GLY ECLAIR HLE500ML";"19495";"Cosmétique / dermo";"";"500ml";"";"";"";"hors médicament";"haute"
"MAKARI CAROTONIC EXTREME LAIT F/5";"27875";"Cosmétique / dermo";"";"";"";"";"";"hors médicament";"haute"
"MAKARI EXCLUSIF CR TONIFIANTE T/50G";"23370";"Cosmétique / dermo";"";"50g";"Crème / pommade";"";"";"hors médicament";"haute"
"MAKARI EXCLUSIF GLYCERIN TONIF SOL/500ML";"38900";"Cosmétique / dermo";"";"500ml";"";"";"";"hors médicament";"haute"
"MAKARI EXCLUSIF LAIT TONIF ECLA FL/500ML";"64600";"Cosmétique / dermo";"";"500ml";"";"";"";"hors médicament";"haute"
"MAKARI EXCLUSIF SAV EXFOLIANT PAIN 200G";"23100";"Cosmétique / dermo";"";"200g";"";"";"";"hors médicament";"haute"
"MAKARI EXCLUSIF SERUM TONIFIANT FL/50ML";"33600";"Cosmétique / dermo";"";"50ml";"";"";"";"hors médicament";"haute"
"MAKARI EXTREME CR CAROT/ARGAN T/50G";"28250";"Cosmétique / dermo";"";"50g";"Crème / pommade";"";"";"hors médicament";"haute"
"MAKARI EXTREME GEL TONIF.CAROT/ARGAN T/30";"20505";"Cosmétique / dermo";"";"";"Gel";"";"";"hors médicament";"haute"
"MAKARI EXTREME GLYCERN LAIT TONIF/500ML";"40530";"Cosmétique / dermo";"";"500ml";"";"";"";"hors médicament";"haute"
"MAKARI EXTREME HLE BOTANIQ CORPS F/125ML";"24440";"Cosmétique / dermo";"";"125ml";"";"";"";"hors médicament";"haute"
"MAKARI EXTREME SPF15 SERUM ECLAIR/50ML";"33810";"Cosmétique / dermo";"";"50ml";"";"";"";"hors médicament";"haute"
"MAKARI INTENSE EXTREME SAV.PAIN/200G";"13425";"Cosmétique / dermo";"";"200g";"";"";"";"hors médicament";"haute"
"MAKARI INTENSE EXTREME SPF15 CR.HYD/50ML";"13180";"Cosmétique / dermo";"";"50ml";"Crème / pommade";"";"";"hors médicament";"haute"
"MAKARI MULTI-ACT EXTREME SAV.PAIN/200G";"13480";"Cosmétique / dermo";"";"200g";"";"";"";"hors médicament";"haute"
"MAKARI MULTI-ACT EXTREME SPF15 CREME T/50";"13430";"Cosmétique / dermo";"";"";"Crème / pommade";"";"";"hors médicament";"haute"
"MAKARI MULTI-ACT EXTREME SPF15 LAIT500ML";"26755";"Cosmétique / dermo";"";"500ml";"";"";"";"hors médicament";"haute"
"MAKARI PREMIUM+LAIT BEAUTE ECLAIR F/140ML";"45600";"Cosmétique / dermo";"";"140ml";"";"";"";"hors médicament";"haute"
"MAKARI SAVON AU SOUFRE 200G";"14200";"Cosmétique / dermo";"";"200g";"";"";"";"hors médicament";"haute"
"MALA-EL 40MG/320MG CPR B/9";"4020";"Médicament";"Dihydroartemisinine + Piperaquine phosphate";"40mg/320mg";"Comprimé";"Liste I";"Antipaludique";"base PHARMACORP";"haute"
"MALAB ADULTE 150MG AMP 2ML B/3";"5560";"Médicament";"Artemether";"150mg";"Injectable";"";"";"identification manuelle (marque)";"à vérifier"
"MALAB FORT 225MG AMP 3ML B/3";"8345";"Médicament";"Artemether";"225mg";"Injectable";"";"";"identification manuelle (marque)";"à vérifier"
"MALACUR 20MG/160MG CP DISP B/6";"2495";"Médicament";"Dihydroartemisinine + Piperaquine phosphate";"20mg/160mg";"Comprimé";"Liste I";"Antipaludique";"même marque dans la base PHARMACORP";"moyenne"
"MALACUR 40MG/320MG CPR B/12";"3880";"Médicament";"Dihydroartemisinine + Piperaquine phosphate";"40mg/320mg";"Comprimé";"Liste I";"Antipaludique";"même marque dans la base PHARMACORP";"moyenne"
"MALACUR 40MG/320MG CPR B/9";"3605";"Médicament";"Dihydroartemisinine + Piperaquine phosphate";"40mg/320mg";"Comprimé";"Liste I";"Antipaludique";"même marque dans la base PHARMACORP";"moyenne"
"MALACUR 90MG/720MG SUSP BUV F/60ML";"2495";"Médicament";"Dihydroartemisinine + Piperaquine phosphate";"90mg/720mg";"Suspension buvable";"Liste I";"Antipaludique";"même marque dans la base PHARMACORP";"moyenne"
"MALAFORD 80MG/480MG COMP B/6";"2080";"Médicament";"Artemether + Lumefantrine";"80mg/480mg";"Comprimé";"";"";"identification manuelle (marque)";"moyenne"
"MALAVAN 120MG PDR SOL INJ F/1+SOLV/2 B/1";"2705";"Médicament";"Artesunate";"120mg";"Injectable";"Liste I";"Antipaludique";"base PHARMACORP";"haute"
"MALAVAN 30MG PDRE SOL";"900";"Médicament";"Artesunate";"30mg";"Poudre / sachet";"Liste I";"Antipaludique";"même marque dans la base PHARMACORP";"moyenne"
"MALAVAN 60MG SOL AMP INJ B/1";"1665";"Médicament";"Artesunate";"60mg";"Injectable";"Liste I";"Antipaludique";"base PHARMACORP";"haute"
"MALOXINE ND CPR BLISTER DE 3";"735";"Médicament";"Sulfadoxine + Pyrimethamine";"500mg/25mg";"Comprimé";"Liste I";"Antipaludique";"base PHARMACORP";"haute"
"MALVA 200MG CPR B/10";"1775";"Médicament";"Celecoxib";"200mg";"Comprimé";"Liste I";"Antiinflammatoire non steroidien";"même marque dans la base PHARMACORP";"moyenne"
"MALWOOD P 40/320MG COMP B/12";"3190";"Médicament";"Dihydroartemisinine + Piperaquine phosphate";"40/320mg";"Comprimé";"Liste I";"Antipaludique";"même marque dans la base PHARMACORP";"moyenne"
"MANIX EFFECT GEL LUBRIF T/80ML";"8415";"Hygiène";"";"80ml";"Gel";"";"";"hors médicament";"haute"
"MANIX GEL B/20";"5225";"Hygiène";"";"";"Gélule";"";"";"hors médicament";"haute"
"MANIX GEL LUBRIF INFINITI T/100ML";"10300";"Hygiène";"";"100ml";"Gel";"";"";"hors médicament";"haute"
"MANIX GEL LUBRIF INT FRAISE T/80ML";"8245";"Hygiène";"";"80ml";"Gel";"";"";"hors médicament";"haute"
"MANIX GEL NATURAL 100ML";"8500";"Hygiène";"";"100ml";"Gel";"";"";"hors médicament";"haute"
"MANIX SKYN ALL NIGHT LONG LUBRIFIANT/80ML";"7920";"Hygiène";"";"80ml";"";"";"";"hors médicament";"haute"
"MANIX SKYN GEL EXCITE FL/15ML";"6865";"Hygiène";"";"15ml";"Gel";"";"";"hors médicament";"haute"
"MANIX SUPER MAXI FORMAT B/28";"8525";"Hygiène";"";"";"";"";"";"hors médicament";"haute"
"MANIX TUBE FRAISE 80ML";"8245";"Hygiène";"";"80ml";"";"";"";"hors médicament";"haute"
"MANNITOL 10% BB ECOFLAC F/500ML";"5400";"Médicament";"Mannitol";"10%";"";"";"";"DCI citée dans la désignation";"moyenne"
"MANNITOL 20% LVS FL VER 500ML";"9430";"Médicament";"Mannitol";"20%";"";"";"";"DCI citée dans la désignation";"moyenne"
"MANUPHYL CREME MAINS T/100ML";"9860";"Cosmétique / dermo";"";"100ml";"Crème / pommade";"";"";"hors médicament";"haute"
"MARIMER BABY HYP SPRAY FL/100ML";"6630";"Médicament";"Eau de mer + eau purifiee";"100ml";"Spray";"ST";"Hygiene nasale";"même marque dans la base PHARMACORP";"moyenne"
"MARIMER BABY SPRAY F/100ML";"6920";"Médicament";"Eau de mer + eau purifiee";"100ml";"Spray";"ST";"Hygiene nasale";"même marque dans la base PHARMACORP";"moyenne"
"MARIMER HYPERTONIQUE SPR NAS F/100ML";"6760";"Médicament";"Eau de mer + eau purifiee";"100ml";"";"ST";"Hygiene nasale";"même marque dans la base PHARMACORP";"moyenne"
"MARIMER ISOTONIQUE SPR NAS F/100ML";"6410";"Médicament";"Eau de mer + eau purifiee";"100ml";"";"ST";"Hygiene nasale";"même marque dans la base PHARMACORP";"moyenne"
"MARVIS PATE DENTIFRICE T/85ML";"6000";"Cosmétique / dermo";"";"85ml";"";"";"";"hors médicament";"haute"
"MASCULAN GEL LUBRI VELVET SACH/3ML DETAIL";"260";"Hygiène";"";"3ml";"Poudre / sachet";"";"";"hors médicament";"haute"
"MASCULAN GEL LUBRIF APPLE T/75ML";"4400";"Hygiène";"";"75ml";"Gel";"";"";"hors médicament";"haute"
"MASCULAN GEL LUBRIF SILK T/75ML";"4400";"Hygiène";"";"75ml";"Gel";"";"";"hors médicament";"haute"
"MASCULAN GEL LUBRIF STRAWBERRY T/75ML";"4400";"Hygiène";"";"75ml";"Gel";"";"";"hors médicament";"haute"
"MASCULAN GEL LUBRIF VELVET SACHET/3ML B/5";"1300";"Hygiène";"";"3ml";"Poudre / sachet";"";"";"hors médicament";"haute"
"MASCULAN GEL LUBRIF VELVET T/50ML";"2570";"Hygiène";"";"50ml";"Gel";"";"";"hors médicament";"haute"
"MASCULAN GEL LUBRIF WARMING CHAUFF/75ML";"4630";"Hygiène";"";"75ml";"Gel";"";"";"hors médicament";"haute"
"MASCULAN PERLE NERV PRESERV B/3";"1060";"Hygiène";"";"";"";"";"";"hors médicament";"haute"
"MASQUE CHIRURGICAL 3PLIS DETAIL/1";"100";"Dispositif médical / consommable";"";"";"";"";"";"hors médicament";"haute"
"MAUBOUSSIN POUR ELLE PARFUM 100ML";"35000";"Cosmétique / dermo";"";"100ml";"";"";"";"hors médicament";"haute"
"MAUBOUSSIN X POUR HOMME FL/100ML";"40000";"Cosmétique / dermo";"";"100ml";"";"";"";"hors médicament";"haute"
"MAXCOLD COMP B/20";"2500";"Médicament";"Paracetamol + Phenylephrine + Chlorpheniramine";"";"Comprimé";"ST";"Antigrippal";"même marque dans la base PHARMACORP";"moyenne"
"MAXICLAV 100/12,5MG ENF PDR SUSP BUV60ML";"4630";"Médicament";"Amoxicilline + Acide clavulanique";"100/12,5mg";"Suspension buvable";"Liste I";"Antibiotique Antibacterien (Penicillines)";"même marque dans la base PHARMACORP";"moyenne"
"MAXICLAV 100/12,5MG NN PDR SUSP BUV30ML";"2610";"Médicament";"Amoxicilline + Acide clavulanique";"100/12,5mg";"Suspension buvable";"Liste I";"Antibiotique Antibacterien (Penicillines)";"même marque dans la base PHARMACORP";"moyenne"
"MAXICLAV 1G/125MG SACHET B/16";"7500";"Médicament";"Amoxicilline + Acide clavulanique";"1g/125mg";"Poudre / sachet";"Liste I";"Antibiotique Antibacterien (Penicillines)";"même marque dans la base PHARMACORP";"moyenne"
"MAXICLAV 500/62,5MG SACHET B/16";"4785";"Médicament";"Amoxicilline + Acide clavulanique";"500/62,5mg";"Poudre / sachet";"Liste I";"Antibiotique Antibacterien (Penicillines)";"même marque dans la base PHARMACORP";"moyenne"
"MAXIDROL COLL FL/3ML";"2065";"Médicament";"Dexamethasone + Neomycine sulfate + Polymyxine B sulfate";"3ml";"Collyre";"Liste I";"Antiinflammatoire steroidien, Antibiotique";"même marque dans la base PHARMACORP";"moyenne"
"MAXIDROL POM OPHT T/3,5G";"1900";"Médicament";"Dexamethasone + Neomycine sulfate + Polymyxine B sulfate";"3,5g";"Crème / pommade";"Liste I";"Antiinflammatoire steroidien, Antibiotique";"même marque dans la base PHARMACORP";"moyenne"
"MAXILASE 200U/ML SP F/125ML";"2565";"Médicament";"Alpha amylase";"125ml";"Sirop";"ST";"Antiinflammatoire du systeme respiratoire";"même marque dans la base PHARMACORP";"moyenne"
"MAXIM 400MG CPR B/5";"9015";"Médicament";"Moxifloxacine";"400mg";"Comprimé";"Liste I";"Antibiotique Antibacterien (Fluoroquinolone)";"base PHARMACORP";"haute"
"MAXIM 400MG CPR B/7";"12465";"Médicament";"Moxifloxacine";"400mg";"Comprimé";"Liste I";"Antibiotique Antibacterien (Fluoroquinolone)";"base PHARMACORP";"haute"
"MAXIMAG AMP BUV B/30";"4980";"Médicament";"Magnesium pidolate";"1,5g";"Injectable";"ST";"Supplement magnesique";"base PHARMACORP";"haute"
"MAXMOIST SOL OPHTALM FL.10ML";"3815";"";"";"10ml";"";"";"";"non identifié";"à vérifier"
"MEBENDAZOLE UBI 100MG";"2600";"Médicament";"Mebendazole";"100mg";"";"";"";"DCI citée dans la désignation";"moyenne"
"MEBENDAZOLE UBI 100MG CPR BL 6 DETAIL";"260";"Médicament";"Mebendazole";"100mg";"Comprimé";"";"";"DCI citée dans la désignation";"moyenne"
"MEBENDAZOLE UBI 100MG/5ML PDRE SUSP/30ML";"1040";"Médicament";"Mebendazole";"100mg/5ml";"Suspension buvable";"";"";"DCI citée dans la désignation";"moyenne"
"MECLON 500MG/100MG OVULES VAG B/10";"4855";"Médicament";"Metronidazole + clotrimazole";"500mg/100mg";"Ovule";"Liste I";"Antifongique, Antiinfectieux";"même marque dans la base PHARMACORP";"moyenne"
"MEDICAID TEST GROSSESSE B/1";"1925";"Dispositif médical / consommable";"";"";"";"";"";"hors médicament";"haute"
"MEDICAINE 2% SUSP INJ CAPS/1,8ML B/50";"23540";"Médicament";"Mepivacaïne";"2%";"Injectable";"Liste I";"Anesthesique local dentaire";"même marque dans la base PHARMACORP";"moyenne"
"MEDICAINE 2% SUSP INJ CAPS/1,8ML DETAIL/1";"500";"Médicament";"Mepivacaïne";"2%";"Injectable";"Liste I";"Anesthesique local dentaire";"même marque dans la base PHARMACORP";"moyenne"
"MEDICOLD RELIEF SP F/100ML";"2775";"Médicament";"Paracetamol + Phenylephrine + cetirizine";"125mg/2,5mg/5mg";"Autre";"ST";"antigrippal";"base PHARMACORP";"haute"
"MEDIX 55 VIT C SERUM FL/52ML";"15000";"Cosmétique / dermo";"";"52ml";"";"";"";"hors médicament";"haute"
"MEDIX 55 VIT C+CURCUMA LAIT 444ML";"35000";"Cosmétique / dermo";"";"444ml";"";"";"";"hors médicament";"haute"
"MEDOMOX 250MG/5ML F/60ML";"1385";"Médicament";"Amoxicilline";"250mg/5ml";"";"Liste I";"Antibiotique Antibacterien (Penicillines)";"même marque dans la base PHARMACORP";"moyenne"
"MEDOMOX 500 MG GELULE B/500";"34665";"Médicament";"Amoxicilline";"500mg";"Gélule";"Liste I";"Antibiotique Antibacterien (Penicillines)";"même marque dans la base PHARMACORP";"moyenne"
"MEDOMOX 500MG GEL B/12";"1385";"Médicament";"Amoxicilline";"500mg";"Crème / pommade / gel";"Liste I";"Antibiotique Antibacterien (Penicillines)";"base PHARMACORP";"haute"
"MEDOMOX 500MG GELULE DETAIL/10";"700";"Médicament";"Amoxicilline";"500mg";"Gélule";"Liste I";"Antibiotique Antibacterien (Penicillines)";"même marque dans la base PHARMACORP";"moyenne"
"MEDROL 16MG CP B/20";"5255";"Médicament";"Methylprednisolone";"16mg";"Comprimé";"Liste I";"Antiinflammatoire steroidien";"même marque dans la base PHARMACORP";"moyenne"
"MEDROL 4MG CP B/30";"2730";"Médicament";"Methylprednisolone";"4mg";"Comprimé";"Liste I";"Antiinflammatoire steroidien";"base PHARMACORP";"haute"
"MEDZAR 50MG CPR B/28";"8325";"Médicament";"Losartan potassium";"50mg";"Comprimé";"Liste I";"Antihypertenseur (ARAII)";"base PHARMACORP";"haute"
"MEDZAR FORT 100MG CPR PELL SEC B/28";"9440";"Médicament";"Losartan potassium";"100mg";"Comprimé";"Liste I";"Antihypertenseur (ARAII)";"base PHARMACORP";"haute"
"MEFEN-D COMP.B/20";"2495";"Médicament";"Acide mefenamique + Dicyclomine chlorydrate";"";"Comprimé";"Liste II";"Antiinflammatoire non steroidien, Spasmolytique";"même marque dans la base PHARMACORP";"moyenne"
"MEGACID SUSP BUV F/200ML";"2205";"";"";"200ml";"Suspension buvable";"";"";"non identifié";"à vérifier"
"MEGAMYLASE 3000 CPR B/24";"4200";"Médicament";"Alpha amylase";"";"Comprimé";"ST";"Antiinflammatoire du systeme respiratoire";"même marque dans la base PHARMACORP";"moyenne"
"MEGAMYLASE ALPHA SP F/120ML";"2510";"Médicament";"Alpha amylase";"120ml";"Sirop";"ST";"Antiinflammatoire du systeme respiratoire";"même marque dans la base PHARMACORP";"moyenne"
"MEGASFON 150MG/150MG SUPPO B/8";"2010";"Médicament";"Phloroglucinol + Trimethylphloroglucinol";"150mg/150mg";"Suppositoire / ovule";"ST";"Antispasmodique (Musculotrope)";"base PHARMACORP";"haute"
"MEGASFON 80MG COMP.ORODISP.B/20";"2775";"Médicament";"Phloroglucinol";"80mg";"Comprimé";"";"";"identification manuelle (marque)";"moyenne"
"MEGLIMER 2MG/500MG CPR B/30";"5410";"Médicament";"Glimepiride + Metformine";"2mg/500mg";"Comprimé";"Liste I";"Antidiabetique (Biguanides + Sulfonylurées)";"base PHARMACORP";"haute"
"MEILUROXIME 100MG/5ML PDR SUSP BUV/60ML";"4300";"Médicament";"Cefixime";"100mg/5mL";"Sirop / solution buvable";"Liste I";"Antibiotique Antibacterien (Cephalosporines 3 generation)";"base PHARMACORP";"haute"
"MEILUROXIME 200MG CPR PELL B/10";"3575";"Médicament";"Cefixime";"200mg";"Comprimé";"Liste I";"Antibiotique Antibacterien (Cephalosporines 3 generation)";"base PHARMACORP";"haute"
"MELATONINE 1000MG COMP.B/30 3700221311646";"7680";"Médicament";"Melatonine";"1000mg";"Comprimé";"";"";"DCI citée dans la désignation";"moyenne"
"MELCEF 100MG/5ML PDRE SUSP BUV F/60ML";"6130";"Médicament";"Cefixime";"100mg/5mL";"Sirop / solution buvable";"Liste I";"Antibiotique Antibacterien (Cephalosporines 3 generation)";"base PHARMACORP";"haute"
"MELCEF 200MG CPR PELL B/12";"6765";"Médicament";"Cefixime";"200mg";"Comprimé";"Liste I";"Antibiotique Antibacterien (Cephalosporines 3 generation)";"base PHARMACORP";"haute"
"MELCEF 400MG CPR DISP SEC B/6";"6765";"Médicament";"Cefixime";"400mg";"Comprimé";"Liste I";"Antibiotique Antibacterien (Cephalosporines 3 generation)";"base PHARMACORP";"haute"
"MELEX 1MG CPR B/30";"7570";"Médicament";"Mexazolam";"1mg";"Comprimé";"Liste I";"Anxiolytique (BZD)";"même marque dans la base PHARMACORP";"moyenne"
"MELONAX 15MG CPR B/10";"5920";"Médicament";"Meloxicam";"15mg";"Comprimé";"Liste II";"Antiinflammatoire non steroidien";"même marque dans la base PHARMACORP";"moyenne"
"MELONAX 7,5MG CPR B/10";"3385";"Médicament";"Meloxicam";"7,5mg";"Comprimé";"Liste II";"Antiinflammatoire non steroidien";"même marque dans la base PHARMACORP";"moyenne"
"MELPRO 100MG/5ML PDRE SUSP F/60ML";"5490";"Médicament";"Cefpodoxime proxetil";"100mg/5mL";"Sirop / solution buvable";"Liste I";"Antibacterien, Antiinfectieux, Antibacterien (Cephalosporines 3 generation)";"base PHARMACORP";"haute"
"MELPRO 200MG CPR DISP B/10";"6335";"Médicament";"Cefpodoxime proxetil";"200mg";"Comprimé";"Liste I";"Antibacterien, Antiinfectieux, Antibacterien (Cephalosporines 3 generation)";"base PHARMACORP";"haute"
"MELROX 125MG/5ML PDRE SUSP BUV F/60ML";"6240";"Médicament";"Cefuroxime";"125mg/5mL";"Sirop / solution buvable";"Liste I";"Antibacterien (Cephalosporines 2 generation), Antibiotique";"base PHARMACORP";"haute"
"MELROX 500MG CPR PELL SEC B/10";"6380";"Médicament";"Cefuroxime";"500mg";"Comprimé";"Liste I";"Antibacterien (Cephalosporines 2 generation), Antibiotique";"base PHARMACORP";"haute"
"MEN BOOSTER GEL D ERECTION F/60ML";"14355";"Cosmétique / dermo";"";"60ml";"Gel";"";"";"hors médicament";"haute"
"MEN EXPERT DEO MAGNESIUM 150ML";"3300";"Cosmétique / dermo";"";"150ml";"";"";"";"hors médicament";"haute"
"MEN EXPERT DERMA CONTROL CREM ANTI HYDRAT";"8775";"Cosmétique / dermo";"";"";"";"";"";"hors médicament";"haute"
"MEN EXPERT DERMA CONTROL CREM ANTI IMPERF";"8775";"Cosmétique / dermo";"";"";"Injectable";"";"";"hors médicament";"haute"
"MEN EXPERT DERMA CONTROL SERUM ANTI";"8775";"Cosmétique / dermo";"";"";"";"";"";"hors médicament";"haute"
"MEN EXPERT GEL DOUCH BLACK MINERAL 300ML";"3300";"Cosmétique / dermo";"";"300ml";"Gel";"";"";"hors médicament";"haute"
"MEN EXPERT GEL DOUCH MAGNESIUM DEFE 300ML";"3300";"Cosmétique / dermo";"";"300ml";"Gel";"";"";"hors médicament";"haute"
"MEN EXPERT PURE CARBON GEL DOUCH 300ML 3600523717163";"3300";"Cosmétique / dermo";"";"300ml";"Gel";"";"";"hors médicament";"haute"
"MEN EXPERT ROLL'ON MAGNESIUM 50ML";"3300";"Cosmétique / dermo";"";"50ml";"";"";"";"hors médicament";"haute"
"MEN EXPERT STOP STRESS GEL DOUCH 300ML";"3300";"Cosmétique / dermo";"";"300ml";"Gel";"";"";"hors médicament";"haute"
"MENACTRA 1FL 1DOSE 3401081689578";"42255";"Médicament";"Vaccin meningococcique";"";"";"";"";"identification manuelle (marque)";"moyenne"
"MENTHOLATUM DEEP HEAT 35G 3401020100140";"3415";"Médicament";"Menthol + Salicylate de methyle";"35g";"";"";"";"identification manuelle (marque)";"à vérifier"
"MENTHOLATUM DEEP HEAT 67G";"4125";"Médicament";"Menthol + Salicylate de methyle";"67g";"";"";"";"identification manuelle (marque)";"à vérifier"
"MEPACOLON 200MG LP CPR B/20";"2330";"Médicament";"Mebeverine chlorhydrate";"200mg";"Comprimé";"Liste II";"Antispasmodique (Musculotrope)";"base PHARMACORP";"haute"
"MEPAFLOXIN 750MG CPR B/5";"6255";"Médicament";"Levofloxacine";"750mg";"Comprimé";"Liste I";"Antibacterien (Quinolone 2 generation), Antibiotique";"base PHARMACORP";"haute"
"MERCUR INHALER TAMPON MENTHOL";"3750";"";"";"";"Injectable";"";"";"non identifié";"à vérifier"
"MEROCLASS 0,5G INJ B/1";"6935";"Médicament";"Meropenem";"0,5g";"Injectable";"Liste I";"Antibiotique antiinfectieux (carbapenemes)";"même marque dans la base PHARMACORP";"moyenne"
"MEROCLASS 1G INJ B/1";"12480";"Médicament";"Meropenem";"1g";"Injectable";"Liste I";"Antibiotique antiinfectieux (carbapenemes)";"même marque dans la base PHARMACORP";"moyenne"
"MEROMEX 1G INJ F/30ML";"14175";"Médicament";"Meropenem";"1g";"Injectable";"Liste I";"Antibiotique antiinfectieux (carbapenemes)";"même marque dans la base PHARMACORP";"moyenne"
"MERONIA 1000MG/20ML VIAL B/1";"15945";"Médicament";"Meropenem";"1000mg/20ml";"";"Liste I";"Antibiotique antiinfectieux (carbapenemes)";"même marque dans la base PHARMACORP";"moyenne"
"MERONIA 500MG/20ML F/20ML";"9705";"Médicament";"Meropenem";"500mg/20ml";"";"Liste I";"Antibiotique antiinfectieux (carbapenemes)";"même marque dans la base PHARMACORP";"moyenne"
"MEROTEC 1000MG SOL INJ B/1";"10055";"Médicament";"Meropenem";"1000mg";"Injectable";"Liste I";"Antibiotique antiinfectieux (carbapenemes)";"même marque dans la base PHARMACORP";"moyenne"
"MESPORIN 1G AMP INJ IV B/1";"5895";"Médicament";"Ceftriaxone";"1g";"Injectable";"Liste I";"Antibacterien (Cephalosporines 3 generation), Antibiotique";"même marque dans la base PHARMACORP";"moyenne"
"MESPORIN 2G AMP INJ IV B/1";"11090";"Médicament";"Ceftriaxone";"2g";"Injectable";"Liste I";"Antibacterien (Cephalosporines 3 generation), Antibiotique";"même marque dans la base PHARMACORP";"moyenne"
"MESURE IMC+POULS+TEMP+GRAISSE";"500";"Dispositif médical / consommable";"";"";"";"";"";"hors médicament";"haute"
"MESURE IMC+POULS+TEMP+GRAISSE+TENSION";"1000";"Dispositif médical / consommable";"";"";"";"";"";"hors médicament";"haute"
"MESURE TENSION";"500";"Dispositif médical / consommable";"";"";"";"";"";"hors médicament";"haute"
"METAREN 500MG CPR PELL B/20";"1470";"Médicament";"Metamizole sodique";"500mg";"Comprimé";"Liste I";"Analgesique, Antalgique";"base PHARMACORP";"haute"
"METEOSPASMYL CAPS B/20";"3300";"Médicament";"Alverine citrate + simeticone";"";"Gélule";"ST";"Antispasmodique, Antiflatulent (musculotrope)";"même marque dans la base PHARMACORP";"moyenne"
"METEOSPASMYL GELULE (F) B/20";"3375";"Médicament";"Alverine citrate + simeticone";"";"Gélule";"ST";"Antispasmodique, Antiflatulent (musculotrope)";"même marque dans la base PHARMACORP";"moyenne"
"METEOXANE GELU B/60";"3065";"Médicament";"Phloroglucinol + simeticone";"80mg/125mg";"Autre";"ST";"Antispasmodique, Antiflatulent (musculotrope)";"base PHARMACORP";"haute"
"METEX 500MG CPR LIB PROLONG B/100";"11090";"Médicament";"Metformine chlorhydrate";"500mg";"Comprimé";"Liste I";"Antidiabetique (Biguanides)";"base PHARMACORP";"haute"
"METEX-G FORTE 500/2MG CPR B/10 DETAIL";"1950";"Médicament";"Metformine + Glimepiride";"500/2mg";"Comprimé";"";"";"identification manuelle (marque)";"à vérifier"
"METEX-G FORTE 500MG/2MG CPR B/100";"19410";"Médicament";"Metformine + Glimepiride";"500mg/2mg";"Comprimé";"Liste I";"Antidiabetique (Biguanides + Sulfonylurées)";"base PHARMACORP";"haute"
"METFIL 850MG COMP PELL B/100";"5200";"Médicament";"Metformine chlorhydrate";"850mg";"Comprimé";"Liste I";"Antidiabetique (Biguanides)";"même marque dans la base PHARMACORP";"moyenne"
"METFORAL 1G CPR B/30";"4229";"Médicament";"Metformine chlorhydrate";"1g";"Comprimé";"Liste I";"Antidiabetique (Biguanides)";"base PHARMACORP";"haute"
"METFORAL 850MG CPR PELL B/30";"3175";"Médicament";"Metformine chlorhydrate";"850mg";"Comprimé";"Liste I";"Antidiabetique (Biguanides)";"base PHARMACORP";"haute"
"METFORMIN BGR 1G CP B/90";"5410";"Médicament";"Metformine";"1g";"Comprimé";"";"";"DCI citée dans la désignation";"moyenne"
"METFORMIN DENK 1G CPR B/30";"3260";"Médicament";"Metformine";"1g";"Comprimé";"";"";"DCI citée dans la désignation";"moyenne"
"METFORMIN DENK 850MG B/30";"2705";"Médicament";"Metformine chlorhydrate";"850mg";"Autre";"Liste I";"Antidiabetique (Biguanides)";"base PHARMACORP";"haute"
"METFORMIN DENK 850MG CPR PL/15 DETAIL";"1160";"Médicament";"Metformine";"850mg";"Comprimé";"";"";"DCI citée dans la désignation";"moyenne"
"METFORMIN DENK 850MG CPR/120 BL";"9290";"Médicament";"Metformine";"850mg";"Comprimé";"";"";"DCI citée dans la désignation";"moyenne"
"METFORMIN GH LP 500MG COMP B/100";"2955";"Médicament";"Metformine";"500mg";"Comprimé";"";"";"DCI citée dans la désignation";"moyenne"
"METFORMINE BGR 1G CP B/30";"2110";"Médicament";"Metformine";"1g";"Comprimé";"";"";"DCI citée dans la désignation";"moyenne"
"METFORMINE BGR 500MG COMP B/90";"2495";"Médicament";"Metformine";"500mg";"Comprimé";"";"";"DCI citée dans la désignation";"moyenne"
"METFORMINE BGR 500MG CPR B/30";"875";"Médicament";"Metformine";"500mg";"Comprimé";"";"";"DCI citée dans la désignation";"moyenne"
"METFORMINE BGR 850MG COMP B/90 3400939718101";"4715";"Médicament";"Metformine";"850mg";"Comprimé";"";"";"DCI citée dans la désignation";"moyenne"
"METFORMINE BGR 850MG CPR B/30";"1805";"Médicament";"Metformine";"850mg";"Comprimé";"";"";"DCI citée dans la désignation";"moyenne"
"METFORMINE GH LP 1000MG COMP B/100";"8320";"Médicament";"Metformine";"1000mg";"Comprimé";"";"";"DCI citée dans la désignation";"moyenne"
"METHERGIN AMP INJ 1ML BT 3";"1635";"Médicament";"Methylergometrine maleate";"1ml";"Injectable";"Liste I";"Antihemorragique, Uterotonique";"même marque dans la base PHARMACORP";"moyenne"
"METMIN SR 1G CPR B/30";"2910";"Médicament";"Metformine chlorhydrate";"1g";"Comprimé";"Liste I";"Antidiabetique (Biguanides)";"base PHARMACORP";"haute"
"METMIN SR 500MG CPR B/30";"1315";"Médicament";"Metformine chlorhydrate";"500mg";"Comprimé";"Liste I";"Antidiabetique (Biguanides)";"base PHARMACORP";"haute"
"METMIN SR 850MG CPR B/30";"2635";"Médicament";"Metformine chlorhydrate";"850mg";"Comprimé";"Liste I";"Antidiabetique (Biguanides)";"base PHARMACORP";"haute"
"METNIZOLE 500MG/100ML PERFUSION B/1";"1110";"Médicament";"Metamizole sodique";"500mg/100ml";"Injectable";"Liste I";"Analgesique, Antalgique";"même marque dans la base PHARMACORP";"moyenne"
"METROLEX-F 400/100MG CPR B/21";"4160";"Médicament";"Metronidazole + Furazolidone";"400mg/100mg";"Comprimé";"Liste I";"Antibacterien, Antiparasitaire (Nitro imidazoles)";"base PHARMACORP";"haute"
"METROLEX-F JR 150/30MG SP F/100ML";"2080";"Médicament";"Metronidazole + Furazolidone";"150mg/30mg";"Autre";"Liste I";"Antibacterien, Antiparasitaire (Nitro imidazoles)";"base PHARMACORP";"haute"
"METRONEX 500MG SOL INJ PERF FL/100ML";"1805";"Médicament";"Metronidazole";"500mg";"Injectable";"Liste I";"Antiparasitaire (Nitro imidazoles), Antibiotique Antibacterien";"même marque dans la base PHARMACORP";"moyenne"
"METRONIDAZOL PROTAB QT 500MG COMP/DETAIL";"450";"Médicament";"Metronidazole";"500mg";"Comprimé";"";"";"DCI citée dans la désignation";"moyenne"
"METRONIDAZOL QT 125MG/5ML SUSP BUV 100ML";"1205";"Médicament";"Metronidazole";"125mg/5ml";"Suspension buvable";"";"";"DCI citée dans la désignation";"moyenne"
"METRONIDAZOLE 500MG CPR B/20";"2550";"Médicament";"Metronidazole";"500mg";"Comprimé";"Liste I";"Antiparasitaire (Nitro imidazoles), Antibiotique Antibacterien";"base PHARMACORP";"haute"
"METRONIDAZOLE CREAT 500MG COMP B/100";"6170";"Médicament";"Metronidazole";"500mg";"Comprimé";"";"";"DCI citée dans la désignation";"moyenne"
"METRONIDAZOLE CREAT 500MG COMP DETAIL";"625";"Médicament";"Metronidazole";"500mg";"Comprimé";"";"";"DCI citée dans la désignation";"moyenne"
"METRONIDAZOLE LOXAMED 500MG/100MG PERF";"1285";"Médicament";"Metronidazole";"500mg/100mg";"Injectable";"";"";"DCI citée dans la désignation";"moyenne"
"METRONIDAZOLE QT 500MG COMP B/50X10";"22560";"Médicament";"Metronidazole";"500mg";"Comprimé";"";"";"DCI citée dans la désignation";"moyenne"
"METRONIDAZOLE UBI 125MG/55ML F/100ML";"765";"Médicament";"Metronidazole";"125mg/55ml";"";"";"";"DCI citée dans la désignation";"moyenne"
"METRONIDAZOLE UBI 250MG CPR 100 BL 10";"16640";"Médicament";"Metronidazole";"250mg";"Comprimé";"";"";"DCI citée dans la désignation";"moyenne"
"METRONIDAZOLE UBI 250MG CPR BL 10 DETAIL";"190";"Médicament";"Metronidazole";"250mg";"Comprimé";"";"";"DCI citée dans la désignation";"moyenne"
"METRONIDAZOLE UBI 500MG SOL INJ F/100ML";"1285";"Médicament";"Metronidazole";"500mg";"Injectable";"Liste I";"Antiparasitaire (Nitro imidazoles), Antibiotique Antibacterien";"base PHARMACORP";"haute"
"MICARDIS 80MG COMP B/30";"6710";"Médicament";"Telmisartan";"80mg";"Comprimé";"Liste I";"Antihypertenseur (ARAII)";"même marque dans la base PHARMACORP";"moyenne"
"MICARDIS PLUS 80MG/12.5MG COMP/B/30";"6710";"Médicament";"Telmisartan";"80mg/12.5mg";"Comprimé";"Liste I";"Antihypertenseur (ARAII)";"même marque dans la base PHARMACORP";"moyenne"
"MICARDISPLUS 80MG/25MG CPR B/30";"6655";"Médicament";"Telmisartan + Hydrochlorothiazide";"80mg/25mg";"Comprimé";"Liste I";"Antihypertenseur (ARAII + DT)";"base PHARMACORP";"haute"
"MICAZOLE GEL ORAL T/20G";"2360";"Médicament";"Miconazole";"2 %";"Crème / pommade / gel";"Liste I";"Antifongique, Antimycosique, Antiseptique";"base PHARMACORP";"haute"
"MICEFUNA 500MG COMP B/10";"5270";"Médicament";"Cefuroxime";"500mg";"Comprimé";"Liste I";"Antibacterien (Cephalosporines 2 generation), Antibiotique";"même marque dans la base PHARMACORP";"moyenne"
"MICORA 2% GEL BUCCALE T/15G";"2290";"Médicament";"Miconazole";"2%";"Gélule";"Liste I";"Antifongique, Antimycosique, Antiseptique";"même marque dans la base PHARMACORP";"moyenne"
"MICOZAL 2% CR T/15G";"1985";"Médicament";"Ketoconazole";"2%";"Crème / pommade";"Liste I";"Antifongique, Antimycosique";"même marque dans la base PHARMACORP";"moyenne"
"MICROLAX AD GEL RECT UNID5ML/4";"7210";"Médicament";"Sorbitol + Citrate de sodium + Laurilsulfoacetate de sodium";"4,4650 g/ 0,4500 g/0,0645 g";"Crème / pommade / gel";"ST";"Laxatif";"base PHARMACORP";"haute"
"MICROLAX AD T/CAN 5ML B/12";"14270";"Médicament";"Sorbitol + Citrate de sodium + Laurilsulfoacetate de sodium";"5ml";"";"ST";"Laxatif";"même marque dans la base PHARMACORP";"moyenne"
"MICROLAX BB RECT UNID3ML/4";"8250";"Médicament";"Sorbitol + Citrate de sodium + Laurilsulfoacetate de sodium";"3ml";"";"ST";"Laxatif";"même marque dans la base PHARMACORP";"moyenne"
"MICROPERF STER 6/10 23G B/100";"17510";"Dispositif médical / consommable";"";"23g";"Injectable";"";"";"hors médicament";"haute"
"MICROPERFUSEUR 5/10 25G";"300";"Dispositif médical / consommable";"";"25g";"Injectable";"";"";"hors médicament";"haute"
"MICROPERFUSEUR 6/10 23G";"300";"Dispositif médical / consommable";"";"23g";"Injectable";"";"";"hors médicament";"haute"
"MICROPERFUSEUR 7/10 22G NOIR B/1";"300";"Dispositif médical / consommable";"";"22g";"Injectable";"";"";"hors médicament";"haute"
"MICROPERFUSEUR 8/10 21G VERT B/1";"300";"Dispositif médical / consommable";"";"21g";"Injectable";"";"";"hors médicament";"haute"
"MIFE CARE 200/200MG COMP B/5";"3810";"Médicament";"Mifepristone + Misoprostol";"200/200mg";"Comprimé";"";"";"identification manuelle (marque)";"moyenne"
"MIFE PACK DKT 200MG/200MCG COMP B/5";"5635";"Médicament";"Mifepristone + Misoprostol";"200mg/200mcg";"Comprimé";"";"";"identification manuelle (marque)";"moyenne"
"MIGRETIL 1MG/100MG/0,1MG/400MG CPR B/20";"2745";"Médicament";"Ergotamine tartrate + cafeine + alcaloides de belladone + paracetamol";"1mg/100mg";"Comprimé";"Liste I";"Antimigraineux";"même marque dans la base PHARMACORP";"moyenne"
"MINCEX GEL B/30";"6935";"Médicament";"Extraits de plantes";"multidosage";"Crème / pommade / gel";"ST";"phytotherapique";"base PHARMACORP";"haute"
"MINIDRIL CP PLAQ B/1X21";"1735";"Médicament";"Levonorgestrel + ethinylestradiol";"";"Comprimé";"Liste I";"Contraceptif oral";"même marque dans la base PHARMACORP";"moyenne"
"MINIDRIL CP PLAQ B/3X21";"4730";"Médicament";"Levonorgestrel + ethinylestradiol";"";"Comprimé";"Liste I";"Contraceptif oral";"même marque dans la base PHARMACORP";"moyenne"
"MINOXIDIL BAILLEUL 5% SOL APPL CUT F/60ML 3400936891203";"7230";"Médicament";"Minoxidil";"5%";"";"";"";"DCI citée dans la désignation";"moyenne"
"MINOXIDIL BAILLEUL2% SOL APPL CUT F/60ML";"5615";"Médicament";"Minoxidil";"2g";"Autre";"ST";"Alopécie androgénétique";"base PHARMACORP";"haute"
"MINOXIDIL COOPER 5% DETAIL";"8320";"Médicament";"Minoxidil";"5%";"";"";"";"DCI citée dans la désignation";"moyenne"
"MINOXIDIL COOPER 5% SOL EXT F/60ML B/3";"24960";"Médicament";"Minoxidil";"5 %";"Autre";"ST";"Alopécie androgénétique";"base PHARMACORP";"haute"
"MINOXIDIL CPF 2% 60ML COFFX3";"18855";"Médicament";"Minoxidil";"2%";"";"";"";"DCI citée dans la désignation";"moyenne"
"MINOXIDIL CPF 2% 60ML DETAIL";"6285";"Médicament";"Minoxidil";"2%";"";"";"";"DCI citée dans la désignation";"moyenne"
"MIOREL GE 4MG GELULE B/12";"3230";"Médicament";"Thiocolchicoside";"4mg";"Gélule";"Liste I";"Myorelaxant";"même marque dans la base PHARMACORP";"moyenne"
"MIOREL GE 4MG/2ML INJ B/5 23ME";"3620";"Médicament";"Thiocolchicoside";"4mg/2ml";"Injectable";"Liste I";"Myorelaxant";"même marque dans la base PHARMACORP";"moyenne"
"MIOREL GE 4MG/2ML INJ DETAIL";"725";"Médicament";"Thiocolchicoside";"4mg/2ml";"Injectable";"Liste I";"Myorelaxant";"même marque dans la base PHARMACORP";"moyenne"
"MIPANZOL IV 40MG B/1 AMP";"3330";"Médicament";"Pantoprazole";"40mg";"Injectable";"Liste II";"Antiulcereux (IPP)";"même marque dans la base PHARMACORP";"moyenne"
"MIPROGEN 200MG GELULE VAGIN B/30";"6240";"Médicament";"Progesterone";"200mg";"Gélule";"Liste I";"Progestatif";"même marque dans la base PHARMACORP";"moyenne"
"MISIQUIN 40MG/320MG CPR B/9";"3465";"Médicament";"Dihydroartemisinine + Piperaquine phosphate";"40mg/320mg";"Comprimé";"Liste I";"Antipaludique";"base PHARMACORP";"haute"
"MISO 200MCG BLISTER DETAIL B/4";"1500";"Médicament";"Misoprostol";"200mcg";"";"";"";"identification manuelle (marque)";"moyenne"
"MISOCARE 200MG COMP.B/4";"1500";"Médicament";"Misoprostol";"200mg";"Comprimé";"";"";"identification manuelle (marque)";"moyenne"
"MISOFAR CP VAGINAUX 200MG B/4";"6560";"Médicament";"Misoprostol";"200mg";"Comprimé";"Liste I";"Antihemorragique post partum";"même marque dans la base PHARMACORP";"moyenne"
"MISOPROSTOL TLG 200MCG COMP B/4";"1385";"Médicament";"Misoprostol";"200mcg";"Comprimé";"";"";"DCI citée dans la désignation";"moyenne"
"MIXA ANTI TEINT TERN VIT C+SQ GEL F/150ML";"6375";"Cosmétique / dermo";"";"150ml";"Gel";"";"";"hors médicament";"haute"
"MIXA BAUME LEVRE/NEZ CICA REPARATION 10ML";"3600";"Cosmétique / dermo";"";"10ml";"";"";"";"hors médicament";"haute"
"MIXA BAUME LEVRE/NEZ PANTHENOL CONF 10ML";"3600";"Cosmétique / dermo";"";"10ml";"";"";"";"hors médicament";"haute"
"MIXA BEBE LAIT TOIL TRES DOUX FL/300ML";"4500";"Cosmétique / dermo";"";"300ml";"";"";"";"hors médicament";"haute"
"MIXA CREM NIACIN 9% CORRECTIO ECLAT 400ML 3600551164458";"9500";"Cosmétique / dermo";"";"9%";"";"";"";"hors médicament";"haute"
"MIXA CREME ECLAT KARITE FL/400";"6800";"Cosmétique / dermo";"";"";"Crème / pommade";"";"";"hors médicament";"haute"
"MIXA DOUCEUR LAIT BEAUTE FL/250ML";"2500";"Cosmétique / dermo";"";"250ml";"";"";"";"hors médicament";"haute"
"MIXA ECLAT LAIT FL/250ML";"3000";"Cosmétique / dermo";"";"250ml";"";"";"";"hors médicament";"haute"
"MIXA EPS GB CREME CERAMIDE PROT B/400ML 3600551135786";"9000";"Cosmétique / dermo";"";"400ml";"Crème / pommade";"";"";"hors médicament";"haute"
"MIXA EPS GB CREME CICA REPARAT B/400ML 3600551135762";"9745";"Cosmétique / dermo";"";"400ml";"Crème / pommade";"";"";"hors médicament";"haute"
"MIXA EPS GB CREME PANTHENOL CONF B/400ML 3600551135779";"9000";"Cosmétique / dermo";"";"400ml";"Crème / pommade";"";"";"hors médicament";"haute"
"MIXA EPS GB LAIT CERAMIDE PROT FL/400ML 3600551135847";"9000";"Cosmétique / dermo";"";"400ml";"";"";"";"hors médicament";"haute"
"MIXA EPS GB LAIT CICA REPARAT FL/400ML 3600551135830";"9775";"Cosmétique / dermo";"";"400ml";"";"";"";"hors médicament";"haute"
"MIXA EPS GB LAIT PANTHENOL CONF FL/400ML 3600551135823";"9000";"Cosmétique / dermo";"";"400ml";"";"";"";"hors médicament";"haute"
"MIXA EPS HUILE ANTI VERGETURES 100ML 3600551163413";"11500";"Cosmétique / dermo";"";"100ml";"";"";"";"hors médicament";"haute"
"MIXA EPS LAIT ANTI-DESSECHEMENT F/250ML";"3500";"Cosmétique / dermo";"";"250ml";"";"";"";"hors médicament";"haute"
"MIXA EPS LAIT NIACINAM CORREC ECLAT 250ML 3600551164533";"6000";"Cosmétique / dermo";"";"250ml";"";"";"";"hors médicament";"haute"
"MIXA EPS LAIT REPAR KARITE FL/250ML";"3500";"Cosmétique / dermo";"";"250ml";"";"";"";"hors médicament";"haute"
"MIXA EPS LAIT REPARAT CORP FL/250ML";"3500";"Cosmétique / dermo";"";"250ml";"";"";"";"hors médicament";"haute"
"MIXA EPS PS GEL NETT CONF ANTI-TEIN 150ML 3600551158433";"6375";"Cosmétique / dermo";"";"150ml";"Gel";"";"";"hors médicament";"haute"
"MIXA EPS SATINANT BK LAIT FL/250ML";"4920";"Cosmétique / dermo";"";"250ml";"";"";"";"hors médicament";"haute"
"MIXA FRAICHEUR LAIT BEAUTE FL/250ML";"3000";"Cosmétique / dermo";"";"250ml";"";"";"";"hors médicament";"haute"
"MIXA GEL CONF ACIDE SALICYLIQ+SQUALANE";"6375";"Cosmétique / dermo";"";"";"Gel";"";"";"hors médicament";"haute"
"MIXA IPS LAIT CORPS REPARATEUR 300ML 3600551101224";"6500";"Cosmétique / dermo";"";"300ml";"";"";"";"hors médicament";"haute"
"MIXA LAIT BEAUTE 375ML";"4200";"Cosmétique / dermo";"";"375ml";"";"";"";"hors médicament";"haute"
"MIXA LAIT BEAUTE FL/250ML";"3000";"Cosmétique / dermo";"";"250ml";"";"";"";"hors médicament";"haute"
"MIXA LAIT BEAUTE HYDRATANT F/230ML";"3865";"Cosmétique / dermo";"";"230ml";"";"";"";"hors médicament";"haute"
"MIXA LAIT BEAUTE SATINANT ECLAT F/230ML";"3865";"Cosmétique / dermo";"";"230ml";"";"";"";"hors médicament";"haute"
"MIXA LAIT ECLAT 375ML";"4200";"Cosmétique / dermo";"";"375ml";"";"";"";"hors médicament";"haute"
"MIXA LAIT ECLAT FL/100ML";"1250";"Cosmétique / dermo";"";"100ml";"";"";"";"hors médicament";"haute"
"MIXA LAIT NUTRITION FL/250ML";"2500";"Cosmétique / dermo";"";"250ml";"";"";"";"hors médicament";"haute"
"MIXA LAIT SOLAIR SPF30+ SANS TRACES 200ML";"15000";"Cosmétique / dermo";"";"200ml";"";"";"";"hors médicament";"haute"
"MIXA POMMADE CICA REP 10 EN 1/150ML";"7000";"Cosmétique / dermo";"";"1/150ml";"Crème / pommade";"";"";"hors médicament";"haute"
"MIXA SERUM 30ML CONCEN ANTI IMPERFECTIONS";"8500";"Cosmétique / dermo";"";"30ml";"Injectable";"";"";"hors médicament";"haute"
"MIXA SERUM 30ML CONCENTRE REHYDRATANT";"8500";"Cosmétique / dermo";"";"30ml";"";"";"";"hors médicament";"haute"
"MIXA SERUM30ML CONCENTRE ANTI-TACHE";"9000";"Cosmétique / dermo";"";"30ml";"";"";"";"hors médicament";"haute"
"MIXA SPRAY SOLAIRE SPF50+ FL/200ML";"15000";"Cosmétique / dermo";"";"200ml";"Spray";"";"";"hors médicament";"haute"
"MIXOBACT 200MG/500MG CPR PELL B/10";"5285";"Médicament";"Ofloxacine + Ornidazole";"200mg/500mg";"Comprimé";"Liste I";"Antiparasitaire ( Nitro imidazoles + Quinolone 2 génération), Antibiotique Antibacterien";"base PHARMACORP";"haute"
"MIZOLGAN 500MG COMP B/20";"1250";"Médicament";"Metamizole sodique";"500mg";"Comprimé";"Liste I";"Analgesique, Antalgique";"même marque dans la base PHARMACORP";"moyenne"
"MIZOLGAN A.INJ 2,5G/5ML B/5";"2635";"Médicament";"Metamizole sodique";"2,5g/5ml";"Injectable";"Liste I";"Analgesique, Antalgique";"même marque dans la base PHARMACORP";"moyenne"
"MIZOLGAN INJ IM DETAIL 3401543480941";"530";"Médicament";"Metamizole sodique";"";"Injectable";"Liste I";"Analgesique, Antalgique";"même marque dans la base PHARMACORP";"moyenne"
"MKL BAUM STICK LEV BIO POMME 4G";"2245";"Cosmétique / dermo";"";"4g";"Crème / pommade";"";"";"hors médicament";"haute"
"MKL BAUME STICK LEV BIO A VERA 4G";"2245";"Cosmétique / dermo";"";"4g";"";"";"";"hors médicament";"haute"
"MKL BAUME STICK LEV BIO CERISE 4G";"2245";"Cosmétique / dermo";"";"4g";"";"";"";"hors médicament";"haute"
"MKL BAUME STICK LEV BIO CITRON 4G";"2245";"Cosmétique / dermo";"";"4g";"";"";"";"hors médicament";"haute"
"MKL BAUME STICK LEV BIO COCO 4G";"2245";"Cosmétique / dermo";"";"4g";"";"";"";"hors médicament";"haute"
"MKL BAUME STICK LEV BIO KARITE 4G";"2370";"Cosmétique / dermo";"";"4g";"";"";"";"hors médicament";"haute"
"MKL BAUME STICK LEV BIO MANGUE 4G";"2190";"Cosmétique / dermo";"";"4g";"";"";"";"hors médicament";"haute"
"MKL BAUME STICK LEV BIO NEUTRE 4G";"2245";"Cosmétique / dermo";"";"4g";"";"";"";"hors médicament";"haute"
"MKL BAUME STICK LEV BIO REP INTENSE 4G";"2370";"Cosmétique / dermo";"";"4g";"";"";"";"hors médicament";"haute"
"MKL CREME MAIN ABRICOT BIO 50ML";"2370";"Cosmétique / dermo";"";"50ml";"Crème / pommade";"";"";"hors médicament";"haute"
"MKL CREME MAIN ALOE VERA BIO 50ML";"2370";"Cosmétique / dermo";"";"50ml";"Crème / pommade";"";"";"hors médicament";"haute"
"MKL CREME MAIN COCO BIO 50ML";"2370";"Cosmétique / dermo";"";"50ml";"Crème / pommade";"";"";"hors médicament";"haute"
"MKL CREME MAIN FL ORANG BIO 50ML";"2370";"Cosmétique / dermo";"";"50ml";"Crème / pommade";"";"";"hors médicament";"haute"
"MKL CREME MAIN KARITE BIO 50ML";"2370";"Cosmétique / dermo";"";"50ml";"Crème / pommade";"";"";"hors médicament";"haute"
"MKL CREME MAIN REPAR INT BIO 50ML";"2370";"Cosmétique / dermo";"";"50ml";"Crème / pommade";"";"";"hors médicament";"haute"
"MKL GEL DCHE ARGAN BIO 1L";"8500";"Cosmétique / dermo";"";"";"Gel";"";"";"hors médicament";"haute"
"MKL GEL DCHE BEUR KARIT 1L";"6400";"Cosmétique / dermo";"";"";"Gel";"";"";"hors médicament";"haute"
"MKL GEL DCHE HLE MONOI 1L";"6400";"Cosmétique / dermo";"";"";"Gel";"";"";"hors médicament";"haute"
"MKL GEL DCHE LT ANESSE BIO 1L";"8350";"Cosmétique / dermo";"";"";"Gel";"";"";"hors médicament";"haute"
"MKL GREEN NAT SAVON NOIR 500ML";"6500";"Cosmétique / dermo";"";"500ml";"";"";"";"hors médicament";"haute"
"MKL LINGETTE BB B/56";"3390";"Cosmétique / dermo";"";"";"";"";"";"hors médicament";"haute"
"MKL LT NOUR OLI ARG HAMM 400ML";"11680";"Cosmétique / dermo";"";"400ml";"";"";"";"hors médicament";"haute"
"MKL SAV D'ALEP 200G";"3900";"Cosmétique / dermo";"";"200g";"";"";"";"hors médicament";"haute"
"MKL SAV MARS A. VERA 100G";"2100";"Cosmétique / dermo";"";"100g";"";"";"";"hors médicament";"haute"
"MKL SAV MARS ALG BRETA 100G";"2100";"Cosmétique / dermo";"";"100g";"";"";"";"hors médicament";"haute"
"MKL SAV MARS ANESS 100G";"2100";"Cosmétique / dermo";"";"100g";"";"";"";"hors médicament";"haute"
"MKL SAV MARS ARGAN 100G";"2100";"Cosmétique / dermo";"";"100g";"";"";"";"hors médicament";"haute"
"MKL SAV MARS COCO 100G";"2100";"Cosmétique / dermo";"";"100g";"";"";"";"hors médicament";"haute"
"MKL SAV MARS FL AGRUM 100G";"2100";"Cosmétique / dermo";"";"100g";"";"";"";"hors médicament";"haute"
"MKL SAV MARS LAVANDE 100G";"2100";"Cosmétique / dermo";"";"100g";"";"";"";"hors médicament";"haute"
"MKL SAV MARS MONOI 100G";"2095";"Cosmétique / dermo";"";"100g";"";"";"";"hors médicament";"haute"
"MKL SAV MARS PECHE 100G";"2100";"Cosmétique / dermo";"";"100g";"";"";"";"hors médicament";"haute"
"MKL SAV MARS VANIL 100G";"2100";"Cosmétique / dermo";"";"100g";"";"";"";"hors médicament";"haute"
"MKL SAV MARS VERVEIN 100G";"2100";"Cosmétique / dermo";"";"100g";"";"";"";"hors médicament";"haute"
"MO-FLOREN COLLYRE F/5ML";"3545";"Médicament";"Moxifloxacine";"5%";"Collyre / ORL";"Liste I";"Antibiotique Antibacterien (Fluoroquinolone)";"base PHARMACORP";"haute"
"MOBITIL 15MG CPR B/10";"4105";"Médicament";"Meloxicam";"15mg";"Comprimé";"Liste II";"Antiinflammatoire non steroidien";"même marque dans la base PHARMACORP";"moyenne"
"MODOPAR 100/25MG GELULES B/60";"9500";"Médicament";"Levodopa + Benserazide";"100/25mg";"Gélule";"Liste I";"Antiparkinsonien";"même marque dans la base PHARMACORP";"moyenne"
"MODOPAR 200/50MG GELULE B/60";"11660";"Médicament";"Levodopa + Benserazide";"200/50mg";"Gélule";"Liste I";"Antiparkinsonien";"même marque dans la base PHARMACORP";"moyenne"
"MODOPAR 50/12,5MG GEL/60";"3830";"Médicament";"Levodopa + Benserazide";"50/12,5mg";"Gélule";"Liste I";"Antiparkinsonien";"même marque dans la base PHARMACORP";"moyenne"
"MODOPAR LP 100/25MG GELULE B/60";"9500";"Médicament";"Levodopa + Benserazide";"100/25mg";"Gélule";"Liste I";"Antiparkinsonien";"même marque dans la base PHARMACORP";"moyenne"
"MODUCREN CP SEC B/30";"5270";"Médicament";"Amiloride + Hydrochlorothiazide + Timolol";"";"Comprimé";"Liste I";"Antihypertenseur (Betabloquant + Diuretique)";"même marque dans la base PHARMACORP";"moyenne"
"MOGADON 5MG CPR BT 20";"1070";"Médicament";"Nitrazepam";"5mg";"Comprimé";"Liste I";"Hypnotique";"base PHARMACORP";"haute"
"MOLGAM 200MG CPR B/20";"2980";"Médicament";"Acide tiaprofenique";"200mg";"Comprimé";"Liste II";"Antiinflammatoire non steroidien";"même marque dans la base PHARMACORP";"moyenne"
"MOMENTA CREME T/30G 3000000015100";"5545";"Médicament";"Mometasone furoate + Miconazole + Gentamicine";"30g";"Crème / pommade";"Liste I";"Antifongique, Antiprurigineux, Antibiotique";"même marque dans la base PHARMACORP";"moyenne"
"MOMEX 50MCG SUSP PULV NASALE DOSES/140";"9705";"Médicament";"Mometasone furoate";"50mcg";"Sirop / solution buvable";"Liste I";"Antiprurigineux, Decongestif nasal, vasoconstricteur";"base PHARMACORP";"haute"
"MOMRAZONE 0,1% CR T/30";"4160";"Médicament";"Mometasone furoate";"0,1%";"Crème / pommade / gel";"Liste I";"Antiprurigineux, Decongestif nasal, vasoconstricteur";"base PHARMACORP";"haute"
"MON SAVON AU LAIT PAIN 200G";"1000";"Cosmétique / dermo";"";"200g";"";"";"";"hors médicament";"haute"
"MON SAVON AU LAIT PAIN COFFRET 4X200G";"3850";"Cosmétique / dermo";"";"200g";"";"";"";"hors médicament";"haute"
"MONAAMI CPR B/20";"2080";"Médicament";"Acide mefenamique + Dicyclomine chlorydrate";"250mg/10mg";"Comprimé";"Liste II";"Antiinflammatoire non steroidien, Spasmolytique";"base PHARMACORP";"haute"
"MONAZOL OVULE B/1 3400934195211";"3730";"Médicament";"Sertaconazole";"";"Ovule";"Liste I";"Antifongique, Antimycosique";"même marque dans la base PHARMACORP";"moyenne"
"MONOBACT 1000/500MG PDR SUSP INJ AMP/10ML";"4295";"Médicament";"Ceftriaxone + Sulbactam";"1000/500mg";"Injectable";"Liste I";"Antibiotique Antibacterien (Cephalosporines 3 generation)";"même marque dans la base PHARMACORP";"moyenne"
"MONOPROST 50MCG/ML UNIDOSE 0,2ML B/30 (F)";"13685";"Médicament";"Latanoprost";"50mcg";"";"Liste I";"Antiglaucomateux";"même marque dans la base PHARMACORP";"moyenne"
"MONOPROST 50MCG/ML UNIDOSES 0,2ML B/30";"13685";"Médicament";"Latanoprost";"50mcg";"";"Liste I";"Antiglaucomateux";"même marque dans la base PHARMACORP";"moyenne"
"MONSIEUR GELULE B/10";"6935";"";"";"";"Gélule";"";"";"non identifié";"à vérifier"
"MONTA PLUS 5MG/10MG CPR B/10";"4230";"Médicament";"Levocetirizine + Montelukast";"5mg/10mg";"Comprimé";"Liste II";"Antiasthmatique, Antiallergique";"base PHARMACORP";"haute"
"MONTAS 10MG COMP PELL B/28";"13865";"Médicament";"Montelukast";"10mg";"Comprimé";"Liste II";"Antiallergique Antiasthmatique";"même marque dans la base PHARMACORP";"moyenne"
"MONTURES CONFORT B/1";"10000";"Dispositif médical / consommable";"";"";"";"";"";"hors médicament";"haute"
"MONTURES DE LECTURE B/1";"10000";"Dispositif médical / consommable";"";"";"";"";"";"hors médicament";"haute"
"MONTURES ESSENTIELLES B/1";"5000";"Dispositif médical / consommable";"";"";"";"";"";"hors médicament";"haute"
"MONTURES PREMIUM B/1";"55000";"Dispositif médical / consommable";"";"";"";"";"";"hors médicament";"haute"
"MONURIL 3G AD SACH B/1";"7070";"Médicament";"Fosfomycine trometamol";"3g";"Poudre / sachet";"Liste I";"Antibiotique urinaire";"même marque dans la base PHARMACORP";"moyenne"
"MOOV MASSAGE 0,42MG CR TOPIQUE T/40G";"2775";"Médicament";"Capsicum oleoresine";"0,42mg";"Crème / pommade / gel";"ST";"Antiinflammatoire";"base PHARMACORP";"haute"
"MOPRAL 20MG GELULE B/14";"3315";"Médicament";"Omeprazole";"20mg";"Gélule";"";"";"identification manuelle (marque)";"moyenne"
"MORPHINE REN HCL 10MG/1ML B/10";"9480";"Médicament";"Morphine";"10mg/1ml";"";"";"";"DCI citée dans la désignation";"moyenne"
"MORPHINE REN HCL 10MG/1ML DETAIL";"950";"Médicament";"Morphine";"10mg/1ml";"";"";"";"DCI citée dans la désignation";"moyenne"
"MOTILIUM 10MG CPR B/40";"3355";"Médicament";"Domperidone";"10mg";"Comprimé";"Liste II";"Antiemetique";"même marque dans la base PHARMACORP";"moyenne"
"MOTILIUM 1MG/ML SUSP BUV F/200ML";"2750";"Médicament";"Domperidone";"1mg";"Suspension buvable";"Liste II";"Antiemetique";"même marque dans la base PHARMACORP";"moyenne"
"MOUSTICARE SAVON ANTIMOUSTIQUE PAIN/100G";"3285";"Cosmétique / dermo";"";"100g";"";"";"";"hors médicament";"haute"
"MOUSTIDOSE ESSENCE CITRONNEL VAPO/30ML";"4625";"Cosmétique / dermo";"";"30ml";"";"";"";"hors médicament";"haute"
"MOUSTIDOSE LOT REPUL AD/125ML";"7115";"Cosmétique / dermo";"";"125ml";"";"";"";"hors médicament";"haute"
"MOUSTIDOSE LOT REPUL ZONE INFES SPR125ML";"7115";"Cosmétique / dermo";"";"125ml";"";"";"";"hors médicament";"haute"
"MOUSTIDOSE ZNE TRES INFEST+24M SPR 100ML";"7575";"Cosmétique / dermo";"";"100ml";"";"";"";"hors médicament";"haute"
"MOXICON 0,5% COLLYRE F/5ML";"2565";"Médicament";"Moxifloxacine";"0,5%";"Collyre / ORL";"Liste I";"Antibiotique Antibacterien (Fluoroquinolone)";"base PHARMACORP";"haute"
"MOXICON-DX 0,1%/0,5% COLLYRE F/5ML";"2775";"Médicament";"Moxifloxacine + Dexamethasone";"0,5%/0,1%";"Collyre / ORL";"Liste I";"Antiinflammatoire steroidien, Antibiotique Antibacterien (Fluoroquinolone)";"base PHARMACORP";"haute"
"MOXIFLOX 400MG CPR PELL B/5";"10815";"Médicament";"Moxifloxacine";"400mg";"Comprimé";"";"";"DCI citée dans la désignation";"moyenne"
"MOXIFLOXACINE SANDOZ 400MG B/5 (F)";"10815";"Médicament";"Moxifloxacine";"400mg";"";"";"";"DCI citée dans la désignation";"moyenne"
"MOXIFLOXACINE SANDOZ 400MG B/7 (F)";"15140";"Médicament";"Moxifloxacine";"400mg";"";"";"";"DCI citée dans la désignation";"moyenne"
"MOXILAND 1G/200MG PDR SOL INJ B/1";"2220";"Médicament";"Amoxicilline + Acide clavulanique";"1g/200mg";"Injectable";"Liste I";"Antibiotique Antibacterien (Penicillines)";"même marque dans la base PHARMACORP";"moyenne"
"MOXILAND 250/31,25MG PDRE SUSP BUV F/60ML";"3815";"Médicament";"Amoxicilline + Acide clavulanique";"250/31,25mg";"Suspension buvable";"Liste I";"Antibiotique Antibacterien (Penicillines)";"même marque dans la base PHARMACORP";"moyenne"
"MOXILAND 500/62,5MG PDRE SUSP BUV F60ML";"4505";"Médicament";"Amoxicilline + Acide clavulanique";"500mg/62,5mg";"Sirop / solution buvable";"Liste I";"Antibiotique Antibacterien (Penicillines)";"base PHARMACORP";"haute"
"MOXILAND 500/62,5MG PDRE SUSP BUV SACH/16";"5685";"Médicament";"Amoxicilline + Acide clavulanique";"500/62,5mg";"Suspension buvable";"Liste I";"Antibiotique Antibacterien (Penicillines)";"même marque dans la base PHARMACORP";"moyenne"
"MOXILAND B1G/125MG PDRE SUSP BUV SACH B16";"8320";"Médicament";"Amoxicilline + Acide clavulanique";"1g/125mg";"Suspension buvable";"Liste I";"Antibiotique Antibacterien (Penicillines)";"même marque dans la base PHARMACORP";"moyenne"
"MOXYDAR SACH BUV 20ML B/30";"3980";"Médicament";"Aluminium hydroxyde + Magnesium hydroxyde";"20ml";"Poudre / sachet";"";"";"identification manuelle (marque)";"moyenne"
"MOXYDAR SUSP 20ML DETAIL";"150";"Médicament";"Aluminium hydroxyde + Magnesium hydroxyde";"20ml";"Suspension buvable";"";"";"identification manuelle (marque)";"moyenne"
"MUCOCIL ENF SP F/125ML";"1025";"Médicament";"Carbocysteine";"125ml";"Sirop";"ST";"Antitussif, Expectorant";"même marque dans la base PHARMACORP";"moyenne"
"MUCODRENOL 6MG/ML SP F/200ML";"2275";"Médicament";"Ambroxol chlorhydrate";"6mg";"Sirop";"Liste I";"Fluidifiant bronchique";"même marque dans la base PHARMACORP";"moyenne"
"MUCOGYNE GEL VAGINAL T/40ML 3401571269686";"4950";"Médicament";"Acide hyaluronique";"40ml";"Gel";"ST";"Substitut lacrymal";"même marque dans la base PHARMACORP";"moyenne"
"MUCOMILT 2% SIROP F/120ML";"2220";"Médicament";"Carbocysteine";"2%";"Sirop";"ST";"Antitussif, Expectorant";"même marque dans la base PHARMACORP";"moyenne"
"MUCOMYST 200MG PDR SOL BUV SACH/18";"2620";"Médicament";"N acetylcysteine";"200mg";"Poudre / sachet";"ST";"Cicatrisant oculaire, Fluidifiant bronchique";"même marque dans la base PHARMACORP";"moyenne"
"MUCOSOL AD SIROP F/200ML 3700343040424";"2955";"Médicament";"Carbocysteine";"200ml";"Sirop";"ST";"Antitussif, Expectorant";"même marque dans la base PHARMACORP";"moyenne"
"MUCOSOL ENF 2% SP FL/200G";"2745";"Médicament";"Carbocysteine";"2%";"Sirop";"ST";"Antitussif, Expectorant";"même marque dans la base PHARMACORP";"moyenne"
"MUKESTAT 150 CP B/4";"2760";"Médicament";"Fluconazole";"";"Comprimé";"Liste I";"Antifongique, Antimycosique";"même marque dans la base PHARMACORP";"moyenne"
"MUKESTAT 200MG CPR PELL SEC B/10";"4020";"Médicament";"Fluconazole";"200mg";"Comprimé";"Liste I";"Antifongique, Antimycosique";"base PHARMACORP";"haute"
"MULTICAL PLUS 100 SACH B/10";"4090";"Médicament";"Vitamines + Mineraux";"multidosage";"Sachet / poudre";"ST";"Supplement vitaminique";"base PHARMACORP";"haute"
"MULTIGARD M FORTE GELULE B/30";"3050";"Médicament";"Vitamines + Acides amines";"";"Gélule";"ST";"Fortifiant";"même marque dans la base PHARMACORP";"moyenne"
"MULTIGARD SN INJ.F/200ML";"5685";"Médicament";"Vitamines + Acides amines";"200ml";"Injectable";"ST";"Fortifiant";"même marque dans la base PHARMACORP";"moyenne"
"MULTISORB 10X10 UNITE";"2080";"Dispositif médical / consommable";"";"";"";"";"";"hors médicament";"haute"
"MULTISORB PANS ABS 10CMX10CM B/50";"4620";"Dispositif médical / consommable";"";"";"";"";"";"hors médicament";"haute"
"MULTIVITAMINE MULTI-G CPR EFFEV T/20G";"3510";"Nutrition / complément";"Multivitamines";"20g";"Comprimé";"";"";"identification manuelle (marque)";"moyenne"
"MUSCOFLEX 4MG GEL B/20";"6240";"Médicament";"Thiocolchicoside";"4mg";"Crème / pommade / gel";"Liste I";"Myorelaxant";"base PHARMACORP";"haute"
"MUSCUREL 8MG GEL B/10";"4855";"Médicament";"Thiocolchicoside";"8mg";"Gélule";"Liste I";"Myorelaxant";"même marque dans la base PHARMACORP";"moyenne"
"MUSTEL BB LAIT HYDR CORPS FL/750ML";"16860";"Cosmétique / dermo";"";"750ml";"";"";"";"hors médicament";"haute"
"MUSTEL BB MUSTI EAU SOIN 50ML";"10100";"Cosmétique / dermo";"";"50ml";"";"";"";"hors médicament";"haute"
"MUSTEL LINGETTES NET BIO B/60";"7770";"Cosmétique / dermo";"";"";"";"";"";"hors médicament";"haute"
"MUSTELA BB 2EN1 GEL NETT CORP/CHE F/200ML";"6645";"Cosmétique / dermo";"";"1g";"Gel";"";"";"hors médicament";"haute"
"MUSTELA BB CR CHANGE 1 2 3 T/50ML";"5300";"Cosmétique / dermo";"";"50ml";"Crème / pommade";"";"";"hors médicament";"haute"
"MUSTELA BB HYDRA LAIT TOILETTE F/50ML";"13060";"Cosmétique / dermo";"";"50ml";"";"";"";"hors médicament";"haute"
"MUSTELA BB SAV SURGR COLD CREAM PAIN 100G";"4700";"Cosmétique / dermo";"";"100g";"";"";"";"hors médicament";"haute"
"MUSTELA CICA CREME REPAR 40ML";"8500";"Cosmétique / dermo";"";"40ml";"Crème / pommade";"";"";"hors médicament";"haute"
"MUSTELA CR SOIN DEMEL NOURR 200ML";"9000";"Cosmétique / dermo";"";"200ml";"Crème / pommade";"";"";"hors médicament";"haute"
"MUSTELA EAU NETTOYANTE FL/750ML";"17500";"Cosmétique / dermo";"";"750ml";"";"";"";"hors médicament";"haute"
"MUSTELA EAU RAFRAICH/COIFFANTE F/200ML";"6620";"Cosmétique / dermo";"";"200ml";"";"";"";"hors médicament";"haute"
"MUSTELA HUILE DE MASSAGE F/100ML";"9800";"Cosmétique / dermo";"";"100ml";"";"";"";"hors médicament";"haute"
"MUSTELA LINIMENT FL/750ML";"18000";"Cosmétique / dermo";"";"750ml";"";"";"";"hors médicament";"haute"
"MUSTELA LT SPF50+ 40ML SS TI02";"10000";"Cosmétique / dermo";"";"40ml";"Suspension buvable";"";"";"hors médicament";"haute"
"MUSTELA PA STELATO GEL LAVANT 500ML";"15000";"Cosmétique / dermo";"";"500ml";"Gel";"";"";"hors médicament";"haute"
"MUSTELA PA STELATO HUILE LAVANTE FL/500ML";"13500";"Cosmétique / dermo";"";"500ml";"";"";"";"hors médicament";"haute"
"MUSTELA PN BAIN MOUSSANT EVEIL FL/750ML";"14000";"Cosmétique / dermo";"";"750ml";"";"";"";"hors médicament";"haute"
"MUSTELA PN BB LAIT HYDRA CORPS FL/500ML";"15770";"Cosmétique / dermo";"";"500ml";"";"";"";"hors médicament";"haute"
"MUSTELA PN EAU DE SOIN 50ML";"11415";"Cosmétique / dermo";"";"50ml";"";"";"";"hors médicament";"haute"
"MUSTELA PN GEL LAVANT DOUX FL/500ML";"11000";"Cosmétique / dermo";"";"500ml";"Gel";"";"";"hors médicament";"haute"
"MUSTELA PN GEL LAVANT DOUX FL/750ML";"16375";"Cosmétique / dermo";"";"750ml";"Gel";"";"";"hors médicament";"haute"
"MUSTELA PN HYDRA CORPS F/750ML";"16860";"Cosmétique / dermo";"";"750ml";"";"";"";"hors médicament";"haute"
"MUSTELA PS HUILE LAVANTE FL/500ML";"13500";"Cosmétique / dermo";"";"500ml";"";"";"";"hors médicament";"haute"
"MUSTELA SHAMP CREME NOURRISANTE 200ML";"9000";"Cosmétique / dermo";"";"200ml";"Injectable";"";"";"hors médicament";"haute"
"MUSTELA SHAMP DOUX FL/500ML";"10500";"Cosmétique / dermo";"";"500ml";"Injectable";"";"";"hors médicament";"haute"
"MUSTELA STELATOPIA CREME BIO 300ML";"21500";"Cosmétique / dermo";"";"300ml";"Crème / pommade";"";"";"hors médicament";"haute"
"MUXOL SOLUTION BUV FL/180ML";"3330";"Médicament";"Ambroxol chlorhydrate";"180ml";"";"Liste I";"Fluidifiant bronchique";"même marque dans la base PHARMACORP";"moyenne"
"MVIANGOR MACA BOOST GUMMIES B/60";"10000";"Nutrition / complément";"";"";"";"";"";"hors médicament";"haute"
"MY BABY GEL LAVANT DOUX FL/365ML";"4950";"Cosmétique / dermo";"";"365ml";"Gel";"";"";"hors médicament";"haute"
"MY BABY HLE MASSAGE HAD FL/110ML";"3950";"Cosmétique / dermo";"";"110ml";"";"";"";"hors médicament";"haute"
"MY BABY TALC PROTECT";"3500";"Cosmétique / dermo";"";"";"";"";"";"hors médicament";"haute"
"MY BABY TALC PROTECTE APAISANT 500G";"5000";"Cosmétique / dermo";"";"500g";"";"";"";"hors médicament";"haute"
"MYCOAPAISYL 1% CREME T/30G 3400935176141";"10025";"";"";"1%";"Crème / pommade";"";"";"non identifié";"à vérifier"
"MYCOLEX 2% CR T/20G";"1180";"Médicament";"Miconazole";"2 %";"Crème / pommade / gel";"Liste I";"Antifongique, Antimycosique, Antiseptique";"base PHARMACORP";"haute"
"MYCOLEX-3 CREME DERMIQUE T/30G";"4160";"Médicament";"Miconazole";"2%";"Crème / pommade / gel";"Liste I";"Antifongique, Antimycosique, Antiseptique";"base PHARMACORP";"haute"
"MYCOSTATINE100 000UI/ML SUSP BUV FL/24ML";"2550";"Médicament";"Nystatine";"000ui";"Suspension buvable";"Liste I";"Antifongique, Antimycosique, Antibiotique";"même marque dans la base PHARMACORP";"moyenne"
"MYCOSTER 1% CREME (F) DERMIQ T/30G";"4130";"Médicament";"Ciclopiroxolamine";"1%";"Crème / pommade";"ST";"Antifongique, Antimycosique";"même marque dans la base PHARMACORP";"moyenne"
"MYCOSTER 1% CREME DERMQ T/30G";"4130";"Médicament";"Ciclopiroxolamine";"1%";"Crème / pommade";"ST";"Antifongique, Antimycosique";"même marque dans la base PHARMACORP";"moyenne"
"MYCOSTER 1% PDR F/30G";"4075";"Médicament";"Ciclopiroxolamine";"1%";"";"ST";"Antifongique, Antimycosique";"même marque dans la base PHARMACORP";"moyenne"
"MYCOSTER 8% S.EXT+PINCEAU F/3ML";"14030";"Médicament";"Ciclopiroxolamine";"8%";"";"ST";"Antifongique, Antimycosique";"même marque dans la base PHARMACORP";"moyenne"
"MYCOSTER SOL LOC F/30ML";"4075";"Médicament";"Ciclopiroxolamine";"30ml";"";"ST";"Antifongique, Antimycosique";"même marque dans la base PHARMACORP";"moyenne"
"MYCOVA 100MG CPR B/10";"2470";"";"";"100mg";"Comprimé";"";"";"non identifié";"à vérifier"
"MYCOXIB 90MG COMP B/30";"6240";"Médicament";"Etoricoxib";"90mg";"Comprimé";"Liste I";"Antiinflammatoire non steroidien";"même marque dans la base PHARMACORP";"moyenne"
"MYDRIATICUM 0,5% COLLY F/10ML";"2025";"Médicament";"Tropicamide";"0,5%";"Collyre";"Liste I";"Mydriatique";"même marque dans la base PHARMACORP";"moyenne"
"MYFIX 100MG/5ML PDRE SUSP BUV FL/60ML";"2775";"Médicament";"Cefixime";"100mg/5ml";"Suspension buvable";"Liste I";"Antibiotique Antibacterien (Cephalosporines 3 generation)";"même marque dans la base PHARMACORP";"moyenne"
"MYFIX 200MG CPR B/10";"5545";"Médicament";"Cefixime";"200mg";"Comprimé";"Liste I";"Antibiotique Antibacterien (Cephalosporines 3 generation)";"base PHARMACORP";"haute"
"MYGRIPPE 500MG/5MG COMP POCHETTE/4";"250";"Médicament";"Paracetamol + Phenylephrine chlorhydrate + Cafeine + Levocetirizine chlorhydrate";"500mg/5mg";"Comprimé";"ST";"antigrippal";"même marque dans la base PHARMACORP";"moyenne"
"MYGRIPPE 500MG/5MG/25/30MG CPR B/100";"6240";"Médicament";"Paracetamol + Phenylephrine chlorhydrate + Cafeine + Levocetirizine chlorhydrate";"500mg/5mg";"Comprimé";"ST";"antigrippal";"même marque dans la base PHARMACORP";"moyenne"
"MYGRIPPE COMP B/4";"250";"Médicament";"Paracetamol + Phenylephrine chlorhydrate + Cafeine + Levocetirizine chlorhydrate";"";"Comprimé";"ST";"antigrippal";"même marque dans la base PHARMACORP";"moyenne"
"MYNOCINE 100MG GELU B/15";"8640";"Médicament";"Minocycline";"100mg";"Gélule";"Liste I";"Antiinfectieux, Antibacterien (Cyclines)";"même marque dans la base PHARMACORP";"moyenne"
"MYNOCINE 100MG GELU B/15 (F)";"8640";"Médicament";"Minocycline";"100mg";"Gélule";"Liste I";"Antiinfectieux, Antibacterien (Cyclines)";"même marque dans la base PHARMACORP";"moyenne"
"MYOFEN CAPS B/30";"3465";"Médicament";"Chlorzoxazone + Ibuprofene";"";"Gélule";"Liste II";"Antiinflammatoire non steroidien, Relaxant musculaire";"même marque dans la base PHARMACORP";"moyenne"
"MYOXERIL 10MG CPR PELL B/20";"4020";"Médicament";"Cyclobenzaprine chlorhydrate";"10mg";"Comprimé";"Liste I";"Antiinflammatoire, Relaxant musculaire";"base PHARMACORP";"haute"
"N-T-TUS SP FL/100ML";"1805";"Médicament";"Reglisse + Curcuma + Basilique sacree";"100ml";"Sirop";"ST";"Antitussif";"même marque dans la base PHARMACORP";"moyenne"
"NAABAK 4,9% COLL FL/5ML";"6510";"Médicament";"Acide N acetyl aspartyl glutamique";"4,9%";"Collyre";"ST";"Antiallergique oculaire";"même marque dans la base PHARMACORP";"moyenne"
"NAABAK COLLYRE FL/10ML";"6510";"Médicament";"Acide N acetyl aspartyl glutamique";"10ml";"Collyre";"ST";"Antiallergique oculaire";"même marque dans la base PHARMACORP";"moyenne"
"NAAXIA COLLYRE FL/5ML";"3385";"Médicament";"Acide N acetyl aspartyl glutamique";"5ml";"Collyre";"ST";"Antiallergique oculaire";"même marque dans la base PHARMACORP";"moyenne"
"NACTALIA 1ER AGE 400G";"3740";"Nutrition / complément";"";"400g";"";"";"";"hors médicament";"haute"
"NACTALIA 2EME AGE 400G";"3865";"Nutrition / complément";"";"400g";"";"";"";"hors médicament";"haute"
"NACTALIA 3EME AGE 400G";"3875";"Nutrition / complément";"";"400g";"";"";"";"hors médicament";"haute"
"NACTALIA AR LAIT INFANT 400G";"4800";"Nutrition / complément";"";"400g";"";"";"";"hors médicament";"haute"
"NACTALIA CEREAL BLE FRUITS 200G";"1400";"Nutrition / complément";"";"200g";"";"";"";"hors médicament";"haute"
"NACTALIA CEREAL RIZ 200G";"1400";"Nutrition / complément";"";"200g";"";"";"";"hors médicament";"haute"
"NAN OPTIPRO 1AGE B/400G";"4410";"Nutrition / complément";"";"400g";"";"";"";"hors médicament";"haute"
"NAN OPTIPRO 2AGE B/400G";"4165";"Nutrition / complément";"";"400g";"";"";"";"hors médicament";"haute"
"NAN OPTIPRO 3AGE B/400G";"4410";"Nutrition / complément";"";"400g";"";"";"";"hors médicament";"haute"
"NAPROSYNE 1000MG COMP.B/8";"3940";"Médicament";"Naproxene";"1000mg";"Comprimé";"Liste II";"Antiinflammatoire non steroidien";"même marque dans la base PHARMACORP";"moyenne"
"NAPROSYNE 500MG CPR B/10";"3215";"Médicament";"Naproxene";"500mg";"Comprimé";"Liste II";"Antiinflammatoire non steroidien";"même marque dans la base PHARMACORP";"moyenne"
"NAPROZOL 500/20MG COMP B/40";"6935";"Médicament";"Naproxene + Esomeprazole";"500/20mg";"Comprimé";"Liste II";"Antiinflammatoire, Antiulcereux (IPP)";"même marque dans la base PHARMACORP";"moyenne"
"NAPROZOL 500/20MG COMP BLIST/8 DETAIL";"1400";"Médicament";"Naproxene + Esomeprazole";"500/20mg";"Comprimé";"Liste II";"Antiinflammatoire, Antiulcereux (IPP)";"même marque dans la base PHARMACORP";"moyenne"
"NARISOL 0,05% PED SPR NAS F/10ML";"1455";"Médicament";"Xylometazoline chlorhydrate";"0,05%";"Collyre / ORL";"Liste II";"Decongestif nasal";"base PHARMACORP";"haute"
"NARISOL 0,10% AD SPR NAS F/10ML";"1665";"Médicament";"Xylometazoline chlorhydrate";"0,1%";"Collyre / ORL";"Liste II";"Decongestif nasal";"base PHARMACORP";"haute"
"NARTA DEO FEMME 5 PROTECTION 200ML";"3300";"Cosmétique / dermo";"";"200ml";"";"";"";"hors médicament";"haute"
"NARTA DEO FEMME CLASSIQUE 200ML";"3300";"Cosmétique / dermo";"";"200ml";"";"";"";"hors médicament";"haute"
"NARTA DEO FEMME COLOGNE 200ML";"3300";"Cosmétique / dermo";"";"200ml";"";"";"";"hors médicament";"haute"
"NARTA DEO FEMME IMPECCABLE 200ML";"3300";"Cosmétique / dermo";"";"200ml";"";"";"";"hors médicament";"haute"
"NARTA DEO FEMME INVISIBLE 200ML";"3300";"Cosmétique / dermo";"";"200ml";"";"";"";"hors médicament";"haute"
"NARTA DEO FEMME INVISIMAX 200ML";"3300";"Cosmétique / dermo";"";"200ml";"";"";"";"hors médicament";"haute"
"NARTA DEO FEMME PEAU PARFAITE 200ML";"3300";"Cosmétique / dermo";"";"200ml";"";"";"";"hors médicament";"haute"
"NARTA DEO HOM 5 PROTECT ANTI-TRACE 200ML";"3300";"Cosmétique / dermo";"";"200ml";"";"";"";"hors médicament";"haute"
"NARTA DEO HOM PH CONTROL BACTIPUR 200ML";"3300";"Cosmétique / dermo";"";"200ml";"";"";"";"hors médicament";"haute"
"NARTA DEO HOMME INVISUMAX 48H F/200ML";"3300";"Cosmétique / dermo";"";"200ml";"";"";"";"hors médicament";"haute"
"NARTA DEO HOMME PIERRE ALUN 200ML";"3300";"Cosmétique / dermo";"";"200ml";"";"";"";"hors médicament";"haute"
"NARTA DEO HOMME POWE CARE 200ML";"3300";"Cosmétique / dermo";"";"200ml";"";"";"";"hors médicament";"haute"
"NARTA ROLL'ON 5 PROTECTIONS HOMME 50ML";"3000";"Cosmétique / dermo";"";"50ml";"";"";"";"hors médicament";"haute"
"NARTA ROLL'ON BIO EFFICACITE 50ML";"3000";"Cosmétique / dermo";"";"50ml";"";"";"";"hors médicament";"haute"
"NARTA ROLL'ON FEM EAU PARFAITE 48H";"3300";"Cosmétique / dermo";"";"";"";"";"";"hors médicament";"haute"
"NARTA ROLL'ON FEMME PH CONTROL 50ML";"3300";"Cosmétique / dermo";"";"50ml";"";"";"";"hors médicament";"haute"
"NARTA ROLL'ON POUDREE 50ML";"3000";"Cosmétique / dermo";"";"50ml";"Poudre / sachet";"";"";"hors médicament";"haute"
"NASAX 50MCG DOSES F/100";"5545";"Médicament";"Fluticasone propionate";"50mcg";"";"Liste I";"Antiinflammatoire steroidien, Decongestif nasal, Antiasthmatique (Glucocorticoide)";"même marque dans la base PHARMACORP";"moyenne"
"NASOALDO 50MCG F/140 DOSES";"6685";"Médicament";"Mometasone furoate";"50mcg";"";"Liste I";"Antiprurigineux, Decongestif nasal, vasoconstricteur";"même marque dans la base PHARMACORP";"moyenne"
"NASONEX 50MCG NAS 140DOSES FL/1";"12410";"Médicament";"Mometasone furoate";"50mcg";"";"Liste I";"Antiprurigineux, Decongestif nasal, vasoconstricteur";"même marque dans la base PHARMACORP";"moyenne"
"NASONEX 50MCG NAS 60 DOSES FL/1";"6765";"Médicament";"Mometasone furoate";"50mcg";"";"Liste I";"Antiprurigineux, Decongestif nasal, vasoconstricteur";"même marque dans la base PHARMACORP";"moyenne"
"NASONEX 50MCG PULV NAS 40DOSE";"6765";"Médicament";"Mometasone furoate";"50mcg";"";"Liste I";"Antiprurigineux, Decongestif nasal, vasoconstricteur";"même marque dans la base PHARMACORP";"moyenne"
"NASONEX 50MCG SUSP PULV NAS DOSE/120";"12410";"Médicament";"Mometasone furoate";"50mcg";"Suspension buvable";"Liste I";"Antiprurigineux, Decongestif nasal, vasoconstricteur";"même marque dans la base PHARMACORP";"moyenne"
"NATECAL D CPR B/60";"5410";"Médicament";"Calcium + Vit D3";"";"Comprimé";"ST";"Supplement calcique";"même marque dans la base PHARMACORP";"moyenne"
"NATISPRAY 0,15MG BUV FL200DOSE 3400932936984";"4230";"Médicament";"Trinitrine";"0,15mg";"Spray";"Liste I";"Antihypertenseur, Antiangoreux";"même marque dans la base PHARMACORP";"moyenne"
"NATISPRAY 0,30MG FL/300 DOSES";"6100";"Médicament";"Trinitrine";"0,30mg";"Injectable";"Liste I";"Antihypertenseur, Antiangoreux";"base PHARMACORP";"haute"
"NATRIXAM 1,5/10MG CPR B/30";"9015";"Médicament";"Indapamide + amlodipine";"1,5/10mg";"Comprimé";"Liste I";"Antihypertenseur (Diuretique + IC)";"même marque dans la base PHARMACORP";"moyenne"
"NATRIXAM 1,5/5MG CPR B/30";"7975";"Médicament";"Indapamide + amlodipine";"1,5/5mg";"Comprimé";"Liste I";"Antihypertenseur (Diuretique + IC)";"même marque dans la base PHARMACORP";"moyenne"
"NATURAL BEAUTY HLE OLIVE SAVON 250G";"7500";"Cosmétique / dermo";"";"250g";"";"";"";"hors médicament";"haute"
"NATUREX CITRON/GINGEM SACHET B/10";"4330";"Nutrition / complément";"";"";"Poudre / sachet";"";"";"hors médicament";"haute"
"NATUREX CREME ANTISEPTIQUE T/30G";"3750";"Nutrition / complément";"";"30g";"Crème / pommade";"";"";"hors médicament";"haute"
"NATUREX INHALATEUR/ROLL ON 2EN1 B/1";"2765";"Nutrition / complément";"";"";"";"";"";"hors médicament";"haute"
"NATUREX PAST BIO MENTHE DETAIL/1";"170";"Nutrition / complément";"";"";"";"";"";"hors médicament";"haute"
"NATUREX PAST BIO MENTHE POT/50";"8700";"Médicament";"Glycyrrhiza glabra + Emblica officinalis + Zingiber officinale + Mentha piperita + Curcuma longa";"100mg/50mg/10mg/7mg/5mg";"Autre";"ST";"Adoucissant de la gorge, Decongestif nasal";"base PHARMACORP";"haute"
"NATUREX PAST GINGEMBRE B/12";"2940";"Nutrition / complément";"";"";"";"";"";"hors médicament";"haute"
"NATUREX PAST MIEL B/12";"2935";"Nutrition / complément";"";"";"";"";"";"hors médicament";"haute"
"NATUREX PAST ORANGE B/12";"2945";"Nutrition / complément";"";"";"";"";"";"hors médicament";"haute"
"NATUREX PASTILLE MENTHE B/12";"2950";"Nutrition / complément";"";"";"";"";"";"hors médicament";"haute"
"NATUREX SP F/100ML";"1805";"Nutrition / complément";"";"100ml";"Sirop";"";"";"hors médicament";"haute"
"NATUREX SP MENTHE SACHET/10ML B/12";"5590";"Nutrition / complément";"";"10ml";"Sirop";"";"";"hors médicament";"haute"
"NATUREX SPRAY NASAL FL/20ML";"1665";"Nutrition / complément";"";"20ml";"Spray";"";"";"hors médicament";"haute"
"NATUREX SS SP F/100ML";"2080";"Médicament";"Extraits de plantes";"1,25mg/35mg/35mg/25mg/25mg/20mg/15mg/15mg/15mg/10mg/10mg/9mg/9mg/8mg/8mg/8mg/3mg/5mg";"Autre";"ST";"phytotherapique";"base PHARMACORP";"haute"
"NATUREX VAPORUB PDE POT/30G";"2950";"Médicament";"Camphre + Huile essentielle de terebenthine + Menthol + Huile essentielle d'eucalyptus + Thymol";"multidosage";"Autre";"ST";"Decongestionnant";"base PHARMACORP";"haute"
"NAUSELIB CPR B/36";"5210";"Médicament";"Extrait de gingembre standardise";"500mg";"Comprimé";"ST";"Complement alimentaire";"base PHARMACORP";"haute"
"NAUSELIUM 10MG CPR B/20";"2290";"Médicament";"Domperidone";"10mg";"Comprimé";"Liste II";"Antiemetique";"même marque dans la base PHARMACORP";"moyenne"
"NAUSELIUM 1MG/ML FL/200ML";"2290";"Médicament";"Domperidone";"1mg";"";"Liste II";"Antiemetique";"même marque dans la base PHARMACORP";"moyenne"
"NEALGYL 80MG COMP.DISP.B/10";"2290";"Médicament";"Phloroglucinol";"80mg";"Comprimé";"ST";"Antispasmodique (Musculotrope)";"même marque dans la base PHARMACORP";"moyenne"
"NEBAL 5MG/500UI POMMADE T/20";"1885";"Médicament";"Neomycine + Bacitracine";"5mg";"Crème / pommade";"";"";"identification manuelle (marque)";"moyenne"
"NEBIEM 2,5MG COMP B/30";"4160";"Médicament";"Nebivolol";"2,5mg";"Comprimé";"Liste I";"Antihypertenseur (Betabloquant)";"même marque dans la base PHARMACORP";"moyenne"
"NEBIEM 5MG COMP.B/30";"5545";"Médicament";"Nebivolol";"5mg";"Comprimé";"Liste I";"Antihypertenseur (Betabloquant)";"même marque dans la base PHARMACORP";"moyenne"
"NEBILONG 5MG COMP B/30 5415174010338";"4855";"Médicament";"Nebivolol";"5mg";"Comprimé";"";"";"identification manuelle (marque)";"moyenne"
"NEBILONG H 5MG/12,5MG CPR SEC B/30";"11450";"Médicament";"Nebivolol + Hydrochlorothiazide";"5mg/12.5mg";"Comprimé";"Liste I";"Antihypertenseur (Betabloquant + Diuretique)";"base PHARMACORP";"haute"
"NEBIVOLOL BGR 5MG COMP B/30 3400939740911";"5825";"Médicament";"Nebivolol";"5mg";"Comprimé";"";"";"DCI citée dans la désignation";"moyenne"
"NEBOLITOX 10MG/100MG/50MG GEL T/50G";"2080";"Médicament";"Nimesulide + Methyl salicylate + Menthol";"10mg/100mg";"Gel";"Liste II";"Antiinflammatoire, Antirhumatismal";"même marque dans la base PHARMACORP";"moyenne"
"NECIN-3 CR T/15G";"2635";"Médicament";"Polymyxine B sulfate + Neomycine sulfate + Bacitracine de Zinc";"5000UI/3400UI/400UI";"Crème / pommade / gel";"Liste I";"Antibacterien, Cicatrisant";"base PHARMACORP";"haute"
"NEEX GRIPE WATER F/200ML";"2080";"Médicament";"Pudina tel + Fenouil + Gingembre + Camomille + Huile d'aneth + Bicarbonate de sodium";"0,0002mL/0,0001mL/0,0001mL/0,0001mL/0,0001mL/45mg";"Autre";"ST";"Sedatif";"base PHARMACORP";"haute"
"NELOL 5MG COMP SEC B/30";"5545";"Médicament";"Nebivolol";"5mg";"Comprimé";"Liste I";"Antihypertenseur (Betabloquant)";"même marque dans la base PHARMACORP";"moyenne"
"NEMOZOLE 400MG COMP B/1";"830";"Médicament";"Albendazole";"400mg";"Comprimé";"Liste II";"Antiparasitaire, Antihelminthique";"même marque dans la base PHARMACORP";"moyenne"
"NEO-HYCOLEX COLLYRE F/5ML";"2495";"Médicament";"Hydrocortisone acetate + Neomycine sulfate + Benzalkonium chlorure";"1,5%/0,5%/0,02%";"Collyre / ORL";"Liste I";"Antibacterien, Antiinflammatoire steroidien";"base PHARMACORP";"haute"
"NEOCODION ADULTE SP FL/180ML";"2280";"Médicament";"Codeine + Grindelia + Sulfogaiacol";"180ml";"Sirop";"";"";"identification manuelle (marque)";"moyenne"
"NEOCODION BB SIROP FL 125ML";"1790";"Médicament";"Codeine + Grindelia + Sulfogaiacol";"125ml";"Sirop";"";"";"identification manuelle (marque)";"moyenne"
"NEOCODION CPR DRAG B/20";"1705";"Médicament";"Codeine + Grindelia + Sulfogaiacol";"";"Comprimé";"";"";"identification manuelle (marque)";"moyenne"
"NEODEX COLLYRE FL/5ML";"2675";"Médicament";"Dexamethasone + Neomycine";"5ml";"Collyre";"";"";"identification manuelle (marque)";"moyenne"
"NEOMDEXSOL COLL F/5ML";"1180";"Médicament";"Neomycine + Dexamethasone";"5ml";"Collyre";"";"";"identification manuelle (marque)";"moyenne"
"NEOMERCAZOLE 20MG COMP B/30";"4505";"Médicament";"Carbimazole";"20mg";"Comprimé";"ST";"Antithyroidien";"même marque dans la base PHARMACORP";"moyenne"
"NEOMERCAZOLE 5MG COMP.B/50";"3520";"Médicament";"Carbimazole";"5mg";"Comprimé";"ST";"Antithyroidien";"même marque dans la base PHARMACORP";"moyenne"
"NEOMEX PDRE SP 250MG F/60ML 3401021267514";"2220";"";"";"250mg";"Sirop";"";"";"non identifié";"à vérifier"
"NEOMOX 1G COMP B/14 4042809493160";"2775";"Médicament";"Amoxicilline";"1g";"Comprimé";"Liste I";"Antibiotique Antibacterien (Penicillines)";"même marque dans la base PHARMACORP";"moyenne"
"NEOPRED COLL F/5ML";"2705";"Médicament";"Prednisolone + neomycine";"5ml";"Collyre";"Liste I";"Antiinfectieux, Antiinflammatoire steroidien";"même marque dans la base PHARMACORP";"moyenne"
"NEOTISON 27,5MCG SOL NASAL DOSE/120 F/1";"3915";"Médicament";"Fluticasone furoate";"27,5mcg";"Collyre / ORL";"Liste I";"Antiinflammatoire steroidien";"base PHARMACORP";"haute"
"NEPAFLAM 0,1% COLLYRE FL/5ML";"4715";"Médicament";"Nepafenac";"0,1%";"Collyre";"";"";"identification manuelle (marque)";"moyenne"
"NEPASOL 1MG/ML SUS,OPTH 1ML B/1";"1735";"Médicament";"Nepafenac";"1mg";"";"Liste II";"Antiinflammatoire non steroidien";"même marque dans la base PHARMACORP";"moyenne"
"NERF FORTE P 75MG/750MCG GELULE B/30";"10280";"Médicament";"Pregabaline + Methylcobalamine";"75mg/750mcg";"Gélule";"Liste I";"Antiepileptique, Neuropathie";"même marque dans la base PHARMACORP";"moyenne"
"NERISON CREM DERM T/30G 3400932223794";"2705";"Médicament";"Diflucortolone";"30g";"";"";"";"identification manuelle (marque)";"moyenne"
"NERISONE C CREME DERMIQUE T/30G";"8805";"Médicament";"Diflucortolone valerate";"30g";"Crème / pommade";"Liste I";"Antiinflammatoire steroidien";"même marque dans la base PHARMACORP";"moyenne"
"NERVIJEN P GEL B/10";"4855";"Médicament";"Benfotiamine + Acide folique + Methylcobalamine + Pregabaline + Vitamine B6 (Pyridoxine)";"multidosage";"Crème / pommade / gel";"ST";"Complement alimentaire";"base PHARMACORP";"haute"
"NESTEFFER 1000MG CPR EFFV B/8";"1665";"Médicament";"Paracetamol";"1000mg";"Comprimé";"ST";"Antalgique, Antipyrétique";"base PHARMACORP";"haute"
"NESTEFFER 125MG/5ML NN ENF SUSP BUV100ML";"1525";"Médicament";"Paracetamol";"125mg/5mL";"Sirop / solution buvable";"ST";"Antalgique, Antipyrétique";"base PHARMACORP";"haute"
"NESTEFFER 500MG CPR EFFV B/16";"1665";"Médicament";"Paracetamol";"500mg";"Comprimé";"ST";"Antalgique, Antipyrétique";"base PHARMACORP";"haute"
"NESTEFFER COLD COMP B/80";"5545";"Médicament";"Paracetamol + Chlorphenamine + Phenylephrine";"";"Comprimé";"";"";"identification manuelle (marque)";"à vérifier"
"NESTEFFER COLD COMP.POCHE/4 DETAIL";"275";"Médicament";"Paracetamol + Chlorphenamine + Phenylephrine";"";"Comprimé";"";"";"identification manuelle (marque)";"à vérifier"
"NESTEFFER EXTRA 500MH/65MG COMP B/20";"1665";"Médicament";"Paracetamol + Cafeine";"65mg";"Comprimé";"";"";"identification manuelle (marque)";"moyenne"
"NETAZOX 500MG COMP.B/6";"3465";"Médicament";"Nitazoxanide";"500mg";"Comprimé";"Liste II";"Antidiarrheique, Antiinfectieux intestinal";"même marque dans la base PHARMACORP";"moyenne"
"NETAZOX DT 200MG CPR B/6";"3055";"Médicament";"Nitazoxanide";"200mg";"Comprimé";"Liste II";"Antidiarrheique, Antiinfectieux intestinal";"même marque dans la base PHARMACORP";"moyenne"
"NETAZOX SUSP FL/60ML";"2775";"Médicament";"Nitazoxanide";"60ml";"Suspension buvable";"Liste II";"Antidiarrheique, Antiinfectieux intestinal";"même marque dans la base PHARMACORP";"moyenne"
"NETILDEX 3MG/MG/ML COLLYRE F/5ML";"5835";"Médicament";"Netilmicine + Dexamethasone";"3mg/1mg/mL";"Collyre / ORL";"Liste I";"Antiinflammatoire steroidien, Antiinfectieux Antibacterien";"base PHARMACORP";"haute"
"NETTACIN 3MG/ML COLLYRE F/5ML";"5450";"Médicament";"Netilmicine";"3mg/mL";"Collyre / ORL";"Liste I";"Antibiotique Antibacterien";"base PHARMACORP";"haute"
"NETTOYANT LUNETTES UNIVERS OPT 60ML";"2000";"Dispositif médical / consommable";"";"60ml";"";"";"";"hors médicament";"haute"
"NEUCIPRO 0.3% COLLYRE F/5ML";"1510";"Médicament";"Ciprofloxacine";"0.003";"Collyre / ORL";"Liste I";"Antibiotique Antibacterien (Quinolone 2 generation)";"base PHARMACORP";"haute"
"NEUCIPRO 200MG SO INJ FL/100ML";"2745";"Médicament";"Ciprofloxacine";"200mg";"Injectable";"Liste I";"Antibiotique Antibacterien (Quinolone 2 generation)";"même marque dans la base PHARMACORP";"moyenne"
"NEUCIPRO 500MG COMP B/14";"2745";"Médicament";"Ciprofloxacine";"500mg";"Comprimé";"Liste I";"Antibiotique Antibacterien (Quinolone 2 generation)";"même marque dans la base PHARMACORP";"moyenne"
"NEUCIPRO 750MG COMP B/14";"4810";"Médicament";"Ciprofloxacine";"750mg";"Comprimé";"Liste I";"Antibiotique Antibacterien (Quinolone 2 generation)";"même marque dans la base PHARMACORP";"moyenne"
"NEUCLAV 1G/125MG PDR SUSP BUV SACHET B/16";"7835";"Médicament";"Amoxicilline + Acide clavulanique";"1g/125mg";"Suspension buvable";"Liste I";"Antibiotique Antibacterien (Penicillines)";"même marque dans la base PHARMACORP";"moyenne"
"NEUCLAV 250/31.25ML PDRE SUSP BUV SACH/16";"4675";"Médicament";"Amoxicilline + Acide clavulanique";"250/31.25ml";"Suspension buvable";"Liste I";"Antibiotique Antibacterien (Penicillines)";"même marque dans la base PHARMACORP";"moyenne"
"NEUCLAV 500/62.5MG PDRE SUSP BUV SACH./16";"6325";"Médicament";"Amoxicilline + Acide clavulanique";"500mg/62,5mg";"Sirop / solution buvable";"Liste I";"Antibiotique Antibacterien (Penicillines)";"base PHARMACORP";"haute"
"NEUCLOX 125MG/5ML PDRE SUSP BUV FL/100ML";"3160";"Médicament";"Flucloxacilline";"125mg/5ml";"Suspension buvable";"Liste I";"Antibiotique Antibacterien (Penicillines)";"même marque dans la base PHARMACORP";"moyenne"
"NEUCLOX 500MG GELULE B/12";"2885";"Médicament";"Flucloxacilline";"500mg";"Gélule";"Liste I";"Antibiotique Antibacterien (Penicillines)";"même marque dans la base PHARMACORP";"moyenne"
"NEUCLOX DS 250MG/5ML PDRE SUSP BUV F/100M";"3785";"Médicament";"Flucloxacilline";"250mg/5ml";"Suspension buvable";"Liste I";"Antibiotique Antibacterien (Penicillines)";"même marque dans la base PHARMACORP";"moyenne"
"NEUDOR 2% COLLYRE F/5ML";"5630";"Médicament";"Dorzolamide chlorhydrate";"2%";"Collyre";"Liste I";"Antiglaucomateux";"même marque dans la base PHARMACORP";"moyenne"
"NEUESOME D 40/30MG CAPS B/30";"6865";"Médicament";"Esomeprazole + Domperidone";"40mg/30mg";"Gélule";"Liste II";"Antiemetique, Antiulcereux (IPP)";"base PHARMACORP";"haute"
"NEUFER PLUS COMP B/30";"2745";"Nutrition / complément";"Fer + Acide folique";"";"Comprimé";"";"";"identification manuelle (marque)";"à vérifier"
"NEUFER PLUS SP FL/200ML";"3440";"Nutrition / complément";"Fer + Acide folique";"200ml";"Sirop";"";"";"identification manuelle (marque)";"à vérifier"
"NEULORA 2.5ML SIROP F/100ML";"2745";"Médicament";"Desloratadine";"2.5ml";"Sirop";"Liste II";"Antiallergique, Antihistaminique H2";"même marque dans la base PHARMACORP";"moyenne"
"NEULORA 5MG COMP B/30";"4120";"Médicament";"Desloratadine";"5mg";"Comprimé";"Liste II";"Antiallergique, Antihistaminique H2";"même marque dans la base PHARMACORP";"moyenne"
"NEUPHEPTAVIT SP FL/200ML";"2745";"Nutrition / complément";"";"200ml";"Sirop";"";"";"hors médicament";"haute"
"NEURAL 75MG GEL B/30";"6935";"Médicament";"Pregabaline";"75mg";"Crème / pommade / gel";"Liste I";"Antiepileptique, Douleurs neuropathiques";"base PHARMACORP";"haute"
"NEUROBION CPR DRG B/20";"3465";"Médicament";"Vit B1B6B12";"100mg/200mg/0,2mg";"Comprimé";"ST";"Neuropathie";"base PHARMACORP";"haute"
"NEURODOL R CAPS B/30";"4120";"Médicament";"Aceclofenac + Paracetamol + Rabeprazole";"100mg/500mg/10mg";"Gélule";"Liste II";"Antalgique Antipyretique Antiulcereux";"base PHARMACORP";"haute"
"NEUROGIL 75MG GEL B/20";"9015";"Médicament";"Pregabaline";"75mg";"Gélule";"Liste I";"Antiepileptique, Douleurs neuropathiques";"même marque dans la base PHARMACORP";"moyenne"
"NEUROKIR GELULE B/30";"5545";"";"";"";"Gélule";"";"";"non identifié";"à vérifier"
"NEUROPAT PLUS CAPS B/30";"13945";"Médicament";"Methylcobalamine + Acide alpha-lipoique + Vitamines + Mineraux";"multidosage";"Gélule";"ST";"Neuropathie";"base PHARMACORP";"haute"
"NEUROPAT-P GELULE B/30";"10400";"Médicament";"Methylcobalamine + Acide alpha-lipoique + Vitamines + Mineraux";"";"Gélule";"ST";"Neuropathie";"même marque dans la base PHARMACORP";"moyenne"
"NEUROPLUS COMP B/10";"6335";"";"";"";"Comprimé";"";"";"non identifié";"à vérifier"
"NEUTRADERM BABY CRE HYDR T/100ML";"10115";"Cosmétique / dermo";"";"100ml";"";"";"";"hors médicament";"haute"
"NEUTRADERM GEL CRE NOURR DERMOPRO 400ML";"15300";"Cosmétique / dermo";"";"400ml";"Gel";"";"";"hors médicament";"haute"
"NEUTRADERM GEL CREME HYDR DERM APAIS/400M";"15280";"Cosmétique / dermo";"";"";"Crème / pommade";"";"";"hors médicament";"haute"
"NEUTRADERM RELIPID+ BAUME FL/400ML";"17050";"Cosmétique / dermo";"";"400ml";"";"";"";"hors médicament";"haute"
"NEUTRADERM RELIPID+HLE LAVANTE F/400ML";"11500";"Cosmétique / dermo";"";"400ml";"";"";"";"hors médicament";"haute"
"NEUTRADERM SAVON SURGRAS DERM PROTECT/200";"4575";"Cosmétique / dermo";"";"";"";"";"";"hors médicament";"haute"
"NEUTROCOLD 125/2,5/1MG SP FL/100ML";"1510";"Médicament";"Paracetamol + Cafeine + Phenylephrine + Chlorphenamine";"125/2,5/1mg";"Sirop";"";"";"identification manuelle (marque)";"moyenne"
"NEUTROCOLD 2/5/30/500MG COMP B/100";"6865";"Médicament";"Paracetamol + Cafeine + Phenylephrine + Chlorphenamine";"2/5/30/500mg";"Comprimé";"";"";"identification manuelle (marque)";"moyenne"
"NEUTROCOLD 2/5/30/500MG COMP DETAIL";"275";"Médicament";"Paracetamol + Cafeine + Phenylephrine + Chlorphenamine";"2/5/30/500mg";"Comprimé";"";"";"identification manuelle (marque)";"moyenne"
"NEUTROPAR 1000MG SOL INJ F/100ML";"1650";"Médicament";"Paracetamol";"1g";"Injectable";"ST";"Antalgique, Antipyrétique";"base PHARMACORP";"haute"
"NEVXAL 0,1% COLLYRE F/5ML";"2745";"Médicament";"Nepafenac";"0,1%";"Collyre / ORL";"Liste II";"Antiinflammatoire non steroidien";"base PHARMACORP";"haute"
"NICARDIPINE AGT 10MG/10ML B/10";"16500";"Médicament";"Nicardipine";"10mg/10ml";"";"";"";"DCI citée dans la désignation";"moyenne"
"NICARDIPINE AGT 10MG/10ML DETAIL/1";"1650";"Médicament";"Nicardipine";"10mg/10ml";"";"";"";"DCI citée dans la désignation";"moyenne"
"NIDAZOL 250MG CP B/20";"1735";"Médicament";"Metronidazole";"250mg";"Comprimé";"Liste I";"Antiparasitaire (Nitro imidazoles), Antibiotique Antibacterien";"base PHARMACORP";"haute"
"NIDAZOL 500MG CP B/20";"2205";"Médicament";"Metronidazole";"500mg";"Comprimé";"Liste I";"Antiparasitaire (Nitro imidazoles), Antibiotique Antibacterien";"base PHARMACORP";"haute"
"NIDAZOL 500MG OVUL B/10";"2150";"Médicament";"Metronidazole";"500mg";"";"Liste I";"Antiparasitaire (Nitro imidazoles), Antibiotique Antibacterien";"même marque dans la base PHARMACORP";"moyenne"
"NIFEDI DENK 10MG LP CPR B/100";"5715";"Médicament";"Nifedipine";"10mg";"Comprimé";"Liste I";"Antiangoreux (IC)";"même marque dans la base PHARMACORP";"moyenne"
"NIFEDI DENK 10MG LP PL/10 DETAIL";"575";"Médicament";"Nifedipine";"10mg";"";"Liste I";"Antiangoreux (IC)";"même marque dans la base PHARMACORP";"moyenne"
"NIFEDI DENK 20MG LP CPR B/100";"8335";"Médicament";"Nifedipine";"20mg";"Comprimé";"Liste I";"Antiangoreux (IC)";"même marque dans la base PHARMACORP";"moyenne"
"NIFEDI DENK 20MG PL/10 DETAIL";"835";"Médicament";"Nifedipine";"20mg";"";"Liste I";"Antiangoreux (IC)";"même marque dans la base PHARMACORP";"moyenne"
"NIFLOX 200MG/500MG CPR B/30";"6935";"Médicament";"Ofloxacine + Ornidazole";"200mg/500mg";"Comprimé";"Liste I";"Antiparasitaire ( Nitro imidazoles + Quinolone 2 génération), Antibiotique Antibacterien";"même marque dans la base PHARMACORP";"moyenne"
"NIFLUGEL 2,5% GEL T/60G";"2245";"Médicament";"Acide niflumique";"2,5%";"Gel";"Liste II";"Antalgique, Antiinflammatoire non steroidien";"même marque dans la base PHARMACORP";"moyenne"
"NIFLURIL 250MG GELULE B/30";"2345";"Médicament";"Acide niflumique";"250mg";"Gélule";"Liste II";"Antalgique, Antiinflammatoire non steroidien";"même marque dans la base PHARMACORP";"moyenne"
"NIFLURIL 400MG ENF SUPPO SEC B/8";"1790";"Médicament";"Acide niflumique";"400mg";"Suppositoire";"Liste II";"Antalgique, Antiinflammatoire non steroidien";"même marque dans la base PHARMACORP";"moyenne"
"NIM 100 COMP B/30";"4230";"Médicament";"Nimesulide";"";"Comprimé";"Liste II";"Antiinflammatoire, Antirhumatismal";"même marque dans la base PHARMACORP";"moyenne"
"NINOLAC 1ER AGE LAIT POUDRE B/400G";"3470";"Nutrition / complément";"";"400g";"Poudre / sachet";"";"";"hors médicament";"haute"
"NINOLAC 2EME AGE LAIT POUDRE B/400G";"3425";"Nutrition / complément";"";"400g";"Poudre / sachet";"";"";"hors médicament";"haute"
"NINOLAC 3EME AGE LAIT POUDRE B/400G";"3470";"Nutrition / complément";"";"400g";"Poudre / sachet";"";"";"hors médicament";"haute"
"NINOLAC CEREALE LAIT BLE 5FRUITS B/200G";"1390";"Nutrition / complément";"";"200g";"";"";"";"hors médicament";"haute"
"NINOLAC CEREALE LAIT BLE B/200G";"1390";"Nutrition / complément";"";"200g";"";"";"";"hors médicament";"haute"
"NINOLAC CEREALE LAIT BLE DATTES B/200G";"1390";"Nutrition / complément";"";"200g";"";"";"";"hors médicament";"haute"
"NINOLAC CEREALE LAIT BLE MIEL B/200G";"1390";"Nutrition / complément";"";"200g";"";"";"";"hors médicament";"haute"
"NINOLAC CEREALE RIZ B/200G";"1390";"Nutrition / complément";"";"200g";"";"";"";"hors médicament";"haute"
"NINOLAC NEOSURE PRE 400G";"4630";"Nutrition / complément";"";"400g";"";"";"";"hors médicament";"haute"
"NINOLAC RIZ VANILLE 200G";"1390";"Nutrition / complément";"";"200g";"";"";"";"hors médicament";"haute"
"NITRIDERM TTS 5MG 24H B/30";"15310";"Médicament";"Trinitrine";"5mg";"";"";"";"identification manuelle (marque)";"moyenne"
"NIVEA C&A LOTION CORPS T/180ML";"7500";"Cosmétique / dermo";"";"180ml";"";"";"";"hors médicament";"haute"
"NIVEA C&E LOTION CORPS T/180ML";"7500";"Cosmétique / dermo";"";"180ml";"";"";"";"hors médicament";"haute"
"NIZODERM 2% CR T/15G";"1925";"Médicament";"Ketoconazole";"2%";"Crème / pommade / gel";"Liste I";"Antifongique, Antimycosique";"base PHARMACORP";"haute"
"NO SPA 40MG CPR B/10";"700";"Médicament";"Drotaverine chlorhydrate";"40mg";"Comprimé";"Liste II";"Antispasmodique (Musculotrope)";"même marque dans la base PHARMACORP";"moyenne"
"NO SPA 40MG CPR B/20";"1805";"Médicament";"Drotaverine chlorhydrate";"40mg";"Comprimé";"Liste II";"Antispasmodique (Musculotrope)";"même marque dans la base PHARMACORP";"moyenne"
"NO SPA 40MG INJ 2ML AMP B/5";"1485";"Médicament";"Drotaverine chlorhydrate";"40mg";"Injectable";"Liste II";"Antispasmodique (Musculotrope)";"même marque dans la base PHARMACORP";"moyenne"
"NO SPA 40MG INJ 2ML B/25 3401081698624";"7470";"Médicament";"Drotaverine chlorhydrate";"40mg";"Injectable";"Liste II";"Antispasmodique (Musculotrope)";"même marque dans la base PHARMACORP";"moyenne"
"NO SPA 40MG INJ 2ML DETAIL/1";"300";"Médicament";"Drotaverine chlorhydrate";"40mg";"Injectable";"Liste II";"Antispasmodique (Musculotrope)";"même marque dans la base PHARMACORP";"moyenne"
"NO SPA FORTE 80MG CP B/20";"3605";"Médicament";"Drotaverine chlorhydrate";"80mg";"Comprimé";"Liste II";"Antispasmodique (Musculotrope)";"même marque dans la base PHARMACORP";"moyenne"
"NO STRETCH MARK CREAM CR TOPIQ T/50G";"3470";"Cosmétique / dermo";"";"50g";"Crème / pommade";"";"";"hors médicament";"haute"
"NOBACTER MOUSSE A RASER FL/150ML";"15500";"Cosmétique / dermo";"";"150ml";"Injectable";"";"";"hors médicament (filtre)";"moyenne"
"NOBACTER SAVON PSENS PAIN/100G";"5655";"Cosmétique / dermo";"";"100g";"";"";"";"hors médicament (filtre)";"moyenne"
"NOFEBRIL 500MG COMP B/20";"695";"Médicament";"Paracetamol";"500mg";"Comprimé";"ST";"Antalgique, Antipyrétique";"même marque dans la base PHARMACORP";"moyenne"
"NOFONG CREME 1% T/15G";"2775";"Médicament";"Terbinafine chlorhydrate";"1%";"Crème / pommade";"Liste II";"Antifongique, Antimycosique";"même marque dans la base PHARMACORP";"moyenne"
"NOLVADEX 10MG COMP B/30";"4605";"Médicament";"Tamoxifene";"10mg";"Comprimé";"Liste I";"Antineoplasique, Antiestrogene";"même marque dans la base PHARMACORP";"moyenne"
"NONKOFF 2MG/1,25MG/50MG/0,5MG SP F/100ML";"4535";"Médicament";"Terbutaline sulfate + Bromhexine chlorhydrate+ Guaifenesine + Menthol";"1,25mg/2mg/50mg/0,5mg";"Autre";"Liste I";"Expectorant";"base PHARMACORP";"haute"
"NOOTROPYL 20% SOL BUV F/125ML";"3440";"Médicament";"Piracetam";"20%";"";"Liste II";"Psychostimulant";"même marque dans la base PHARMACORP";"moyenne"
"NOOTROPYL 800MG CP B/45";"8570";"Médicament";"Piracetam";"800mg";"Comprimé";"Liste II";"Psychostimulant";"base PHARMACORP";"haute"
"NOPYLO 500MG/500MG/20MG COMP.B/56 3400957292201";"19410";"Médicament";"Amoxicilline + Clarithromycine + Omeprazole";"500mg/500mg";"Comprimé";"Liste I";"Antiulcereux, Antibiotique";"même marque dans la base PHARMACORP";"moyenne"
"NOPYLO KIT DETAIL B/8";"2770";"Médicament";"Amoxicilline + Clarithromycine + Omeprazole";"";"";"Liste I";"Antiulcereux, Antibiotique";"même marque dans la base PHARMACORP";"moyenne"
"NORADRENALINE AGT 8MG/4ML B/10";"27040";"Médicament";"Noradrenaline";"8mg/4ml";"";"";"";"DCI citée dans la désignation";"moyenne"
"NORFEN 400MG CPR B/10";"3605";"Médicament";"Norfloxacine";"400mg";"Comprimé";"Liste I";"Antibiotique Antibacterien (Quinolone 2 generation)";"même marque dans la base PHARMACORP";"moyenne"
"NORFIX 400MG CPR ENR B/10";"4855";"Médicament";"Norfloxacine";"400mg";"Comprimé";"Liste I";"Antibiotique Antibacterien (Quinolone 2 generation)";"même marque dans la base PHARMACORP";"moyenne"
"NORFLOXINE CINFA 400MG COMP B/14";"6935";"Médicament";"Norfloxacine";"400mg";"Comprimé";"Liste I";"Antibiotique Antibacterien (Quinolone 2 generation)";"même marque dans la base PHARMACORP";"moyenne"
"NORFLOZOLE 100MG/5ML S.BUV60ML";"2080";"Médicament";"Metronidazole + norfloxacine";"100mg/5ml";"";"Liste I";"Antiinfectieux, Antiparasitaire ( Nitro imidazoles + Quinolone 2 génération)";"même marque dans la base PHARMACORP";"moyenne"
"NORFLOZOLE 500/400MG CPR B/10";"4160";"Médicament";"Metronidazole + norfloxacine";"500/400mg";"Comprimé";"Liste I";"Antiinfectieux, Antiparasitaire ( Nitro imidazoles + Quinolone 2 génération)";"même marque dans la base PHARMACORP";"moyenne"
"NORLEVO 1,5MG CP B/1";"4050";"Médicament";"Levonorgestrel";"1,5mg";"Comprimé";"Liste I";"Contraceptif d'urgence";"même marque dans la base PHARMACORP";"moyenne"
"NORMA 1";"0";"";"";"";"";"";"";"non identifié";"à vérifier"
"NORMACOL AD LAVEMENT F/130ML";"1720";"Médicament";"Phosphate de sodium";"130ml";"";"";"";"identification manuelle (marque)";"moyenne"
"NORMACOL ENF LAVEMENT F/60ML";"1650";"Médicament";"Phosphate de sodium";"60ml";"";"";"";"identification manuelle (marque)";"moyenne"
"NORMADON 2 COMP B/60";"15375";"Médicament";"Risperidone";"";"Comprimé";"Liste I";"Neuroleptique atypique";"même marque dans la base PHARMACORP";"moyenne"
"NORMADON 4MG COMP PELL B/30";"13865";"Médicament";"Risperidone";"4mg";"Comprimé";"Liste I";"Neuroleptique atypique";"même marque dans la base PHARMACORP";"moyenne"
"NORMET 200MG CPR B/10";"3465";"Médicament";"Metronidazole + norfloxacine";"200mg";"Comprimé";"Liste I";"Antiinfectieux, Antiparasitaire ( Nitro imidazoles + Quinolone 2 génération)";"même marque dans la base PHARMACORP";"moyenne"
"NORMET SUSP F/30ML";"2080";"Médicament";"Metronidazole + norfloxacine";"30ml";"Suspension buvable";"Liste I";"Antiinfectieux, Antiparasitaire ( Nitro imidazoles + Quinolone 2 génération)";"même marque dans la base PHARMACORP";"moyenne"
"NORMIX 200MG CPR PELL B/12";"5270";"Médicament";"Rifaximine";"200mg";"Comprimé";"Liste I";"Antiinfectieux intestinal (Rifamycines)";"même marque dans la base PHARMACORP";"moyenne"
"NORMOPTIC 0,5% COLL F/5ML";"2315";"Médicament";"Timolol maleate";"0,5%";"Collyre";"Liste I";"Antiglaucomateux";"même marque dans la base PHARMACORP";"moyenne"
"NORZOL 400MG/600MG CPR B/10";"2775";"Médicament";"Norfloxacine + tinidazole";"400mg/600mg";"Comprimé";"Liste I";"Antibacterien, Antiinfectieux, Antiparasitaire ( Nitro imidazoles + Quinolone 2 génération)";"même marque dans la base PHARMACORP";"moyenne"
"NOSIC 10MG/10MG CPR GAST RES B/30";"5285";"Médicament";"Doxylamine succinate + Pyridoxine chlorhydrate";"10mg/10mg";"Comprimé";"ST";"Antiemetique";"base PHARMACORP";"haute"
"NOSIC CPR B/10";"2010";"Médicament";"Doxylamine succinate + Pyridoxine chlorhydrate";"10mg/10mg";"Comprimé";"ST";"Antiemetique";"base PHARMACORP";"haute"
"NOSIL AD 0,1% GTTE NAS F/10ML";"1625";"Médicament";"Xylometazoline chlorhydrate";"0,1%";"Gouttes";"Liste II";"Decongestif nasal";"même marque dans la base PHARMACORP";"moyenne"
"NOSIL ENF 0,05% GTTE NAS F/10ML";"1440";"Médicament";"Xylometazoline chlorhydrate";"0,05%";"Gouttes";"Liste II";"Decongestif nasal";"même marque dans la base PHARMACORP";"moyenne"
"NOVALGIN INJ AMP 5ML B/5 3401020014751";"4185";"Médicament";"Metamizole sodique";"5ml";"Injectable";"Liste I";"Analgesique, Antalgique";"même marque dans la base PHARMACORP";"moyenne"
"NOVALGIN INJ AMP 5ML DETAIL";"850";"Médicament";"Metamizole sodique";"5ml";"Injectable";"Liste I";"Analgesique, Antalgique";"même marque dans la base PHARMACORP";"moyenne"
"NOVALGINE 500MG COMP B/20 3400934132575";"1815";"Médicament";"Metamizole sodique";"500mg";"Comprimé";"";"";"identification manuelle (marque)";"moyenne"
"NOVALGINE SIROP F/100ML";"2315";"Médicament";"Metamizole sodique";"100ml";"Sirop";"";"";"identification manuelle (marque)";"moyenne"
"NOVATEN AM CP B/28";"8320";"Médicament";"Atenolol + Amlodipine";"50mg/5mg";"Comprimé";"Liste I";"Antihypertenseur (Betabloquant + IC)";"base PHARMACORP";"haute"
"NOVATREX 2.5MG COMP.B/12 3400930067826";"3480";"Médicament";"Methotrexate";"2.5mg";"Comprimé";"Liste I";"Anticancereux, Polyarthrite rhumatoide";"même marque dans la base PHARMACORP";"moyenne"
"NOVOPHANE CHVX ONGLES GEL B/60 3760095250168";"16295";"Cosmétique / dermo";"";"";"Gélule";"";"";"hors médicament";"haute"
"NOVOPHANE LOTION ANTI CHUTE FL/100ML";"14500";"Cosmétique / dermo";"";"100ml";"";"";"";"hors médicament";"haute"
"NOVOPHANE SHP DS FL/125ML";"13935";"Cosmétique / dermo";"";"125ml";"";"";"";"hors médicament";"haute"
"NOW RAVE PARFUM FL/100ML";"25000";"Cosmétique / dermo";"";"100ml";"";"";"";"hors médicament (filtre)";"moyenne"
"NOZINAN 100MG CPR B/20";"11105";"Médicament";"Levomepromazine maleate";"100mg";"Comprimé";"Liste I";"Neuroleptique, Antipsychotique";"même marque dans la base PHARMACORP";"moyenne"
"NOZINAN 25MG CPR B/20";"3590";"Médicament";"Levomepromazine maleate";"25mg";"Comprimé";"Liste I";"Neuroleptique, Antipsychotique";"même marque dans la base PHARMACORP";"moyenne"
"NUBIANCE CLEANACTYL GEL NETTOYANT F/200ML";"14500";"Cosmétique / dermo";"";"200ml";"Gel";"";"";"hors médicament";"haute"
"NUBIANCE EXFOCLEAR GEL EXFOLIANT 200ML";"21500";"Cosmétique / dermo";"";"200ml";"Gel";"";"";"hors médicament";"haute"
"NUBIANCE HBR3 LAIT CORPS UNIFIANT F/500ML";"42520";"Cosmétique / dermo";"";"500ml";"";"";"";"hors médicament";"haute"
"NUBIANCE HRB3 SERUM ANTI TACHE FL/30ML";"29500";"Cosmétique / dermo";"";"30ml";"";"";"";"hors médicament";"haute"
"NUBIANCE HRB3 SPF30 CR SOIN JOUR F/50ML";"29500";"Cosmétique / dermo";"";"50ml";"Crème / pommade";"";"";"hors médicament";"haute"
"NUBIANCE HRB3+ CR SOIN NUIT F/50ML";"29500";"Cosmétique / dermo";"";"50ml";"Crème / pommade";"";"";"hors médicament";"haute"
"NUCLEO CMP FORTE CAPS B/30";"6435";"Médicament";"Cystidine 5 monophosphate disodique + uridine 5 monophosphate disodique";"";"Gélule";"ST";"Antidorsalgique";"même marque dans la base PHARMACORP";"moyenne"
"NUGEL COMP B/30";"2010";"";"";"";"Comprimé";"";"";"non identifié";"à vérifier"
"NUGEL SUSP BUV FL/200ML";"2775";"Médicament";"Aluminium hydroxyde + Magnesium hydroxyde + Simethicone + Oxethazaine";"200mg/250mg/250mg/250mg/125mg/15ml";"Injectable";"ST";"Anti acide";"base PHARMACORP";"haute"
"NUGEL-O SUSP BUV FL/200ML";"3105";"";"";"200ml";"Suspension buvable";"";"";"non identifié";"à vérifier"
"NUGREL 75 MG COMP B/30";"6935";"Médicament";"Clopidogrel";"75mg";"Comprimé";"Liste I";"Antiagregant plaquettaire";"même marque dans la base PHARMACORP";"moyenne"
"NUHANCIAM GOMMAGE ECLAIRCISSANT 200ML";"19000";"Cosmétique / dermo";"";"200ml";"";"";"";"hors médicament";"haute"
"NUHANCIAM LAIT ECLAIRCISSANT 500ML";"36500";"Cosmétique / dermo";"";"500ml";"";"";"";"hors médicament";"haute"
"NUHANCIAM STOP BOUTONS PEAU ACNE FL/15ML";"20000";"Cosmétique / dermo";"";"15ml";"";"";"";"hors médicament";"haute"
"NURABOL 2MG SP F/125ML";"2205";"Médicament";"Cyproheptadine";"2mg";"Sirop";"ST";"Antihistaminique, Stimulant de l'appetit, Antiallergique";"même marque dans la base PHARMACORP";"moyenne"
"NURABOL 4MG CPR B/30";"2775";"Médicament";"Cyproheptadine";"4mg";"Comprimé";"ST";"Antihistaminique, Stimulant de l'appetit, Antiallergique";"même marque dans la base PHARMACORP";"moyenne"
"NURABOL 4MG SP F/125ML";"2775";"Médicament";"Cyproheptadine";"4mg";"Sirop";"ST";"Antihistaminique, Stimulant de l'appetit, Antiallergique";"même marque dans la base PHARMACORP";"moyenne"
"NURAVIT 4MG CPR PELL B/15";"2910";"Médicament";"Cyproheptadine + Vitamines";"multidosage";"Comprimé";"ST";"Stimulant de l'appetit";"base PHARMACORP";"haute"
"NURAVIT SP F/125ML";"4485";"Médicament";"Cyproheptadine + Vitamines";"125ml";"Sirop";"ST";"Stimulant de l'appetit";"même marque dans la base PHARMACORP";"moyenne"
"NURSIE 1 LAIT POUDRE B/400G";"3955";"Nutrition / complément";"";"400g";"Poudre / sachet";"";"";"hors médicament";"haute"
"NURSIE 1 LAIT POUDRE B/900G";"7905";"Nutrition / complément";"";"900g";"Poudre / sachet";"";"";"hors médicament";"haute"
"NURSIE 2 LAIT PDRE CARTON/300G";"2410";"Nutrition / complément";"";"300g";"Poudre / sachet";"";"";"hors médicament";"haute"
"NURSIE 2 LAIT POUDRE B/400G";"3955";"Nutrition / complément";"";"400g";"Poudre / sachet";"";"";"hors médicament";"haute"
"NURSIE 2 LAIT POUDRE B/900G";"8100";"Nutrition / complément";"";"900g";"Poudre / sachet";"";"";"hors médicament";"haute"
"NURSIE 3 LAIT POUDRE B/400G";"3955";"Nutrition / complément";"";"400g";"Poudre / sachet";"";"";"hors médicament";"haute"
"NURSIE 3 LAIT POUDRE B/900G";"7905";"Nutrition / complément";"";"900g";"Poudre / sachet";"";"";"hors médicament";"haute"
"NURSIE ADIALAC LAIT PDRE B/400G";"6120";"Nutrition / complément";"";"400g";"Poudre / sachet";"";"";"hors médicament";"haute"
"NURSIE AR 1 B/400G";"6120";"Nutrition / complément";"";"400g";"";"";"";"hors médicament";"haute"
"NURSIE AR 2 LAIT POUDRE B/400G";"6350";"Nutrition / complément";"";"400g";"Poudre / sachet";"";"";"hors médicament";"haute"
"NURSIE CONFORT 1ER AGE 400G";"4965";"Nutrition / complément";"";"400g";"";"";"";"hors médicament";"haute"
"NURSIE CONFORT 2EME AGE 400G";"4965";"Nutrition / complément";"";"400g";"";"";"";"hors médicament";"haute"
"NURSIE EXPERTISE+ 1 LAIT POUDRE B/400G";"5350";"Nutrition / complément";"";"400g";"Poudre / sachet";"";"";"hors médicament";"haute"
"NURSIE EXPERTISE+ 2 LAIT POUDRE B/400G";"5350";"Nutrition / complément";"";"400g";"Poudre / sachet";"";"";"hors médicament";"haute"
"NUTRICOMP DRINK PLUS CHOCO SOL BUV 200ML";"5620";"Nutrition / complément";"";"200ml";"Comprimé";"";"";"hors médicament";"haute"
"NUTRICOMP DRINK PLUS VANILL SOL BUV 200ML";"4600";"Nutrition / complément";"";"200ml";"Comprimé";"";"";"hors médicament";"haute"
"NYSTATINE COMP VAGINAUX BLISTER/10";"1000";"Médicament";"nystatine";"";"Comprimé";"";"";"DCI citée dans la désignation";"moyenne"
"NYSTATINE UBI 100000UI/ML SUSP BUV F30ML";"1385";"Médicament";"Nystatine";"100000UI/mL";"Sirop / solution buvable";"Liste I";"Antifongique, Antimycosique, Antibiotique";"base PHARMACORP";"haute"
"O-ORNI 200MG+500MG COMP B/10";"4645";"Médicament";"Ofloxacine + Ornidazole";"200mg";"Comprimé";"";"";"identification manuelle (marque)";"moyenne"
"O2 NEX 200MG/500MG CPR B/30";"6935";"Médicament";"Ofloxacine + Ornidazole";"200mg/500mg";"Comprimé";"Liste I";"Antiparasitaire ( Nitro imidazoles + Quinolone 2 génération), Antibiotique Antibacterien";"base PHARMACORP";"haute"
"O2 NEX 50MG/125MG SUSP BUV F/60ML";"2830";"Médicament";"Ofloxacine + Ornidazole";"50mg/125mg";"Sirop / solution buvable";"Liste I";"Antiparasitaire ( Nitro imidazoles + Quinolone 2 génération), Antibiotique Antibacterien";"base PHARMACORP";"haute"
"OCUGUARD GEL B/20";"5940";"Médicament";"Vitamines + Mineraux";"multidosage";"Crème / pommade / gel";"ST";"Supplement vitaminique";"base PHARMACORP";"haute"
"OCUGUARD GELULE MOLLE B/30";"8670";"Médicament";"Vitamines + Mineraux";"";"Gélule";"ST";"Supplement vitaminique";"même marque dans la base PHARMACORP";"moyenne"
"ODICEF 1G IM/IV PDRE INJ + SOLV B/1";"2080";"Médicament";"Ceftriaxone";"1g";"Injectable";"Liste I";"Antibacterien (Cephalosporines 3 generation), Antibiotique";"base PHARMACORP";"haute"
"ODIFLEX PDRE S.ORAL 5G SACH/10";"6655";"";"";"5g";"Poudre / sachet";"";"";"non identifié";"à vérifier"
"ODYFEBAL SUSP BUV 125MG 100ML";"1385";"";"";"125mg";"Suspension buvable";"";"";"non identifié";"à vérifier"
"ODYMOL 1% INJ 100ML B/1";"2050";"Médicament";"Paracetamol";"1%";"Injectable";"";"";"identification manuelle (marque)";"moyenne"
"ODYMOL 500MG COMP B/10";"415";"Médicament";"Paracetamol";"500mg";"Comprimé";"";"";"identification manuelle (marque)";"moyenne"
"OE BABY LAIT DE TOILETTE F/500ML";"4500";"Cosmétique / dermo";"";"500ml";"";"";"";"hors médicament";"haute"
"OE BABY LINGETTES CREME X64 RECHARGE";"1900";"Cosmétique / dermo";"";"";"Crème / pommade";"";"";"hors médicament";"haute"
"OE BABY LINGETTES SENSITIVE X64 BOITE/64";"3500";"Cosmétique / dermo";"";"";"";"";"";"hors médicament";"haute"
"OE BABY LINGETTES X64 CREME BOITE/64";"3500";"Cosmétique / dermo";"";"";"Crème / pommade";"";"";"hors médicament";"haute"
"OE BABY SAV DOUX 100G";"1000";"Cosmétique / dermo";"";"100g";"";"";"";"hors médicament";"haute"
"OE BABY TALC POUDRE 200G";"2500";"Cosmétique / dermo";"";"200g";"Poudre / sachet";"";"";"hors médicament";"haute"
"OE COFFRET DEO.200ML+ EDP75ML MYSTERIEUX";"8500";"Cosmétique / dermo";"";"200ml";"";"";"";"hors médicament";"haute"
"OE CREME DEPILATOIRE ARGAN/KARITE T/100ML 3760070499018";"2900";"Cosmétique / dermo";"";"100ml";"Crème / pommade";"";"";"hors médicament";"haute"
"OE CREME DEPILATOIRE ROSE PEAUX SENS 100M";"2900";"Cosmétique / dermo";"";"";"Crème / pommade";"";"";"hors médicament";"haute"
"OE DEO FLOWER OPUS 200ML";"2500";"Cosmétique / dermo";"";"200ml";"";"";"";"hors médicament";"haute"
"OE DEO SWEET CHARM 200ML";"2500";"Cosmétique / dermo";"";"200ml";"";"";"";"hors médicament";"haute"
"OE EAU DE COLOGNE INTENSE 600ML";"4200";"Cosmétique / dermo";"";"600ml";"";"";"";"hors médicament";"haute"
"OE EAU DE COLOGNE L'AUTHENTIQUE 600ML";"4200";"Cosmétique / dermo";"";"600ml";"";"";"";"hors médicament";"haute"
"OE EAU DE PARFUM SENTEUR DE FETE 75ML";"6000";"Cosmétique / dermo";"";"75ml";"";"";"";"hors médicament";"haute"
"OE EAU DE PARFUM VOLUPTUEUSE 75ML";"6000";"Cosmétique / dermo";"";"75ml";"";"";"";"hors médicament";"haute"
"OE GEL DOUCH PLAISIR AMANDE DOUCE 250ML";"1500";"Cosmétique / dermo";"";"250ml";"Sirop";"";"";"hors médicament";"haute"
"OE GEL DOUCH PLAISIR EAU DE COCO 250ML";"1500";"Cosmétique / dermo";"";"250ml";"Sirop";"";"";"hors médicament";"haute"
"OE GEL DOUCH PLAISIR VERVEIN CITRON 250ML";"1500";"Cosmétique / dermo";"";"250ml";"Sirop";"";"";"hors médicament";"haute"
"OE GEL DOUCHE AMANDE DOUCE FL/250ML";"1500";"Cosmétique / dermo";"";"250ml";"Gel";"";"";"hors médicament";"haute"
"OE GEL DOUCHE PLAISIR MONOI 250ML";"1500";"Cosmétique / dermo";"";"250ml";"Sirop";"";"";"hors médicament";"haute"
"OE LAIT CORPS ECLAIRC MERVEILLEUX 500ML 3760070496529";"3800";"Cosmétique / dermo";"";"500ml";"";"";"";"hors médicament";"haute"
"OE LAIT CORPS HYDRATANT SATIN 500ML";"4600";"Cosmétique / dermo";"";"500ml";"";"";"";"hors médicament";"haute"
"OE LAIT CORPS NUTRITION SUBLIME 500ML";"4000";"Cosmétique / dermo";"";"500ml";"";"";"";"hors médicament";"haute"
"OE SAV EXTRA DOUX OLIVE 125G";"700";"Cosmétique / dermo";"";"125g";"";"";"";"hors médicament";"haute"
"OEDES 20 MG GEL B/14";"4120";"Médicament";"Omeprazole";"20mg";"Gélule";"Liste II";"Antiulcereux (IPP)";"même marque dans la base PHARMACORP";"moyenne"
"OFLOCET 200MG CP B/10";"6865";"Médicament";"Ofloxacine";"200mg";"Comprimé";"Liste I";"Antibiotique Antibacterien (Quinolone 2 generation)";"base PHARMACORP";"haute"
"OFLOCET GTT AURIC 1,5G B/20";"5715";"Médicament";"Ofloxacine";"1,5g";"Gouttes";"Liste I";"Antibiotique Antibacterien (Quinolone 2 generation)";"même marque dans la base PHARMACORP";"moyenne"
"OFLOCINE 200MG CPR B/10";"4160";"Médicament";"Ofloxacine";"200mg";"Comprimé";"Liste I";"Antibiotique Antibacterien (Quinolone 2 generation)";"même marque dans la base PHARMACORP";"moyenne"
"OFLOCINE PERF F/100ML";"4855";"Médicament";"Ofloxacine";"200mg/40mL";"Injectable";"Liste I";"Antibiotique Antibacterien (Quinolone 2 generation)";"base PHARMACORP";"haute"
"OFLOMAC 200MG CPR B/10";"4160";"Médicament";"Ofloxacine";"200mg";"Comprimé";"";"";"identification manuelle (marque)";"moyenne"
"OFLOMAC 200MG IV SOL INJ F/100ML";"5545";"Médicament";"Ofloxacine";"200mg";"Injectable";"Liste I";"Antibiotique Antibacterien (Quinolone 2 generation)";"base PHARMACORP";"haute"
"OFLOMAC OD 400MG CPR B/5";"4340";"Médicament";"Ofloxacine";"400mg";"Comprimé";"";"";"identification manuelle (marque)";"moyenne"
"OFLOMAC OZ 200/500MG COMP B/10";"4590";"Médicament";"Ofloxacine + Ornidazole";"200/500mg";"Comprimé";"";"";"identification manuelle (marque)";"moyenne"
"OFLOMAX 200MG CPR B/10";"3480";"Médicament";"Ofloxacine";"200mg";"Comprimé";"Liste I";"Antibiotique Antibacterien (Quinolone 2 generation)";"base PHARMACORP";"haute"
"OFLOR 200/500MG CPR B/10";"8320";"Médicament";"Ofloxacine + Ornidazole";"200mg/500mg";"Comprimé";"Liste I";"Antiparasitaire ( Nitro imidazoles + Quinolone 2 génération), Antibiotique Antibacterien";"base PHARMACORP";"haute"
"OFLOXYL 200MG CPR PELL B/10";"2910";"Médicament";"Ofloxacine";"200mg";"Comprimé";"Liste I";"Antibiotique Antibacterien (Quinolone 2 generation)";"base PHARMACORP";"haute"
"OFLOZOLE 200MG/500MG CPR ORAL B/10";"4785";"Médicament";"Ofloxacine + Ornidazole";"200mg/500mg";"Comprimé";"Liste I";"Antiparasitaire ( Nitro imidazoles + Quinolone 2 génération), Antibiotique Antibacterien";"base PHARMACORP";"haute"
"OFUSIDIC 0,1% COLL F/5ML";"3800";"Médicament";"Acide fusidique";"0,1%";"Collyre";"Liste I";"Antibiotique Antibacterien (Fusidanines)";"même marque dans la base PHARMACORP";"moyenne"
"OGESTAN CAPS B/30";"6170";"Médicament";"Vit B9 + Vit D3 + Vit E + Iode + Acide docohexaenoique";"400µg/5µg/10mg/150µg/144mg";"Gélule";"ST";"Complement alimentaire";"base PHARMACORP";"haute"
"OK CONDOMS CHOCOLAT POCH/3";"500";"Hygiène";"";"";"";"";"";"hors médicament";"haute"
"OK CONDOMS CLASSIQUE POCH/3";"500";"Hygiène";"";"";"";"";"";"hors médicament";"haute"
"OK CONDOMS FRAISE POCH/3";"500";"Hygiène";"";"";"";"";"";"hors médicament";"haute"
"OK CONDOMS MENTHE POCH/3";"500";"Hygiène";"";"";"";"";"";"hors médicament";"haute"
"OK CONDOMS PERLE NERV POCH/3";"500";"Hygiène";"";"";"";"";"";"hors médicament";"haute"
"OK CONDOMS RETARD POCHE/3";"500";"Hygiène";"";"";"";"";"";"hors médicament";"haute"
"OK LUBRIFIANT A LA FRAISE F/100G";"3900";"Hygiène";"";"100g";"";"";"";"hors médicament";"haute"
"OK LUFRIFIANT A LA MENTHE F/100G";"3900";"Hygiène";"";"100g";"";"";"";"hors médicament";"haute"
"OLANAP 10MG CPR B/50";"9705";"Médicament";"Olanzapine";"10mg";"Comprimé";"Liste I";"Antipsychotique";"base PHARMACORP";"haute"
"OLANAP 5MG CPR B/50";"6935";"Médicament";"Olanzapine";"5mg";"Comprimé";"Liste I";"Antipsychotique";"base PHARMACORP";"haute"
"OLANDO 0,1% COLLY F/5ML";"3050";"Médicament";"Olopatadine";"0,1%";"Collyre";"Liste I";"Antiallergique oculaire";"même marque dans la base PHARMACORP";"moyenne"
"OLIGOBS GROSSESSE FER GEL B/30";"8400";"Médicament";"Fer + Vitamines";"multidosage";"Crème / pommade / gel";"ST";"Antianemique";"base PHARMACORP";"haute"
"OLOPAT 0,1% COLL F/5ML";"5285";"Médicament";"Olopatadine";"0,1%";"Collyre / ORL";"Liste I";"Antiallergique oculaire";"base PHARMACORP";"haute"
"OLOPTIK 2MG/ML COLLYRE FL/5ML";"2981";"Médicament";"Olopatadine";"2mg";"Collyre";"Liste I";"Antiallergique oculaire";"même marque dans la base PHARMACORP";"moyenne"
"OLPRESS 10 MG COMP.B/28";"13170";"Médicament";"Olmesartan";"10mg";"Comprimé";"";"";"identification manuelle (marque)";"moyenne"
"OLPREZIDE 20MG/12.5MG COMP.B/28";"11095";"Médicament";"Olmesartan medoxomil + Hydrochlorothiazide";"20mg/12.5mg";"Comprimé";"Liste I";"Antihypertenseur (ARAII + DT)";"même marque dans la base PHARMACORP";"moyenne"
"OMAX+ZINC REHYDR ORAL PDR SACH/2+CPR/10";"2095";"Médicament";"Chlorure de sodium + Chlorure de potassium + Citrate de sodium + Glucose anhydre (sachet) + Zinc element (comprime)";"";"Poudre / sachet";"ST";"Rehydratation orale";"même marque dans la base PHARMACORP";"moyenne"
"OMAX+ZINC REHYDRAT ORALE DETAIL";"1050";"Médicament";"Chlorure de sodium + Chlorure de potassium + Citrate de sodium + Glucose anhydre (sachet) + Zinc element (comprime)";"";"";"ST";"Rehydratation orale";"même marque dans la base PHARMACORP";"moyenne"
"OMEGEN 20MG GEL B/28";"5850";"Médicament";"Omeprazole";"20mg";"Gélule";"Liste II";"Antiulcereux (IPP)";"même marque dans la base PHARMACORP";"moyenne"
"OMEPRAL 20MG GEL B/28";"6935";"Médicament";"Omeprazole";"20mg";"Gélule";"Liste II";"Antiulcereux (IPP)";"même marque dans la base PHARMACORP";"moyenne"
"OMEPRAZOLE BIOGARAN 20MG GEL B/14";"3190";"Médicament";"Omeprazole";"20mg";"Gélule";"";"";"DCI citée dans la désignation";"moyenne"
"OMEPRAZOLE BIOGARAN 20MG GEL GAST B/28";"4755";"Médicament";"Omeprazole";"20mg";"Crème / pommade / gel";"Liste II";"Antiulcereux (IPP)";"base PHARMACORP";"haute"
"OMEPRAZOLE UBI 20MG CPR 10BL7";"11230";"Médicament";"Omeprazole";"20mg";"Comprimé";"";"";"DCI citée dans la désignation";"moyenne"
"OMEPRAZOLE UBI 20MG CPR BLIST 10 DETAIL";"1125";"Médicament";"Omeprazole";"20mg";"Comprimé";"";"";"DCI citée dans la désignation";"moyenne"
"OMEPRAZOLE VIR 20MG GELULE B/14";"2440";"Médicament";"Omeprazole";"20mg";"Gélule";"";"";"DCI citée dans la désignation";"moyenne"
"OMEVIE OMEGA 3-1000 B/30";"7705";"Médicament";"Acides gras omega- 3 (EPA et DHA)";"36%/24%";"Autre";"ST";"Moduleur de processus indispensable au bon fonctionnement du corps";"base PHARMACORP";"haute"
"OMEZYN 20MG CAPS B/15";"4160";"Médicament";"Omeprazole";"20mg";"Gélule";"Liste II";"Antiulcereux (IPP)";"base PHARMACORP";"haute"
"OMIT 10MG/10MG COMP PELL B/30";"4380";"";"";"10mg/10mg";"Comprimé";"";"";"non identifié";"à vérifier"
"OMIX LP 0,4MG GELU B/30";"6935";"Médicament";"Tamsulosine chlorhydrate";"0,4mg";"Autre";"Liste I";"Hypertrophie benigne de la prostate";"base PHARMACORP";"haute"
"OMIZ 20MG GEL B/14";"3120";"Médicament";"Omeprazole";"20mg";"Crème / pommade / gel";"Liste II";"Antiulcereux (IPP)";"base PHARMACORP";"haute"
"OMIZ 20MG GEL B/28";"5410";"Médicament";"Omeprazole";"20mg";"Crème / pommade / gel";"Liste II";"Antiulcereux (IPP)";"base PHARMACORP";"haute"
"OMIZEC GEL B/28";"4855";"Médicament";"Omeprazole";"";"Gélule";"Liste II";"Antiulcereux (IPP)";"même marque dans la base PHARMACORP";"moyenne"
"OMNIPAQUE 300MG/ML SOL INJ FL/50ML";"22435";"Médicament";"Iohexol";"300mg";"Injectable";"Liste I";"Produits de contraste";"même marque dans la base PHARMACORP";"moyenne"
"ONDAFIN ODT COMP B/10";"3290";"Médicament";"Ondansetron";"";"Comprimé";"";"";"identification manuelle (marque)";"moyenne"
"ONDAFIN SP FL/60ML";"3285";"Médicament";"Ondansetron";"60ml";"Sirop";"";"";"identification manuelle (marque)";"moyenne"
"ONDAMAC 4MG COMP.B/10";"3950";"Médicament";"Ondansetron";"4mg";"Comprimé";"Liste I";"Antiemetique";"même marque dans la base PHARMACORP";"moyenne"
"ONE V KIT 1G/150MG/1G CPR B/4";"4855";"Médicament";"Azithromycine + Fluconazole + Secnidazole";"1g/150mg/1g";"Comprimé";"Liste I";"Antifongique, Antiparasitaire, Antibiotique Antibacterien (Macrolides)";"base PHARMACORP";"haute"
"ONECEF SB 1,5G PDRE INJ F/20ML";"4160";"Médicament";"Ceftriaxone + Sulbactam";"1g/500mg";"Injectable";"Liste I";"Antibiotique Antibacterien (Cephalosporines 3 generation)";"base PHARMACORP";"haute"
"OPATANOL 1MG/ML CY F/";"5130";"Médicament";"Olopatadine";"1mg";"";"Liste I";"Antiallergique oculaire";"même marque dans la base PHARMACORP";"moyenne"
"OPHTACINE 0.3% COLL F";"1385";"Médicament";"Gentamicine";"0.3%";"Collyre";"Liste I";"Antibiotique Antibacterien (Aminosides)";"même marque dans la base PHARMACORP";"moyenne"
"OPHTACURE COLLYRE F/5";"3900";"Médicament";"Moxifloxacine + Dexamethasone";"";"Collyre";"Liste I";"Antiinflammatoire steroidien, Antibiotique Antibacterien (Fluoroquinolone)";"même marque dans la base PHARMACORP";"moyenne"
"OPHTALGYLE 0,1% COLLY";"1665";"";"";"0,1%";"Collyre";"";"";"non identifié";"à vérifier"
"OPTICIN 0,3% COLL F/5";"2495";"Médicament";"Ciprofloxacine";"0,3%";"Collyre";"Liste I";"Antibiotique Antibacterien (Quinolone 2 generation)";"même marque dans la base PHARMACORP";"moyenne"
"OPTICRON 2% CY FL/5ML";"2940";"Médicament";"Cromoglicate de sodium";"2 %";"Injectable";"ST";"Antihistaminique, Antiallergique oculaire";"base PHARMACORP";"haute"
"OPTIDEX-T COLL F/5ML";"2550";"Médicament";"Dexamethasone + Tobramycine";"5ml";"Collyre";"Liste I";"Antiinflammatoire steroidien, Antibiotique Antibacterien";"même marque dans la base PHARMACORP";"moyenne"
"OPTIFLOX COLL F/5ML";"1705";"Médicament";"Ofloxacine";"5ml";"Collyre";"Liste I";"Antibiotique Antibacterien (Quinolone 2 generation)";"même marque dans la base PHARMACORP";"moyenne"
"OPTIFRESH COLL F/10ML";"2495";"Médicament";"Alcool polyvinylique + Povidone";"14mg/6mg";"Collyre / ORL";"ST";"Substitut lacrymal";"base PHARMACORP";"haute"
"OPTIME 1/0 1/2 R36 75 18S40E/1";"2830";"Dispositif médical / consommable";"";"";"";"";"";"hors médicament";"haute"
"OPTIME 2/0 1/2R26 75 18S30E/1";"4085";"Dispositif médical / consommable";"";"";"";"";"";"hors médicament";"haute"
"OPTIME 2/0 R/R 250 18R30A/1";"3965";"Dispositif médical / consommable";"";"";"";"";"";"hors médicament";"haute"
"OPTIME 3/0 1/2 R26 75 18S20F/1";"2955";"Dispositif médical / consommable";"";"";"";"";"";"hors médicament";"haute"
"OPTIPRED 1% COLL F/5ML";"1745";"Médicament";"Prednisolone";"1%";"Collyre";"Liste I";"Antiinflammatoire steroidien";"même marque dans la base PHARMACORP";"moyenne"
"OPTISERUM LAVAGE OCCU";"3755";"Cosmétique / dermo";"";"";"";"";"";"hors médicament (filtre)";"moyenne"
"ORACILLINE 1M COMP.B/12 3400931949152";"4980";"Médicament";"Phenoxymethylpenicilline";"";"Comprimé";"Liste I";"Antibiotique Antibacterien (Penicillines)";"même marque dans la base PHARMACORP";"moyenne"
"ORCHAPRED GEL OPHT F/";"3175";"";"";"";"Gel";"";"";"non identifié";"à vérifier"
"ORCHAZID CY UNIDOSES B/30";"5545";"Médicament";"Ketotifene";"";"";"Liste II";"Antihistaminique, Antiallergique";"même marque dans la base PHARMACORP";"moyenne"
"ORCHAZIDE COLL F/5ML";"3175";"Médicament";"Ketotifene";"5ml";"Collyre";"Liste II";"Antihistaminique, Antiallergique";"même marque dans la base PHARMACORP";"moyenne"
"ORELOX 100MG CP B/10";"9000";"Médicament";"Cefpodoxime proxetil";"100mg";"Comprimé";"Liste I";"Antibacterien, Antiinfectieux, Antibacterien (Cephalosporines 3 generation)";"base PHARMACORP";"haute"
"ORELOX 200MG CPR PELL";"10440";"Médicament";"Cefpodoxime proxetil";"200mg";"Comprimé";"Liste I";"Antibacterien, Antiinfectieux, Antibacterien (Cephalosporines 3 generation)";"même marque dans la base PHARMACORP";"moyenne"
"ORELOX ENF 40MG/5ML 100 DOSES";"5975";"Médicament";"Cefpodoxime proxetil";"40mg/5ml";"";"Liste I";"Antibacterien, Antiinfectieux, Antibacterien (Cephalosporines 3 generation)";"même marque dans la base PHARMACORP";"moyenne"
"ORELOX ENF 40MG/5ML 200 DOSES";"10440";"Médicament";"Cefpodoxime proxetil";"40mg/5ml";"";"Liste I";"Antibacterien, Antiinfectieux, Antibacterien (Cephalosporines 3 generation)";"même marque dans la base PHARMACORP";"moyenne"
"OREX 125MG SP FL/60ML";"1870";"Médicament";"Cefalexine";"125mg/5mL";"Autre";"Liste I";"Antibiotique Antibacterien (Cephalosporines 1 generation)";"base PHARMACORP";"haute"
"OREX 250MG SP FL/60ML";"2940";"Médicament";"Cefalexine";"250mg/5mL";"Autre";"Liste I";"Antibiotique Antibacterien (Cephalosporines 1 generation)";"base PHARMACORP";"haute"
"OREX 500MG GELULE B/1";"4925";"Médicament";"Cefalexine";"500mg";"Gélule";"Liste I";"Antibiotique Antibacterien (Cephalosporines 1 generation)";"même marque dans la base PHARMACORP";"moyenne"
"ORIXO 200MG CPR B/10";"3465";"Médicament";"Ofloxacine";"200mg";"Comprimé";"Liste I";"Antibiotique Antibacterien (Quinolone 2 generation)";"base PHARMACORP";"haute"
"ORIXO 400MG CPR B/10";"5200";"Médicament";"Ofloxacine";"400mg";"Comprimé";"Liste I";"Antibiotique Antibacterien (Quinolone 2 generation)";"base PHARMACORP";"haute"
"ORNEL COMP.A CROQUER 400MG B/1";"345";"Médicament";"Albendazole";"400mg";"Comprimé";"";"";"identification manuelle (marque)";"moyenne"
"ORNEL SUSP BUV FL/10ML";"415";"Médicament";"Albendazole";"10ml";"Suspension buvable";"";"";"identification manuelle (marque)";"moyenne"
"ORNILOX 500/200MG CPR";"5545";"Médicament";"Ofloxacine + Ornidazole";"500/200mg";"Comprimé";"Liste I";"Antiparasitaire ( Nitro imidazoles + Quinolone 2 génération), Antibiotique Antibacterien";"même marque dans la base PHARMACORP";"moyenne"
"OROFER 50MG SP F/150M";"2955";"Médicament";"Fer";"50mg";"Sirop";"";"";"identification manuelle (marque)";"moyenne"
"OROFER GELULE B/40";"2675";"Médicament";"Fer";"";"Gélule";"";"";"identification manuelle (marque)";"moyenne"
"OROKEN 100MG/5ML PDR";"9845";"Médicament";"Cefixime";"100mg/5ml";"";"Liste I";"Antibiotique Antibacterien (Cephalosporines 3 generation)";"même marque dans la base PHARMACORP";"moyenne"
"OROKEN 200MG CP B/8";"9815";"Médicament";"Cefixime";"200mg";"Comprimé";"Liste I";"Antibiotique Antibacterien (Cephalosporines 3 generation)";"même marque dans la base PHARMACORP";"moyenne"
"OROKEN 40MG/5ML PDR F";"4825";"Médicament";"Cefixime";"40mg/5ml";"";"Liste I";"Antibiotique Antibacterien (Cephalosporines 3 generation)";"même marque dans la base PHARMACORP";"moyenne"
"OROPERIDYS 10MG B/21";"2080";"Médicament";"Domperidone";"10mg";"";"Liste II";"Antiemetique";"même marque dans la base PHARMACORP";"moyenne"
"OROSTIM GEL B/30";"3665";"Médicament";"Fenugrec + Gelee royale + Vitamines";"multidosage";"Crème / pommade / gel";"ST";"Complement alimentaire";"base PHARMACORP";"haute"
"OROSTIM SP F/125ML";"5585";"Médicament";"Fenugrec + Gelee royale + Vitamines";"multidosage";"Autre";"ST";"Complement alimentaire";"base PHARMACORP";"haute"
"OROXE 200MG CP B/10";"4165";"Médicament";"Ofloxacine";"200mg";"Comprimé";"Liste I";"Antibiotique Antibacterien (Quinolone 2 generation)";"même marque dans la base PHARMACORP";"moyenne"
"OROXINE 200MG/500MG COMP B/10";"5545";"Médicament";"Ofloxacine + Ornidazole";"200mg/500mg";"Comprimé";"Liste I";"Antiparasitaire ( Nitro imidazoles + Quinolone 2 génération), Antibiotique Antibacterien";"même marque dans la base PHARMACORP";"moyenne"
"OROZAMUDOL 50MG CPR ORODISP B 10";"3050";"Médicament";"Tramadol chlorhydrate";"50mg";"Comprimé";"Liste I";"Analgesique";"même marque dans la base PHARMACORP";"moyenne"
"OSICORT RETARD 80MG SUSP INJ F/2ML+SER 8906146092577";"2775";"Médicament";"Triamcinolone acetonide";"80mg";"Injectable";"Liste I";"Antiinflammatoire steroidien";"même marque dans la base PHARMACORP";"moyenne"
"OSMULE SFDB PDRE 5,6G SACHET B/1";"300";"Médicament";"Dextrose monohydrate + sodium chlorure + citrate de potassium monohydrate + saccharose";"5,6g";"Poudre / sachet";"ST";"Rehydratation orale";"même marque dans la base PHARMACORP";"moyenne"
"OSMULE SFDB PDRE 5,6G SACHET B/10";"2980";"Médicament";"Dextrose monohydrate + sodium chlorure + citrate de potassium monohydrate + saccharose";"5,6g";"Poudre / sachet";"ST";"Rehydratation orale";"même marque dans la base PHARMACORP";"moyenne"
"OSPAMOX 1000MG CPR DI";"3745";"Médicament";"Amoxicilline";"1000mg";"Comprimé";"Liste I";"Antibiotique Antibacterien (Penicillines)";"même marque dans la base PHARMACORP";"moyenne"
"OSPAMOX 500MG CP B/12";"1580";"Médicament";"Amoxicilline";"500mg";"Comprimé";"Liste I";"Antibiotique Antibacterien (Penicillines)";"base PHARMACORP";"haute"
"OSTEON 70MG COMP B/10";"34665";"Médicament";"Acide alendronique";"70mg";"Comprimé";"";"";"identification manuelle (marque)";"à vérifier"
"OTICAL SOL AURIC F/15ML";"1665";"Médicament";"Ofloxacine + Beclomethasone + Clotrimazole + Lidocaine chlorhydrate";"15ml";"Collyre / ORL";"Liste I";"Antifongique, Antiinfectieux, Antiinflammatoire steroidien, Anesthesique";"base PHARMACORP";"haute"
"OTIPAX SOL AURIC CPTE GTTES 16G";"2220";"Médicament";"Phenazone + lidocaine chlorhydrate";"16g";"Gouttes";"ST";"Antalgique, Antibacterien";"même marque dans la base PHARMACORP";"moyenne"
"OTOFA SOL AURIC FL/10";"3150";"Médicament";"Rifamycine sodique";"";"";"Liste I";"Antibiotique Antibacterien";"même marque dans la base PHARMACORP";"moyenne"
"OTOLAYO HYC OREILLE SOL AURIC.F/50ML";"6375";"";"";"50ml";"";"";"";"non identifié";"à vérifier"
"OTOREX ED GTTE AURIC";"1385";"Médicament";"Benzoate d'alkyle en C12-15 + Ethoxydiglycol + Camomille recutita + Cire de propolis + Bisabolol + Arbre à the alternifolia + Juniperus communis + Acetate de tocopheryle + Limonene + Linalol + Cinnamate de benzyle";"";"Gouttes";"ST";"Hygiene auriculaire";"même marque dans la base PHARMACORP";"moyenne"
"OTRIVINE 0,05% ENF GT";"1455";"Médicament";"Xylometazoline";"0,05%";"";"";"";"identification manuelle (marque)";"moyenne"
"OTRIVINE 0,1% GTTE NA";"1900";"Médicament";"Xylometazoline";"0,1%";"Gouttes";"";"";"identification manuelle (marque)";"moyenne"
"OVOCYPLUS GEL B/60";"30960";"Médicament";"MULTIVITAMINES";"160mg/24mg/2,5mcg/15mg/5mcg/200mcg/15mg/30mg/50mcg/3,5mg/2mg";"Crème / pommade / gel";"ST";"Supplement vitaminique";"base PHARMACORP";"haute"
"OVOCYPLUS GROSSESSE GELULE B/30";"13125";"Médicament";"MULTIVITAMINES";"";"Gélule";"ST";"Supplement vitaminique";"même marque dans la base PHARMACORP";"moyenne"
"OVUMIX OVULES VAG B/6";"3465";"Médicament";"Metronidazole + miconazole nitrate + neomycine sulfate + gotu kola + polymyxine sulfate";"";"Ovule";"Liste I";"Antibacterien, Antifongique, Antiinfectieux, Cicatrisant";"même marque dans la base PHARMACORP";"moyenne"
"OXACID 250/250/50MG/5ML SUSP BUV F/200ML";"2080";"Médicament";"Aluminium hydroxyde + Magnesium hydroxyde + Simethicone";"250mg/250mg/50mg";"Sirop / solution buvable";"ST";"Anti acide, Antiflatulent";"base PHARMACORP";"haute"
"OXACILLINE UBI 250MG/5ML PDRE SUSP 60ML";"1735";"Médicament";"Oxacilline";"250mg/5mL";"Sirop / solution buvable";"Liste I";"Antibiotique Antibacterien (Penicillines)";"base PHARMACORP";"haute"
"OXACILLINE UBI 500MG GELULE B/120";"32090";"Médicament";"Oxacilline";"500mg";"Gélule";"";"";"DCI citée dans la désignation";"moyenne"
"OXACILLINE UBI 500MG GELULE BLIS/12 DET";"3210";"Médicament";"Oxacilline";"500mg";"Gélule";"";"";"DCI citée dans la désignation";"moyenne"
"OXALAIR 125MCG INHALER 120D";"8320";"Médicament";"Fluticasone propionate";"125mcg";"";"Liste I";"Antiinflammatoire steroidien, Decongestif nasal, Antiasthmatique (Glucocorticoide)";"même marque dans la base PHARMACORP";"moyenne"
"OXAPEN 1G IM/IV B/1";"1705";"Médicament";"Oxacilline";"1g";"Injectable";"Liste I";"Antibiotique Antibacterien (Penicillines)";"même marque dans la base PHARMACORP";"moyenne"
"OXAPEN 250MG/5ML SP FL/60ML";"2120";"Médicament";"Oxacilline";"250mg/5ml";"Sirop";"Liste I";"Antibiotique Antibacterien (Penicillines)";"même marque dans la base PHARMACORP";"moyenne"
"OXAPEN 500MG CP B/12";"4035";"Médicament";"Oxacilline";"500mg";"Comprimé";"Liste I";"Antibiotique Antibacterien (Penicillines)";"même marque dans la base PHARMACORP";"moyenne"
"OXICLAR 125MG/5ML PDR";"2910";"Médicament";"Flucloxacilline";"125mg/5ml";"";"Liste I";"Antibiotique Antibacterien (Penicillines)";"même marque dans la base PHARMACORP";"moyenne"
"OXICLAR 250MG/5ML PDR";"3465";"Médicament";"Flucloxacilline";"250mg/5ml";"";"Liste I";"Antibiotique Antibacterien (Penicillines)";"même marque dans la base PHARMACORP";"moyenne"
"OXICLAR 500MG GEL B/2";"3330";"Médicament";"Flucloxacilline";"500mg";"Gélule";"Liste I";"Antibiotique Antibacterien (Penicillines)";"même marque dans la base PHARMACORP";"moyenne"
"OXYBOLDINE COMP EFF B";"2925";"Médicament";"Boldine + sulfate de sodium anhydre + dihydrogenophosphate de sodium";"";"Comprimé";"ST";"Flatulence, Dyspepsie";"même marque dans la base PHARMACORP";"moyenne"
"OXYPLASTINE 46% POM T";"2870";"Médicament";"Oxyde de zinc";"46%";"Crème / pommade";"ST";"Protecteur cutane";"même marque dans la base PHARMACORP";"moyenne"
"OXYPROLANE LAIT ECLAT FL/500ML";"36500";"Cosmétique / dermo";"";"500ml";"";"";"";"hors médicament";"haute"
"OXYPROLANE SAVON AU CURCUMA 250G";"10500";"Cosmétique / dermo";"";"250g";"";"";"";"hors médicament";"haute"
"OXYPROLANE TEINT ECLAT GELULE B/30";"35000";"Cosmétique / dermo";"";"";"Gélule";"";"";"hors médicament";"haute"
"OXYTOCINE IG 5UI/ML SOL INJ AMP/1ML B/1";"2495";"Médicament";"Oxytocine";"5ui";"Injectable";"";"";"DCI citée dans la désignation";"moyenne"
"OXYTROY 5UI/ML SOL IN";"1615";"Médicament";"Oxytocine";"5ui";"";"Liste II";"Ocytocique";"même marque dans la base PHARMACORP";"moyenne"
"OZAPRAL 30MG GELULE B/30";"7350";"Médicament";"Lansoprazole";"30mg";"Gélule";"Liste II";"Antiulcereux (IPP)";"même marque dans la base PHARMACORP";"moyenne"
"OZIBEN 100MG CPR B/6";"1260";"Médicament";"Mebendazole";"100mg";"Comprimé";"Liste II";"Antiparasitaire, Antihelminthique";"même marque dans la base PHARMACORP";"moyenne"
"OZIBEN 100MG SUSP BUV FL/30ML";"1790";"Médicament";"Mebendazole";"100mg";"Suspension buvable";"Liste II";"Antiparasitaire, Antihelminthique";"même marque dans la base PHARMACORP";"moyenne"
"OZIBEN 200MG SACH B/3";"2220";"Médicament";"Mebendazole";"200mg";"Poudre / sachet";"Liste II";"Antiparasitaire, Antihelminthique";"même marque dans la base PHARMACORP";"moyenne"
"OZIBEN 500MG CPR B/1";"1330";"Médicament";"Mebendazole";"500mg";"Comprimé";"Liste II";"Antiparasitaire, Antihelminthique";"même marque dans la base PHARMACORP";"moyenne"
"OZOLAMIDE COLL F/5ML";"5285";"Médicament";"Dorzolamide chlorhydrate";"5ml";"Collyre";"Liste I";"Antiglaucomateux";"même marque dans la base PHARMACORP";"moyenne"
"PACK F.L. N?1/ 2FL2 4";"9210";"";"";"";"";"";"";"non identifié";"à vérifier"
"PAIDOFEBRIL 100MG/5ML";"2775";"Médicament";"Ibuprofene";"100mg/5ml";"";"Liste II";"Antalgique, Antipyrétique, Antiinflammatoire non steroidien";"même marque dans la base PHARMACORP";"moyenne"
"PAIDOTERIN SP FL/100M";"2800";"Médicament";"Phenylephrine + diphenhydramine chlorhydrate + chlorphenamine maleate + gaiacolate de glycerile";"";"Sirop";"ST";"Antitussif, Rhume et etat grippal";"même marque dans la base PHARMACORP";"moyenne"
"PAINEX 325/400MG CPR";"1855";"Médicament";"Ibuprofene + Paracetamol";"325/400mg";"Comprimé";"Liste II";"Antalgique, Antipyrétique, Antiinflammatoire non steroidien";"même marque dans la base PHARMACORP";"moyenne"
"PAINEX SP FL/60ML";"2535";"Médicament";"Ibuprofene + Paracetamol";"60ml";"Sirop";"Liste II";"Antalgique, Antipyrétique, Antiinflammatoire non steroidien";"même marque dans la base PHARMACORP";"moyenne"
"PALSUNATE 120MG PDRE";"2775";"Médicament";"Artesunate";"120mg";"Poudre / sachet";"Liste I";"Antipaludique";"même marque dans la base PHARMACORP";"moyenne"
"PALUCURE 40MG/240MG C";"2910";"Médicament";"Artemether + Lumefantrine";"40mg/240mg";"";"Liste I";"Antipaludique";"même marque dans la base PHARMACORP";"moyenne"
"PALUCURE 80MG/480MG C";"2910";"Médicament";"Artemether + Lumefantrine";"80mg/480mg";"";"Liste I";"Antipaludique";"même marque dans la base PHARMACORP";"moyenne"
"PALUCURE DT 20/120MG COMP.DISP B/6";"1040";"Médicament";"Artemether + Lumefantrine";"20/120mg";"Comprimé";"Liste I";"Antipaludique";"même marque dans la base PHARMACORP";"moyenne"
"PALUMEL 20MG/120MG CP";"1375";"Médicament";"Artemether + Lumefantrine";"20mg/120mg";"Comprimé";"Liste I";"Antipaludique";"même marque dans la base PHARMACORP";"moyenne"
"PALUMEL 80MG/480MG CP";"2745";"Médicament";"Artemether + Lumefantrine";"80mg/480mg";"Comprimé";"Liste I";"Antipaludique";"même marque dans la base PHARMACORP";"moyenne"
"PALUMIL 20MG/120MG EN";"1110";"Médicament";"Artemether + Lumefantrine";"20mg/120mg";"";"Liste I";"Antipaludique";"même marque dans la base PHARMACORP";"moyenne"
"PALUMIL 80MG/480MG COMP B/6";"3330";"Médicament";"Artemether + Lumefantrine";"80mg/480mg";"Comprimé";"Liste I";"Antipaludique";"même marque dans la base PHARMACORP";"moyenne"
"PALUTOR 20/120MG COMP.DISP.B/6";"900";"Médicament";"Artemether + Lumefantrine";"20/120mg";"Comprimé";"Liste I";"Antipaludique";"même marque dans la base PHARMACORP";"moyenne"
"PALUTOR 80/480MG COMP.DISP.B/6";"2910";"Médicament";"Artemether + Lumefantrine";"80/480mg";"Comprimé";"Liste I";"Antipaludique";"même marque dans la base PHARMACORP";"moyenne"
"PALUVA 180MG/1080MG P";"1620";"Médicament";"Artemether + Lumefantrine";"180mg/1080mg";"";"";"";"identification manuelle (marque)";"moyenne"
"PALUVA 20MG/120MG CPR";"1250";"Médicament";"Artemether + Lumefantrine";"20mg/120mg";"Comprimé";"";"";"identification manuelle (marque)";"moyenne"
"PALUVA 40MG INJ.B/6";"2995";"Médicament";"Artemether";"40mg";"Injectable";"";"";"identification manuelle (marque)";"moyenne"
"PALUVA 40MG/240MG CPR";"1860";"Médicament";"Artemether + Lumefantrine";"40mg/240mg";"Comprimé";"";"";"identification manuelle (marque)";"moyenne"
"PALUVA 60MG/360MG CPR";"1995";"Médicament";"Artemether + Lumefantrine";"60mg/360mg";"Comprimé";"";"";"identification manuelle (marque)";"moyenne"
"PALUVA 80MG INJ B/6";"3895";"Médicament";"Artemether";"80mg";"Injectable";"";"";"identification manuelle (marque)";"moyenne"
"PALUVA 80MG/480MG CPR";"2135";"Médicament";"Artemether + Lumefantrine";"80mg/480mg";"Comprimé";"";"";"identification manuelle (marque)";"moyenne"
"PALUVA PLUS 60MG IM/I";"1135";"Médicament";"Artemether + Lumefantrine";"60mg";"Injectable";"";"";"identification manuelle (marque)";"moyenne"
"PALUVA SENIOR INJ 120MG B/1";"2050";"Médicament";"Artemether";"120mg";"Injectable";"";"";"identification manuelle (marque)";"moyenne"
"PALUVA+JUNIOR INJ 30MG B/1";"970";"Médicament";"Artemether";"30mg";"Injectable";"";"";"identification manuelle (marque)";"moyenne"
"PAMAGIN C CPR B/10";"2080";"Médicament";"Paracetamol + Cetirizine + Dextromethorphane + Phenylephrine + Zinc";"500mg/5mg/15mg/5mg/7,5mg";"Comprimé";"ST";"Antigrippal";"base PHARMACORP";"haute"
"PAMAGIN C SP F/60ML";"1870";"Médicament";"Paracetamol + Cetirizine + Menthol + Phenylephrine";"500mg/2,5mg/2,5mg/5mg";"Autre";"ST";"Antigrippal";"base PHARMACORP";"haute"
"PAMKACIN 500MG/2ML S.INJ B/1";"4160";"Médicament";"Amikacine";"500mg/2ml";"Injectable";"";"";"identification manuelle (marque)";"moyenne"
"PAMOL 10MG/ML SOL PER";"1555";"Médicament";"Paracetamol";"10mg";"";"ST";"Antalgique, Antipyrétique";"même marque dans la base PHARMACORP";"moyenne"
"PAN AMOXICILLIN 1G INJ AMP COFFRET/25";"28880";"Médicament";"Amoxicilline";"1g";"Injectable";"";"";"identification manuelle (marque)";"moyenne"
"PAN AMOXICILLIN 1G INJ AMP/1 DETAIL";"1160";"Médicament";"Amoxicilline";"1g";"Injectable";"";"";"identification manuelle (marque)";"moyenne"
"PAN CEFTRIAXONE 1G IM IV B/25";"46130";"Médicament";"Ceftriaxone";"1g";"Injectable";"";"";"DCI citée dans la désignation";"moyenne"
"PAN CEFTRIAXONE 1G IM IV DETAIL AMP/1";"1845";"Médicament";"Ceftriaxone";"1g";"Injectable";"";"";"DCI citée dans la désignation";"moyenne"
"PAN GENTAMICINE 10MG";"5405";"Médicament";"Gentamicine";"10mg";"";"";"";"identification manuelle (marque)";"moyenne"
"PAN GENTAMICINE 160 MG INJ DETAIL";"1220";"Médicament";"Gentamicine";"160mg";"Injectable";"";"";"identification manuelle (marque)";"moyenne"
"PAN GENTAMICINE 160MG";"12515";"Médicament";"Gentamicine";"160mg";"";"";"";"identification manuelle (marque)";"moyenne"
"PAN GENTAMICINE 40MG";"730";"Médicament";"Gentamicine";"40mg";"";"";"";"identification manuelle (marque)";"moyenne"
"PAN GENTAMICINE 40MG INJ B/10";"7285";"Médicament";"Gentamicine";"40mg";"Injectable";"Liste I";"Antibiotique Antibacterien (Aminosides)";"base PHARMACORP";"haute"
"PAN GENTAMICINE 80MG";"5790";"Médicament";"Gentamicine";"80mg";"";"";"";"identification manuelle (marque)";"moyenne"
"PANADEX 100/325/15MG";"2775";"Médicament";"Acide acetyl salicylique + Paracetamol + Cafeine";"100/325/15mg";"";"ST";"Antalgique, Antiagregant plaquettaire, Antipyrétique, Antiinflammatoire non steroidien";"même marque dans la base PHARMACORP";"moyenne"
"PANADOL 500MG COMP EF";"1370";"Médicament";"Paracetamol";"500mg";"Comprimé";"";"";"identification manuelle (marque)";"moyenne"
"PANADOL ACTIFAST 500M";"2010";"Médicament";"Paracetamol";"";"";"";"";"identification manuelle (marque)";"moyenne"
"PANADOL ADVANCE 500MG";"1165";"Médicament";"Paracetamol";"500mg";"";"";"";"identification manuelle (marque)";"moyenne"
"PANADOL EXTRA ADVANCE";"1455";"Médicament";"Paracetamol";"";"";"";"";"identification manuelle (marque)";"moyenne"
"PANADOL NN/ENF SP FL/100ML";"1220";"Médicament";"Paracetamol";"100ml";"Sirop";"";"";"identification manuelle (marque)";"moyenne"
"PANALGIC CPR EFFV B/1";"1525";"Médicament";"Paracetamol + Cafeine";"";"Comprimé";"ST";"Antalgique, Antipyrétique";"même marque dans la base PHARMACORP";"moyenne"
"PANCI D 40MG/10MG CPR";"7285";"Médicament";"Pantoprazole + Domperidone";"40mg/10mg";"Comprimé";"Liste II";"Antiemetique, Antiulcereux (IPP)";"même marque dans la base PHARMACORP";"moyenne"
"PANDOM 40MG/10MG COMP/GAST RES B/10";"3465";"Médicament";"Pantoprazole + Domperidone";"40mg/10mg";"Comprimé";"Liste II";"Antiemetique, Antiulcereux (IPP)";"même marque dans la base PHARMACORP";"moyenne"
"PANKIR 40MG PDR SOL INJ AMP B/1";"4160";"Médicament";"Pantoprazole";"40mg";"Injectable";"";"";"identification manuelle (marque)";"moyenne"
"PANOL 250MG SP FL/100ML";"1360";"Médicament";"Paracetamol";"250mg";"Sirop";"ST";"Antalgique, Antipyrétique";"même marque dans la base PHARMACORP";"moyenne"
"PANOL 500MG COMP B/100";"2080";"Médicament";"Paracetamol";"500mg";"Comprimé";"ST";"Antalgique, Antipyrétique";"même marque dans la base PHARMACORP";"moyenne"
"PANOL 500MG COMP DETAIL BLISTER/10";"210";"Médicament";"Paracetamol";"500mg";"Comprimé";"ST";"Antalgique, Antipyrétique";"même marque dans la base PHARMACORP";"moyenne"
"PANOL 500MG SACH B/12";"1440";"Médicament";"Paracetamol";"500mg";"Sachet / poudre";"ST";"Antalgique, Antipyrétique";"base PHARMACORP";"haute"
"PANOL CP 500MG B/20";"1040";"Médicament";"Paracetamol";"500mg";"Comprimé";"ST";"Antalgique, Antipyrétique";"même marque dans la base PHARMACORP";"moyenne"
"PANOTILE GTTE AURIC F";"1885";"Médicament";"Neomycine + polymyxine b + fludrocortisone + lidocaine";"";"Gouttes";"Liste I";"Antiinfectieux, Antiinflammatoire steroidien";"même marque dans la base PHARMACORP";"moyenne"
"PANTIN 40MG CPR GAST";"9015";"Médicament";"Pantoprazole";"40mg";"Comprimé";"Liste II";"Antiulcereux (IPP)";"même marque dans la base PHARMACORP";"moyenne"
"PANTO DENK 20MG CPR B";"6240";"Médicament";"Pantoprazole";"20mg";"Comprimé";"Liste II";"Antiulcereux (IPP)";"même marque dans la base PHARMACORP";"moyenne"
"PANTO DENK 40MG CPR B";"9015";"Médicament";"Pantoprazole";"40mg";"Comprimé";"Liste II";"Antiulcereux (IPP)";"même marque dans la base PHARMACORP";"moyenne"
"PANTOFAV 40MG CPR GAS";"6240";"Médicament";"Pantoprazole";"40mg";"Comprimé";"Liste II";"Antiulcereux (IPP)";"même marque dans la base PHARMACORP";"moyenne"
"PANTOLOC 20MG CPR B/1";"3605";"Médicament";"Pantoprazole";"20mg";"Comprimé";"Liste II";"Antiulcereux (IPP)";"même marque dans la base PHARMACORP";"moyenne"
"PANTOLOC 40MG CPR B/1";"4555";"Médicament";"Pantoprazole";"40mg";"Comprimé";"Liste II";"Antiulcereux (IPP)";"même marque dans la base PHARMACORP";"moyenne"
"PANTONEX DR 40MG CPR B/10";"1940";"Médicament";"Pantoprazole";"40mg";"Comprimé";"Liste II";"Antiulcereux (IPP)";"même marque dans la base PHARMACORP";"moyenne"
"PANTONEX DR 40MG CPR B/30";"3175";"Médicament";"Pantoprazole";"40mg";"Comprimé";"Liste II";"Antiulcereux (IPP)";"même marque dans la base PHARMACORP";"moyenne"
"PANTOPRAL D 40MG/30MG GELULE B/30";"8180";"Médicament";"Pantoprazole + Domperidone";"40mg/30mg";"Gélule";"Liste II";"Antiemetique, Antiulcereux (IPP)";"même marque dans la base PHARMACORP";"moyenne"
"PANTOPRAZOLE FRI 40MG INJ B/1";"3880";"Médicament";"Pantoprazole";"40mg";"Injectable";"";"";"DCI citée dans la désignation";"moyenne"
"PANZITOP 40MG GEL B/1";"3750";"Médicament";"Pantoprazole";"40mg";"Gélule";"Liste II";"Antiulcereux (IPP)";"même marque dans la base PHARMACORP";"moyenne"
"PAPIL-OFF OVULE B/10";"9000";"Médicament";"Beta-glucane + Myrtille + Acide lactique + Acide hyaluronique";"";"Ovule";"Liste II";"Antiseptique";"même marque dans la base PHARMACORP";"moyenne"
"PAPOFFER CPR EFFV B/2";"3330";"Médicament";"Papaine + Diastase fongique + Simethicone";"";"Comprimé";"ST";"Asthenie, Dyspepsie";"même marque dans la base PHARMACORP";"moyenne"
"PAPS PDRE HYG CORPS F";"6290";"Cosmétique / dermo";"";"";"Poudre / sachet";"";"";"hors médicament";"haute"
"PARACAF CPR B/20";"930";"Médicament";"Paracetamol + Cafeine";"500mg/65mg";"Comprimé";"ST";"Antalgique, Antipyrétique";"base PHARMACORP";"haute"
"PARACE 100MG/500MG CP B/10";"2010";"Médicament";"Aceclofenac + Paracetamol";"100mg/500mg";"Comprimé";"Liste II";"Antalgique, Antipyrétique, Antiinflammatoire non steroidien";"même marque dans la base PHARMACORP";"moyenne"
"PARACELO 500MG/100MG";"2720";"Médicament";"Aceclofenac + Paracetamol";"500mg/100mg";"";"";"";"identification manuelle (marque)";"moyenne"
"PARACETA M 1G SOL INJ";"2175";"Médicament";"Paracetamol";"1g";"Injectable";"";"";"DCI citée dans la désignation";"moyenne"
"PARACETA-M 500MG/50ML INJ B/1";"1525";"Médicament";"Paracetamol";"500mg/50ml";"Injectable";"";"";"DCI citée dans la désignation";"moyenne"
"PARACETAMOL BGR 500 C";"945";"Médicament";"Paracetamol";"";"";"";"";"DCI citée dans la désignation";"moyenne"
"PARACETAMOL CREAT 500MG CPR B/24";"1360";"Médicament";"Paracetamol";"500mg";"Comprimé";"ST";"Antalgique, Antipyrétique";"base PHARMACORP";"haute"
"PARACETAMOL KABI 1000-100 B/1";"2220";"Médicament";"Paracetamol";"";"";"";"";"DCI citée dans la désignation";"moyenne"
"PARACETAMOL KABI 500-50 B/1";"2010";"Médicament";"Paracetamol";"";"";"";"";"DCI citée dans la désignation";"moyenne"
"PARACETAMOL LUPHA 10MG/ML INJ F/50ML";"1325";"Médicament";"Paracetamol";"10mg/Ml";"Injectable";"ST";"Antalgique, Antipyrétique";"base PHARMACORP";"haute"
"PARACETAMOL LUPHA 1G INJ FL/100ML";"1660";"Médicament";"Paracetamol";"1g";"Injectable";"";"";"DCI citée dans la désignation";"moyenne"
"PARACETAMOL LUPHA 500MG COMP B/20";"780";"Médicament";"Paracetamol";"500mg";"Comprimé";"";"";"DCI citée dans la désignation";"moyenne"
"PARACETAMOL UBI 120MG/5ML PDRE SUSP/60ML";"965";"Médicament";"Paracetamol";"120mg/5ml";"Suspension buvable";"";"";"DCI citée dans la désignation";"moyenne"
"PARACETAMOL UBI 500MG CPR 100 BL 10";"17330";"Médicament";"Paracetamol";"500mg";"Comprimé";"ST";"Antalgique, Antipyrétique";"base PHARMACORP";"haute"
"PARACETAMOL UBI 500MG CPR BL 10 DETAIL";"175";"Médicament";"Paracetamol";"500mg";"Comprimé";"";"";"DCI citée dans la désignation";"moyenne"
"PARACO DENK 500/30 CP";"2080";"Médicament";"Paracetamol + Codeine";"";"Comprimé";"";"";"identification manuelle (marque)";"moyenne"
"PARACO DENK SUPPO B/10";"4255";"Médicament";"Paracetamol";"";"Suppositoire";"";"";"identification manuelle (marque)";"moyenne"
"PARADIK 50MG/500MG CP B/100";"6935";"Médicament";"Diclofenac + Paracetamol";"50mg/500mg";"Comprimé";"";"";"identification manuelle (marque)";"moyenne"
"PARADIK 50MG/500MG CP BLISTER/10";"695";"Médicament";"Diclofenac + Paracetamol";"50mg/500mg";"Comprimé";"";"";"identification manuelle (marque)";"moyenne"
"PARADIK FORTE COMP B/100";"13865";"Médicament";"Diclofenac + Paracetamol";"";"Comprimé";"";"";"identification manuelle (marque)";"moyenne"
"PARADIK FORTE COMP DETAIL";"1385";"Médicament";"Diclofenac + Paracetamol";"";"Comprimé";"";"";"identification manuelle (marque)";"moyenne"
"PARAFIZZ 1G COMP EFFERV B/8";"1430";"Médicament";"Paracetamol";"1g";"Comprimé";"ST";"Antalgique, Antipyrétique";"même marque dans la base PHARMACORP";"moyenne"
"PARAFIZZ 500MG COMP EFFERV B/16";"1455";"Médicament";"Paracetamol";"500mg";"Comprimé";"ST";"Antalgique, Antipyrétique";"même marque dans la base PHARMACORP";"moyenne"
"PARAFUSIV IV 10MG/ML 100ML B/1";"1665";"Médicament";"Paracetamol";"10mg";"Injectable";"ST";"Antalgique, Antipyrétique";"même marque dans la base PHARMACORP";"moyenne"
"PARALIB 12 LP 1000MG";"1625";"Médicament";"Paracetamol";"1000mg";"";"ST";"Antalgique, Antipyrétique";"même marque dans la base PHARMACORP";"moyenne"
"PARAMAX 100MG/500MG COMP B/10";"1385";"Médicament";"Aceclofenac + Paracetamol";"100mg/500mg";"Comprimé";"Liste II";"Antalgique, Antipyrétique, Antiinflammatoire non steroidien";"même marque dans la base PHARMACORP";"moyenne"
"PARAMAX 100MG/500MG COMP B/30";"2775";"Médicament";"Aceclofenac + Paracetamol";"100mg/500mg";"Comprimé";"Liste II";"Antalgique, Antipyrétique, Antiinflammatoire non steroidien";"même marque dans la base PHARMACORP";"moyenne"
"PARANIYA 1G SOL INJ PERF F/100ML";"1805";"Médicament";"Paracetamol";"1g";"Injectable";"ST";"Antalgique, Antipyrétique";"base PHARMACORP";"haute"
"PARASIDOSE SOIN TRAIT FL/100ML";"6190";"Médicament";"Biococidine";"100ml";"";"ST";"Anti poux";"même marque dans la base PHARMACORP";"moyenne"
"PARASIDOSE SOIN TRAIT FL/200ML";"9200";"Médicament";"Biococidine";"200ml";"";"ST";"Anti poux";"même marque dans la base PHARMACORP";"moyenne"
"PARASON 125MG/5ML S,B";"970";"Médicament";"Paracetamol";"125mg/5ml";"";"ST";"Antalgique, Antipyrétique";"même marque dans la base PHARMACORP";"moyenne"
"PARAZOL 400MG CPR B/1";"930";"Médicament";"Albendazole";"400mg";"Comprimé";"Liste II";"Antiparasitaire, Antihelminthique";"base PHARMACORP";"haute"
"PARF CLIVE DORRIS ADV";"4750";"Cosmétique / dermo";"";"";"";"";"";"hors médicament";"haute"
"PARF CLIVE DORRIS BRO";"4750";"Cosmétique / dermo";"";"";"";"";"";"hors médicament";"haute"
"PARF CLIVE DORRIS FLO";"4750";"Cosmétique / dermo";"";"";"";"";"";"hors médicament";"haute"
"PARFUM COLLECTION PLATINIUM PARIS FL/32ML";"5000";"Cosmétique / dermo";"";"32ml";"Collyre";"";"";"hors médicament (filtre)";"moyenne"
"PARIB 100MG/125MG SUS";"1430";"Médicament";"Ibuprofene + Paracetamol";"100mg/125mg";"";"Liste II";"Antalgique, Antipyrétique, Antiinflammatoire non steroidien";"même marque dans la base PHARMACORP";"moyenne"
"PARIB C 500MG/400MG C";"1110";"Médicament";"Ibuprofene + Paracetamol";"500mg/400mg";"";"Liste II";"Antalgique, Antipyrétique, Antiinflammatoire non steroidien";"même marque dans la base PHARMACORP";"moyenne"
"PARLODEL 10MG GELULE B/30";"11250";"Médicament";"Bromocriptine";"10mg";"Gélule";"Liste I";"Antiparkinsonien, Inhibiteur de la prolactine";"même marque dans la base PHARMACORP";"moyenne"
"PARLODEL 2.5MG COMP.B/30 3400932026555";"5975";"Médicament";"Bromocriptine";"2.5mg";"Comprimé";"Liste I";"Antiparkinsonien, Inhibiteur de la prolactine";"même marque dans la base PHARMACORP";"moyenne"
"PARODONTAX BAIN BOUCH";"5735";"Cosmétique / dermo";"";"";"";"";"";"hors médicament";"haute"
"PARODONTAX BLANCHEUR T/75ML";"6815";"Cosmétique / dermo";"";"75ml";"";"";"";"hors médicament";"haute"
"PARODONTAX FRAICHEUR INTENSE T/75ML 3094904501166";"5340";"Cosmétique / dermo";"";"75ml";"";"";"";"hors médicament";"haute"
"PARODONTAX PATE T/75ML 3401381460686";"5415";"Cosmétique / dermo";"";"75ml";"";"";"";"hors médicament";"haute"
"PARODONTAX PROTECT FLUOR T/75ML 3094907614986";"5505";"Cosmétique / dermo";"";"75ml";"";"";"";"hors médicament";"haute"
"PAROFEN 400/500MG CPR";"2080";"Médicament";"Ibuprofene + Paracetamol";"400/500mg";"Comprimé";"Liste II";"Antalgique, Antipyrétique, Antiinflammatoire non steroidien";"même marque dans la base PHARMACORP";"moyenne"
"PAROGENCYL PREVENTION";"4545";"Cosmétique / dermo";"";"";"";"";"";"hors médicament";"haute"
"PAROGENCYL SENS GENCI";"4615";"Cosmétique / dermo";"";"";"";"";"";"hors médicament";"haute"
"PAROGENCYL SOIN INT GENGIVE T/75ML";"4700";"Cosmétique / dermo";"";"75ml";"";"";"";"hors médicament";"haute"
"PAROL 250MG/5ML SUSP";"1870";"Médicament";"Paracetamol";"250mg/5ml";"Suspension buvable";"ST";"Antalgique, Antipyrétique";"même marque dans la base PHARMACORP";"moyenne"
"PAROL 500MG CPR B/30";"1455";"Médicament";"Paracetamol";"500mg";"Comprimé";"ST";"Antalgique, Antipyrétique";"même marque dans la base PHARMACORP";"moyenne"
"PASSEDYL ENF/BB SP FL";"2425";"Médicament";"Sulfogaiacol + benzoate de sodium";"";"Sirop";"ST";"Antitussif, Expectorant";"même marque dans la base PHARMACORP";"moyenne"
"PATADIN 0,1% COLL F/5";"3745";"Médicament";"Olopatadine";"0,1%";"Collyre";"Liste I";"Antiallergique oculaire";"même marque dans la base PHARMACORP";"moyenne"
"PB-NERVE COMP/B/30";"5545";"";"";"";"Comprimé";"";"";"non identifié";"à vérifier"
"PECTOGEN SIROIP F/120ML";"1525";"Médicament";"Salbutamol + Bromhexine + Guaifenesine + Menthol";"120ml";"";"Liste I";"Mucolytique, Bronchodilatateur";"même marque dans la base PHARMACORP";"moyenne"
"PEDIAKID SOMMEIL SUSP F/125ML 3700225600210";"10995";"Nutrition / complément";"";"125ml";"Suspension buvable";"";"";"hors médicament";"haute"
"PEDIAVIT SP F/100ML";"2430";"Médicament";"Vitamines + Mineraux";"multidosage";"Autre";"ST";"Supplement vitaminique";"base PHARMACORP";"haute"
"PEDIFEN AD 400MG CPR";"2425";"Médicament";"Ibuprofene";"400mg";"Comprimé";"Liste II";"Antalgique, Antipyrétique, Antiinflammatoire non steroidien";"même marque dans la base PHARMACORP";"moyenne"
"PEDIFEN PEDIAT SP FL/";"2635";"Médicament";"Ibuprofene";"";"Sirop";"Liste II";"Antalgique, Antipyrétique, Antiinflammatoire non steroidien";"même marque dans la base PHARMACORP";"moyenne"
"PEITEL 0,25% CR T/30G";"5130";"Médicament";"Prednicarbate";"0,25 %";"Crème / pommade / gel";"Liste I";"Antiinflammatoire, Antiallergique";"base PHARMACORP";"haute"
"PENIS DEV CREAM T/75ML";"14510";"";"";"75ml";"";"";"";"non identifié";"à vérifier"
"PEPSANE GEL SACH 10G";"4685";"Médicament";"Dimeticone + gaiazulene";"10g";"Poudre / sachet";"ST";"Anti acide";"même marque dans la base PHARMACORP";"moyenne"
"PEPTEX 250MG/250MG/50";"2080";"";"";"250mg/250mg";"";"";"";"non identifié";"à vérifier"
"PEPTEX CPR CROQ B/12";"1845";"Médicament";"Aluminium hydroxyde + Magnesium hydroxyde + Simethicone";"0 %";"Comprimé";"ST";"Anti acide, Antiflatulent";"base PHARMACORP";"haute"
"PEPTEX SOL BUV SACHET B";"3815";"";"";"";"Poudre / sachet";"";"";"non identifié";"à vérifier"
"PERFECTIUM GELULE B/56";"45000";"Nutrition / complément";"";"";"Injectable";"";"";"hors médicament";"haute"
"PERFUSEUR LABELL AIG";"535";"Dispositif médical / consommable";"";"";"Injectable";"";"";"hors médicament";"haute"
"PERIACTINE 4MG COMP B";"7265";"Médicament";"Cyproheptadine";"4mg";"Comprimé";"ST";"Antihistaminique, Stimulant de l'appetit, Antiallergique";"même marque dans la base PHARMACORP";"moyenne"
"PERINAM DENK 8MG/10MG";"11785";"Médicament";"Amlodipine + Perindopril";"8mg/10mg";"";"Liste I";"Antihypertenseur (IC + IEC)";"même marque dans la base PHARMACORP";"moyenne"
"PERINAM-DENK 4/5 CP/3";"9015";"Médicament";"Amlodipine + Perindopril";"";"Comprimé";"Liste I";"Antihypertenseur (IC + IEC)";"même marque dans la base PHARMACORP";"moyenne"
"PERISPASM 80MG CPR B/10";"1665";"Médicament";"Phloroglucinol";"80mg";"Comprimé";"ST";"Antispasmodique (Musculotrope)";"même marque dans la base PHARMACORP";"moyenne"
"PERISPASM 80MG CPR B/30";"3605";"Médicament";"Phloroglucinol";"80mg";"Comprimé";"ST";"Antispasmodique (Musculotrope)";"même marque dans la base PHARMACORP";"moyenne"
"PERMIXON 160MG GELULE B/60";"25140";"Médicament";"Extrait lipido sterolique de serenoa repens";"160mg";"Gélule";"Liste II";"Complement alimentaire";"même marque dans la base PHARMACORP";"moyenne"
"PERNABOL CPR B/30";"1330";"Médicament";"Cyproheptadine";"";"Comprimé";"ST";"Antihistaminique, Stimulant de l'appetit, Antiallergique";"même marque dans la base PHARMACORP";"moyenne"
"PERNABOL SP F/125ML";"1070";"Médicament";"Cyproheptadine";"125ml";"Sirop";"ST";"Antihistaminique, Stimulant de l'appetit, Antiallergique";"même marque dans la base PHARMACORP";"moyenne"
"PEROCRIL IP 10MG/2.5MG COMP.B/30";"9705";"Médicament";"Perindopril + Indapamide";"10mg/2.5mg";"Comprimé";"Liste I";"Antihypertenseur (IEC + DT)";"même marque dans la base PHARMACORP";"moyenne"
"PEROCRIL IP 5MG/1.25MG COMP B/30";"9015";"Médicament";"Perindopril + Indapamide";"5mg/1.25mg";"Comprimé";"Liste I";"Antihypertenseur (IEC + DT)";"même marque dans la base PHARMACORP";"moyenne"
"PERUBORE INHALATION C";"3355";"Médicament";"HE (Romarin + Thym rouge + Lavande) + Thymol";"";"";"ST";"Antiseptique, Decongestionnant";"même marque dans la base PHARMACORP";"moyenne"
"PERVITAL SP F/125ML";"1955";"Médicament";"Cyproheptadine + Vitamines";"125ml";"Sirop";"ST";"Stimulant de l'appetit";"même marque dans la base PHARMACORP";"moyenne"
"PETIT PLAISIR AMANDE GOURMANDE 110ML";"7980";"Cosmétique / dermo";"";"110ml";"Sirop";"";"";"hors médicament";"haute"
"PETIT PLAISIR AMDE GOURM FL/110ML";"7690";"Cosmétique / dermo";"";"110ml";"Sirop";"";"";"hors médicament";"haute"
"PETIT PLAISIR CARAMEL 110ML";"7950";"Cosmétique / dermo";"";"110ml";"Sirop";"";"";"hors médicament";"haute"
"PETIT PLAISIR CHEVREF";"10200";"Cosmétique / dermo";"";"";"Sirop";"";"";"hors médicament";"haute"
"PETIT PLAISIR EDT COCO 110ML 901574";"7980";"Cosmétique / dermo";"";"110ml";"Sirop";"";"";"hors médicament";"haute"
"PETIT PLAISIR EDT ROSE 110ML 01846";"7950";"Cosmétique / dermo";"";"110ml";"Sirop";"";"";"hors médicament";"haute"
"PETIT PLAISIR FL COTON 110ML 900428";"7890";"Cosmétique / dermo";"";"110ml";"Sirop";"";"";"hors médicament";"haute"
"PETIT PLAISIR FL ORANGER 110ML";"7980";"Cosmétique / dermo";"";"110ml";"Sirop";"";"";"hors médicament";"haute"
"PETIT PLAISIR MUGUET";"8190";"Cosmétique / dermo";"";"";"Sirop";"";"";"hors médicament";"haute"
"PETIT PLAISIR MUSC BLANC 110ML";"8190";"Cosmétique / dermo";"";"110ml";"Sirop";"";"";"hors médicament";"haute"
"PETIT PLAISIR PATCHOULI 110ML";"8370";"Cosmétique / dermo";"";"110ml";"Sirop";"";"";"hors médicament";"haute"
"PETIT PLAISIR VANILLE 110ML";"8250";"Cosmétique / dermo";"";"110ml";"Sirop";"";"";"hors médicament";"haute"
"PETIT PLAISIR VANILLE FRAISE 110ML 87184";"7895";"Cosmétique / dermo";"";"110ml";"Sirop";"";"";"hors médicament";"haute"
"PETIT PLAISIR VANILLE FRAMBROISE 110ML";"10200";"Cosmétique / dermo";"";"110ml";"Sirop";"";"";"hors médicament";"haute"
"PETIT PLAISIR VANILLE GOURMAND 110ML";"8200";"Cosmétique / dermo";"";"110ml";"Sirop";"";"";"hors médicament";"haute"
"PEVAGINE 1% CR T/30G";"2775";"Médicament";"Econazole";"1 %";"Crème / pommade / gel";"Liste I";"Antifongique, Antimycosique";"base PHARMACORP";"haute"
"PEVAGINE 150MG OV B/3";"3815";"Médicament";"Econazole";"150mg";"Autre";"Liste I";"Antifongique, Antimycosique";"base PHARMACORP";"haute"
"PEVARYL 1% SOL.EXT F/30G 3400933576943";"5560";"Médicament";"Econazole";"1%";"";"Liste I";"Antifongique, Antimycosique";"même marque dans la base PHARMACORP";"moyenne"
"PH7 5G GANU EFFERV SACH B/10";"3050";"Médicament";"Bicarbonate de sodium + Acide citrique + Acide tartrique + Arôme";"5g";"Poudre / sachet";"ST";"Antiflatulent";"même marque dans la base PHARMACORP";"moyenne"
"PHALIS 20MG COMP B/4";"10400";"Médicament";"Tadalafil";"20mg";"Comprimé";"Liste I";"Troubles de l'érection";"même marque dans la base PHARMACORP";"moyenne"
"PHARLUMI 20MG/120MG C";"830";"Médicament";"Artemether + Lumefantrine";"20mg/120mg";"";"Liste I";"Antipaludique";"même marque dans la base PHARMACORP";"moyenne"
"PHARLUMI 40MG/240MG C";"1315";"Médicament";"Artemether + Lumefantrine";"40mg/240mg";"";"Liste I";"Antipaludique";"même marque dans la base PHARMACORP";"moyenne"
"PHARLUMI 80MG/480MG C";"2900";"Médicament";"Artemether + Lumefantrine";"80mg/480mg";"";"Liste I";"Antipaludique";"même marque dans la base PHARMACORP";"moyenne"
"PHARMACINON 5UI/ML INJ B/10";"3575";"Médicament";"Oxytocine";"5ui";"Injectable";"Liste II";"Ocytocique";"même marque dans la base PHARMACORP";"moyenne"
"PHARMACINON 5UI/ML INJ B/3";"1190";"Médicament";"Oxytocine";"5ui";"Injectable";"Liste II";"Ocytocique";"même marque dans la base PHARMACORP";"moyenne"
"PHARMAGRIP SS GEL B/1";"2110";"Médicament";"Paracetamol + Phenylephrine + Chlorphenamine";"";"Suspension buvable";"ST";"Decongestif nasal, Antigrippal";"même marque dans la base PHARMACORP";"moyenne"
"PHARMAGRIP SS SUSP SA";"3175";"Médicament";"Paracetamol + Phenylephrine + Chlorphenamine";"";"Suspension buvable";"ST";"Decongestif nasal, Antigrippal";"même marque dans la base PHARMACORP";"moyenne"
"PHARMAKION 10MG/ML AMP B/3";"2775";"Médicament";"Vitamine K1 (phytomenadione)";"10mg";"Injectable";"ST";"Antihemorragique";"même marque dans la base PHARMACORP";"moyenne"
"PHARMALGAN 1G SOL INJ F/100ML";"1830";"Médicament";"Paracetamol";"1g";"Injectable";"ST";"Antalgique, Antipyrétique";"même marque dans la base PHARMACORP";"moyenne"
"PHARMATEX CR+APPLIC T/72G";"4770";"Médicament";"Benzalkonium chlorure";"72g";"Crème / pommade";"ST";"Antiseptique oculaire";"même marque dans la base PHARMACORP";"moyenne"
"PHARMENTIN XR 1000/62,5MG COMP B/10";"4160";"Médicament";"Amoxicilline + Acide clavulanique";"1000/62,5mg";"Comprimé";"Liste I";"Antibiotique Antibacterien (Penicillines)";"même marque dans la base PHARMACORP";"moyenne"
"PHARPEN 250MG SUSP BU";"1940";"Médicament";"Oxacilline";"250mg";"Suspension buvable";"Liste I";"Antibiotique Antibacterien (Penicillines)";"même marque dans la base PHARMACORP";"moyenne"
"PHARPEN 500MG GEL B/1";"3150";"Médicament";"Oxacilline";"500mg";"Gélule";"Liste I";"Antibiotique Antibacterien (Penicillines)";"même marque dans la base PHARMACORP";"moyenne"
"PHARTRIM AD CP B/20";"970";"Médicament";"Sulfamethoxazole + Trimethoprime";"";"Comprimé";"Liste I";"Antibiotique, Antibacterien (Sulfamides)";"même marque dans la base PHARMACORP";"moyenne"
"PHARTRIM FORTE 800MG/";"1830";"Médicament";"Sulfamethoxazole + Trimethoprime";"800mg";"";"Liste I";"Antibiotique, Antibacterien (Sulfamides)";"même marque dans la base PHARMACORP";"moyenne"
"PHARTRIM SUSP FL/100M";"2080";"Médicament";"Sulfamethoxazole + Trimethoprime";"";"Suspension buvable";"Liste I";"Antibiotique, Antibacterien (Sulfamides)";"même marque dans la base PHARMACORP";"moyenne"
"PHENERGAN 0,1% SP FL/";"2220";"Médicament";"Promethazine";"0,1%";"Sirop";"ST";"Antihistaminique, Antiallergique";"même marque dans la base PHARMACORP";"moyenne"
"PHENERGAN 2% CREME T/";"2745";"Médicament";"Promethazine";"2%";"Crème / pommade";"ST";"Antihistaminique, Antiallergique";"même marque dans la base PHARMACORP";"moyenne"
"PHENERGAN 25MG CP B/2";"1275";"Médicament";"Promethazine";"25mg";"Comprimé";"ST";"Antihistaminique, Antiallergique";"même marque dans la base PHARMACORP";"moyenne"
"PHIMOCLAV 100/12,5MG";"2095";"Médicament";"Amoxicilline + Acide clavulanique";"100/12,5mg";"";"Liste I";"Antibiotique Antibacterien (Penicillines)";"même marque dans la base PHARMACORP";"moyenne"
"PHIMOCLAV100/12,5MG E";"3190";"Médicament";"Amoxicilline + Acide clavulanique";"100/12,5mg";"";"Liste I";"Antibiotique Antibacterien (Penicillines)";"même marque dans la base PHARMACORP";"moyenne"
"PHIMOCLAV1G/125MG AD";"7390";"Médicament";"Amoxicilline + Acide clavulanique";"1g/125mg";"";"Liste I";"Antibiotique Antibacterien (Penicillines)";"même marque dans la base PHARMACORP";"moyenne"
"PHIMOCLAV500/62,5MG E";"5285";"Médicament";"Amoxicilline + Acide clavulanique";"500/62,5mg";"";"Liste I";"Antibiotique Antibacterien (Penicillines)";"même marque dans la base PHARMACORP";"moyenne"
"PHLORO-G 80MG CPR ORO";"2260";"Médicament";"Phloroglucinol";"80mg";"Comprimé";"ST";"Antispasmodique (Musculotrope)";"même marque dans la base PHARMACORP";"moyenne"
"PHOSPHATINE LACT BISCUITE PDRE B/200G";"1255";"Nutrition / complément";"";"200g";"Poudre / sachet";"";"";"hors médicament";"haute"
"PHOSPHATINE LACT RIZ MAIS PDRE B/200G";"1205";"Nutrition / complément";"";"200g";"Poudre / sachet";"";"";"hors médicament";"haute"
"PHOSPHATINE LACTE FRUIT PDRE B/200G";"1255";"Nutrition / complément";"";"200g";"Poudre / sachet";"";"";"hors médicament";"haute"
"PHOSPHATINE LACTE MIE";"1205";"Nutrition / complément";"";"";"";"";"";"hors médicament";"haute"
"PHOSPHATINE LACTEE BL";"1250";"Nutrition / complément";"";"";"";"";"";"hors médicament";"haute"
"PHOSPHATINE MULTICERE";"1250";"Nutrition / complément";"";"";"";"";"";"hors médicament";"haute"
"PHYSIODOSE 15DX5ML GI";"2390";"Médicament";"Eau purifiee + Chlorure de sodium";"5ml";"";"ST";"Lavage et Decongestion";"même marque dans la base PHARMACORP";"moyenne"
"PHYSIODOSE 30DX5ML GI";"3930";"Médicament";"Eau purifiee + Chlorure de sodium";"5ml";"";"ST";"Lavage et Decongestion";"même marque dans la base PHARMACORP";"moyenne"
"PHYSIODOSE SERUM PHYS";"4985";"Cosmétique / dermo";"";"";"";"";"";"hors médicament (filtre)";"moyenne"
"PHYSIOLAC 1ER AGE 800G";"8540";"Nutrition / complément";"";"800g";"";"";"";"hors médicament";"haute"
"PHYSIOLAC 1ER AGE LAI";"4315";"Nutrition / complément";"";"";"";"";"";"hors médicament";"haute"
"PHYSIOLAC 2EM AGE 400G";"4315";"Nutrition / complément";"";"400g";"";"";"";"hors médicament";"haute"
"PHYSIOLAC 2EME AGE 800G";"8570";"Nutrition / complément";"";"800g";"";"";"";"hors médicament";"haute"
"PHYSIOLAC BIO 2AGE LA";"12090";"Nutrition / complément";"";"";"";"";"";"hors médicament";"haute"
"PHYSIOLAC BIO CEREAL/FRUITS PDRE B/200G";"2500";"Nutrition / complément";"";"200g";"Poudre / sachet";"";"";"hors médicament";"haute"
"PHYSIOLAC BIO CEREAL/VANILLE PDRE B/200G";"2500";"Nutrition / complément";"";"200g";"Poudre / sachet";"";"";"hors médicament";"haute"
"PHYSIOLAC CER CACAO 200G BIO";"2840";"Nutrition / complément";"";"200g";"";"";"";"hors médicament";"haute"
"PHYSIOLAC CROISS 3AG 400G";"4295";"Nutrition / complément";"";"400g";"";"";"";"hors médicament";"haute"
"PHYSIOLAC CROISSANCE";"8545";"Nutrition / complément";"";"";"";"";"";"hors médicament";"haute"
"PHYSIOMER AD/ENF SPR NAS ISOTON 135ML";"6460";"Dispositif médical / consommable";"Eau de mer";"135ml";"";"";"";"identification manuelle (marque)";"moyenne"
"PHYSIOMER BB SOL NAS UNID/5ML B/30";"4430";"Dispositif médical / consommable";"Eau de mer";"5ml";"";"";"";"identification manuelle (marque)";"moyenne"
"PHYSIOMER BB SPR NAS CONFORT F/115ML";"6600";"Dispositif médical / consommable";"Eau de mer";"115ml";"";"";"";"identification manuelle (marque)";"moyenne"
"PHYSIOMER BB SPR NAS HYPERTONIQ F/60ML";"5530";"Dispositif médical / consommable";"Eau de mer";"60ml";"";"";"";"identification manuelle (marque)";"moyenne"
"PHYSIOMER SPR NAS HYPERTONIQ F/135ML";"6750";"Dispositif médical / consommable";"Eau de mer";"135ml";"";"";"";"identification manuelle (marque)";"moyenne"
"PHYTORAL 2% PDE T/15G";"3090";"Médicament";"Ketoconazole";"2%";"";"Liste I";"Antifongique, Antimycosique";"même marque dans la base PHARMACORP";"moyenne"
"PHYTORAL 200MG CPR B/";"5920";"Médicament";"Ketoconazole";"200mg";"Comprimé";"Liste I";"Antifongique, Antimycosique";"même marque dans la base PHARMACORP";"moyenne"
"PIASCLEDINE 300 GELU";"5715";"Médicament";"Insaponifiable d'huile d'avocat + insaponifiable d'huile de soja";"300g";"Gélule";"ST";"Parodontie Arthrose du genou et de la hanche";"même marque dans la base PHARMACORP";"moyenne"
"PICOT AR 1 400G 3551100824685";"5590";"Nutrition / complément";"";"400g";"";"";"";"hors médicament";"haute"
"PICOT AR1 B/800G";"11090";"Nutrition / complément";"";"800g";"";"";"";"hors médicament";"haute"
"PICOT BB GOURMAND 2AGE LAIT PDR B/800G";"8490";"Nutrition / complément";"";"800g";"";"";"";"hors médicament";"haute"
"PICOT BB GOURMAND LAIT PDR 1ER AGE B/800G";"8485";"Nutrition / complément";"";"800g";"";"";"";"hors médicament";"haute"
"PICOT CEREALES FRUITS 200G";"1590";"Nutrition / complément";"";"200g";"";"";"";"hors médicament";"haute"
"PICOT CEREALES MIEL 200G";"1590";"Nutrition / complément";"";"200g";"";"";"";"hors médicament";"haute"
"PICOT CEREALES MULTICEREALES 200G";"1590";"Nutrition / complément";"";"200g";"";"";"";"hors médicament";"haute"
"PICOT CEREALES SAV BISCUIT 200G";"1590";"Nutrition / complément";"";"200g";"";"";"";"hors médicament";"haute"
"PICOT CEREALES VANILLE 200G";"1590";"Nutrition / complément";"";"200g";"";"";"";"hors médicament";"haute"
"PICOT CONFORT (F) 1 AGE 400G";"4485";"Nutrition / complément";"";"400g";"";"";"";"hors médicament";"haute"
"PICOT CONFORT 1 AGE 400G";"4485";"Nutrition / complément";"";"400g";"";"";"";"hors médicament";"haute"
"PICOT CONFORT 2 AGE 400G";"4485";"Nutrition / complément";"";"400g";"";"";"";"hors médicament";"haute"
"PICOT LAIT CROISSANCE B/400G";"3955";"Nutrition / complément";"";"400g";"";"";"";"hors médicament";"haute"
"PICOT LAIT INFANTILE 1AGE B/400G";"3955";"Nutrition / complément";"";"400g";"";"";"";"hors médicament";"haute"
"PICOT LAIT INFANTILE 2AGE B/400G";"3955";"Nutrition / complément";"";"400g";"";"";"";"hors médicament";"haute"
"PICOT NUTRI QUOT LAIT CROISS 3EME B/900G";"7810";"Nutrition / complément";"";"900g";"";"";"";"hors médicament";"haute"
"PICOT NUTRI QUOTI 1AGE B/900G";"7810";"Nutrition / complément";"";"900g";"";"";"";"hors médicament";"haute"
"PICOT NUTRITION QUOT LAIT 2AGE B/900G";"7950";"Nutrition / complément";"";"900g";"";"";"";"hors médicament";"haute"
"PIDEX 20MG/160MG CPR";"2080";"Médicament";"Dihydroartemisinine + Piperaquine phosphate";"20mg/160mg";"Comprimé";"Liste I";"Antipaludique";"même marque dans la base PHARMACORP";"moyenne"
"PIDEX 40MG/320MG CPR";"3190";"Médicament";"Dihydroartemisinine + Piperaquine phosphate";"40mg/320mg";"Comprimé";"Liste I";"Antipaludique";"même marque dans la base PHARMACORP";"moyenne"
"PIGMENTBIO SENSITIVE AREAS CRE T/75ML";"15380";"Cosmétique / dermo";"";"75ml";"";"";"";"hors médicament";"haute"
"PILL-72 CPR B/1";"2495";"Médicament";"Levonorgestrel";"";"Comprimé";"Liste I";"Contraceptif d'urgence";"même marque dans la base PHARMACORP";"moyenne"
"PILLULIER 1 PRISE JOU";"500";"Dispositif médical / consommable";"";"";"";"";"";"hors médicament";"haute"
"PILUDEM 1,5MG CPR B/1";"1250";"Médicament";"Levonorgestrel";"1,5mg";"Comprimé";"Liste I";"Contraceptif d'urgence";"base PHARMACORP";"haute"
"PINKOO EAU DIGESTIVE";"1400";"Médicament";"Sarjikakshara purifie + huile sowa + shatapushpa + menthe";"";"";"ST";"Sedatif";"même marque dans la base PHARMACORP";"moyenne"
"PIPORTIL L4 100MG INJ 4ML B/1 3400931404866";"11940";"Médicament";"Pipotiazine";"100mg";"Injectable";"Liste I";"Neuroleptique, Antipsychotique";"même marque dans la base PHARMACORP";"moyenne"
"PIPORTIL L4 25MG INJ";"12560";"Médicament";"Pipotiazine";"25mg";"Injectable";"Liste I";"Neuroleptique, Antipsychotique";"même marque dans la base PHARMACORP";"moyenne"
"PIPRATAZ 4,5G IV PDRE";"11340";"Médicament";"Piperacilline + Tazobactam";"4,5g";"Injectable";"Liste I";"Antibiotique Antibacterien (Penicillines)";"même marque dans la base PHARMACORP";"moyenne"
"PIPSON 90MG/720MG PDR S.BUV FL/60ML";"3465";"Médicament";"Dihydroartemisinine + Piperaquine phosphate";"90mg/720mg";"";"Liste I";"Antipaludique";"même marque dans la base PHARMACORP";"moyenne"
"PIRITEXYL BR SP FL/100ML";"2775";"Médicament";"Ambroxol + Guaifenesine + Terbutaline + Menthol";"100ml";"Sirop";"Liste II";"Mucolytique, Bronchodilatateur";"même marque dans la base PHARMACORP";"moyenne"
"PIROJET IV 10MG SOL INJ F/100ML";"1320";"Médicament";"Paracetamol";"10mg";"Injectable";"ST";"Antalgique, Antipyrétique";"base PHARMACORP";"haute"
"PIROXEN 20MG AMP INJ";"1525";"Médicament";"Piroxicam";"20mg";"Injectable";"Liste I";"Antiinflammatoire non steroidien";"même marque dans la base PHARMACORP";"moyenne"
"PIROXEN 20MG CPR DISP";"3190";"Médicament";"Piroxicam";"20mg";"Comprimé";"Liste I";"Antiinflammatoire non steroidien";"même marque dans la base PHARMACORP";"moyenne"
"PIVALONE 1% GOUTTES NASALES FL/10ML";"2315";"Médicament";"Tixocortol pivalate";"1%";"Gouttes";"Liste II";"Antiinflammatoire, Antiallergique";"même marque dans la base PHARMACORP";"moyenne"
"PLAQUENIL NF 200MG COMP B/30 3400936441460";"4275";"Médicament";"Hydroxychloroquine sulfate";"200mg";"Comprimé";"Liste II";"Antipaludique, Douleurs articulaires";"même marque dans la base PHARMACORP";"moyenne"
"PLASMOCUR 40/320MG COMP DISP B/6";"2775";"Médicament";"Dihydroartemisinine + Piperaquine phosphate";"40/320mg";"Comprimé";"Liste I";"Antipaludique";"même marque dans la base PHARMACORP";"moyenne"
"PLASMOCUR 80MG/640MG COMP DISP B/6";"3880";"Médicament";"Dihydroartemisinine + Piperaquine phosphate";"80mg/640mg";"Comprimé";"Liste I";"Antipaludique";"même marque dans la base PHARMACORP";"moyenne"
"PLASMOCUR 80MG/640MG COMP.B/8";"4575";"Médicament";"Dihydroartemisinine + Piperaquine phosphate";"80mg/640mg";"Comprimé";"Liste I";"Antipaludique";"même marque dans la base PHARMACORP";"moyenne"
"PLASMOCUR 90/720MG SUSP BUV FL/60ML";"2220";"Médicament";"Dihydroartemisinine + Piperaquine phosphate";"90/720mg";"Suspension buvable";"Liste I";"Antipaludique";"même marque dans la base PHARMACORP";"moyenne"
"PLASMOCUR SUSP BUV F/90ML";"2775";"Médicament";"Dihydroartemisinine + Piperaquine phosphate";"90ml";"Suspension buvable";"Liste I";"Antipaludique";"même marque dans la base PHARMACORP";"moyenne"
"PLUFENTRINE 20/120MG";"845";"Médicament";"Artemether + Lumefantrine";"20/120mg";"";"Liste I";"Antipaludique";"même marque dans la base PHARMACORP";"moyenne"
"PLUFENTRINE 40/240MG";"1485";"Médicament";"Artemether + Lumefantrine";"40/240mg";"";"Liste I";"Antipaludique";"même marque dans la base PHARMACORP";"moyenne"
"PLUFENTRINE 60MG/360M";"2080";"Médicament";"Artemether + Lumefantrine";"60mg";"";"Liste I";"Antipaludique";"même marque dans la base PHARMACORP";"moyenne"
"PLUFENTRINE 80/480MG COMP B/6";"2650";"Médicament";"Artemether + Lumefantrine";"80/480mg";"Comprimé";"Liste I";"Antipaludique";"même marque dans la base PHARMACORP";"moyenne"
"POCHE A URINE TUBE DE VIDANCHE 2000ML";"700";"Dispositif médical / consommable";"";"2000ml";"";"";"";"hors médicament";"haute"
"POCHE URINE DIDA NST 2L /25";"11750";"Dispositif médical / consommable";"";"";"";"";"";"hors médicament";"haute"
"POCHE URINE DIDA ST 2L B/1";"500";"Dispositif médical / consommable";"";"";"";"";"";"hors médicament";"haute"
"POCHE URINE STER PED";"825";"Dispositif médical / consommable";"";"";"";"";"";"hors médicament";"haute"
"POIS MASCATE BIO NATU";"4000";"Nutrition / complément";"";"";"";"";"";"hors médicament";"haute"
"POLARAMINE 2MG COMP B";"1385";"Médicament";"Dexchlorpheniramine maleate";"2mg";"Comprimé";"ST";"Antihistaminique, Antiallergique";"même marque dans la base PHARMACORP";"moyenne"
"POLIFER SP FL/250ML";"2745";"Nutrition / complément";"Fer";"250ml";"Sirop";"";"";"identification manuelle (marque)";"moyenne"
"POLYDERM 5/400MG/100MG/20MCG CREME T/20G";"3465";"Médicament";"Ofloxacine + Ornidazole + Terbinafine chlorhydrate + Clobetasol Propionate";"5/400mg/100mg";"Crème / pommade";"Liste I";"Antiinfectieux, Antiinflammatoire, Topique";"même marque dans la base PHARMACORP";"moyenne"
"POLYDEXA GTTE AURIC F";"1970";"Médicament";"Dexamethasone + Neomycine sulfate + Polymyxine B sulfate";"";"Gouttes";"Liste I";"Antiinflammatoire steroidien, Antibiotique";"même marque dans la base PHARMACORP";"moyenne"
"POLYDEXA GTTE AURIC FL/10,5ML (F)";"2995";"Médicament";"Dexamethasone + Neomycine sulfate + Polymyxine B sulfate";"10,5ml";"Gouttes";"Liste I";"Antiinflammatoire steroidien, Antibiotique";"même marque dans la base PHARMACORP";"moyenne"
"POLYFRESH COLL F/10ML";"4230";"Médicament";"Hyaluronate de sodium";"2mg";"Collyre / ORL";"ST";"Hydratant";"base PHARMACORP";"haute"
"POLYFRESH EXTRA UNID";"5960";"Médicament";"Hyaluronate de sodium";"";"";"";"";"identification manuelle (marque)";"moyenne"
"POLYGYNAX CAPS VAG/12";"5465";"Médicament";"Neomycine + Nystatine + Polymyxine B";"";"Gélule";"";"";"identification manuelle (marque)";"moyenne"
"POLYGYNAX CAPS VAG/6";"2925";"Médicament";"Neomycine + Nystatine + Polymyxine B";"";"Gélule";"";"";"identification manuelle (marque)";"moyenne"
"POLYGYNAX VIRGO CAPS GYNEC BT6";"2955";"Médicament";"Neomycine + Nystatine + Polymyxine B";"";"Gélule";"";"";"identification manuelle (marque)";"moyenne"
"POLYMALT 50MG/5ML SIR";"3195";"Médicament";"Polymaltose hydroxyde de fer complexe";"50mg/5ml";"Sirop";"";"";"DCI citée dans la désignation";"moyenne"
"POLYSILANE GEL SACHET 15G B/12 3401020103912";"4010";"Médicament";"Dimeticone";"15g";"Poudre / sachet";"ST";"Pansement gastrique, Protecteur de la surface de l'œil";"même marque dans la base PHARMACORP";"moyenne"
"POLYSILANE UPSA GEL S";"6600";"Médicament";"Dimeticone";"";"Gel";"ST";"Pansement gastrique, Protecteur de la surface de l'œil";"même marque dans la base PHARMACORP";"moyenne"
"POLYVI";"0";"Nutrition / complément";"Multivitamines";"";"";"";"";"identification manuelle (marque)";"moyenne"
"POLYVIDONE IODEE 10% SOL DERM FL/200ML";"2395";"Médicament";"Povidone iodee";"10%";"";"";"";"identification manuelle (marque)";"moyenne"
"POLYVIT SP F/100ML";"2635";"Médicament";"Vitamines + Mineraux";"multidosage";"Autre";"ST";"Supplement vitaminique";"base PHARMACORP";"haute"
"POLYVITA M SOL INJ AM";"3135";"Médicament";"MULTIVITAMINES";"";"Injectable";"ST";"Supplement vitaminique";"même marque dans la base PHARMACORP";"moyenne"
"POLYVITA M SOL INJ B/1 AMP";"635";"Médicament";"MULTIVITAMINES";"";"Injectable";"ST";"Supplement vitaminique";"même marque dans la base PHARMACORP";"moyenne"
"POLYVUE COLLYRE FL/3ML";"1805";"";"";"3ml";"Collyre";"";"";"non identifié";"à vérifier"
"POMMADE HEC NAS DERMIQUE T/25G 3400930470312";"12925";"";"";"25g";"Crème / pommade";"";"";"non identifié";"à vérifier"
"POSITON CR T/30G";"3050";"Médicament";"Triamcinolone acetonide + Neomycine sulfate + Nystatine";"30g";"Crème / pommade";"Liste I";"Antimycosique, Antiinflammatoire steroidien, Antibiotique Antibacterien";"même marque dans la base PHARMACORP";"moyenne"
"POSITON ONGUENT T/30G";"3050";"Médicament";"Triamcinolone acetonide + Neomycine sulfate + Nystatine";"30g";"Crème / pommade";"Liste I";"Antimycosique, Antiinflammatoire steroidien, Antibiotique Antibacterien";"même marque dans la base PHARMACORP";"moyenne"
"POTASS CHL 0,1G/ML S";"330";"Médicament";"Potassium chlorure";"0,1g";"";"ST";"Supplementation potassique";"même marque dans la base PHARMACORP";"moyenne"
"POTASSIUM CHL 10% 10M";"16590";"Médicament";"Potassium chlorure";"10%";"";"ST";"Supplementation potassique";"même marque dans la base PHARMACORP";"moyenne"
"POTASSIUM CHL LAF 10% 10ML COFFRET/50 AMP";"10000";"Médicament";"Potassium chlorure";"10%";"Injectable";"ST";"Supplementation potassique";"même marque dans la base PHARMACORP";"moyenne"
"POTENCIATOR 5G AMP BU";"5350";"Médicament";"Arginine aspartate";"5g";"Injectable";"ST";"Asthenie";"même marque dans la base PHARMACORP";"moyenne"
"POUXIR SHP ABRI SS PEIGNE 100ML";"8785";"";"";"100ml";"Suspension buvable";"";"";"non identifié";"à vérifier"
"POUXIT FLASH 150ML+PEIGNE";"9235";"Médicament";"Dimeticone + 1,6,10-dodecatrien-3-ol,3,7,11-trimethyl + PEG/PPG dimeticone co-polymer + Silica silylate";"150ml";"";"ST";"Anti poux";"même marque dans la base PHARMACORP";"moyenne"
"POUXIT FLASH SHP 100ML+PEIGNE";"9870";"Cosmétique / dermo";"";"100ml";"";"";"";"hors médicament (filtre)";"moyenne"
"POUXIT PROTECT FL/200ML";"6700";"Médicament";"Dimeticone + 1,6,10-dodecatrien-3-ol,3,7,11-trimethyl + PEG/PPG dimeticone co-polymer + Silica silylate";"200ml";"";"ST";"Anti poux";"même marque dans la base PHARMACORP";"moyenne"
"POUXIT REPULS 75ML";"5135";"Médicament";"Dimeticone + 1,6,10-dodecatrien-3-ol,3,7,11-trimethyl + PEG/PPG dimeticone co-polymer + Silica silylate";"75ml";"";"ST";"Anti poux";"même marque dans la base PHARMACORP";"moyenne"
"POUXIT SHP ABRI SS PEIGNE 200ML";"11870";"Cosmétique / dermo";"";"200ml";"Suspension buvable";"";"";"hors médicament (filtre)";"moyenne"
"POUXIT XF EXTRA FORT";"6215";"Médicament";"Dimeticone + 1,6,10-dodecatrien-3-ol,3,7,11-trimethyl + PEG/PPG dimeticone co-polymer + Silica silylate";"";"";"ST";"Anti poux";"même marque dans la base PHARMACORP";"moyenne"
"POUXIT XF F/100ML";"7270";"Médicament";"Dimeticone + 1,6,10-dodecatrien-3-ol,3,7,11-trimethyl + PEG/PPG dimeticone co-polymer + Silica silylate";"100ml";"";"ST";"Anti poux";"même marque dans la base PHARMACORP";"moyenne"
"POUXIT XF LOTION FL/200ML";"11605";"Cosmétique / dermo";"";"200ml";"";"";"";"hors médicament (filtre)";"moyenne"
"POUXIT XF SPRAY SS PEIGNE 100ML";"7635";"Médicament";"Dimeticone + 1,6,10-dodecatrien-3-ol,3,7,11-trimethyl + PEG/PPG dimeticone co-polymer + Silica silylate";"100ml";"Suspension buvable";"ST";"Anti poux";"même marque dans la base PHARMACORP";"moyenne"
"POWER STICK COOL BLAS";"1500";"";"";"";"";"";"";"non identifié";"à vérifier"
"POWERGESIC GEL PLUS T/30G";"1385";"Médicament";"Paracetamol + Chlorzoxazone + Diclofenac";"30g";"Gel";"Liste II";"Antalgique, Antiinflammatoire, Relaxant musculaire";"même marque dans la base PHARMACORP";"moyenne"
"POWERGESIC MR 50MG/500 DETAIL BL/10 COMP";"1250";"Médicament";"Paracetamol + Chlorzoxazone + Diclofenac";"50mg";"Comprimé";"Liste II";"Antalgique, Antiinflammatoire, Relaxant musculaire";"même marque dans la base PHARMACORP";"moyenne"
"POWERGESIC MR 50MG/500MG COMP B/100";"12480";"Médicament";"Paracetamol + Chlorzoxazone + Diclofenac";"50mg/500mg";"Comprimé";"Liste II";"Antalgique, Antiinflammatoire, Relaxant musculaire";"même marque dans la base PHARMACORP";"moyenne"
"PRAZOL 20MG COMP.GELULE B/14";"4065";"Médicament";"Omeprazole";"20mg";"Gélule";"Liste II";"Antiulcereux (IPP)";"même marque dans la base PHARMACORP";"moyenne"
"PRAZOL 20MG CP GEL B/28";"6240";"Médicament";"Omeprazole";"20mg";"Gélule";"Liste II";"Antiulcereux (IPP)";"même marque dans la base PHARMACORP";"moyenne"
"PRAZOL 20MG GELULE 1B/7";"3370";"Médicament";"Omeprazole";"20mg";"Gélule";"Liste II";"Antiulcereux (IPP)";"même marque dans la base PHARMACORP";"moyenne"
"PRAZOL 20MG GELULE B/14";"4065";"Médicament";"Omeprazole";"20mg";"Gélule";"Liste II";"Antiulcereux (IPP)";"même marque dans la base PHARMACORP";"moyenne"
"PRE FRANCE LAIT PDRE";"5735";"Nutrition / complément";"";"";"Poudre / sachet";"";"";"hors médicament";"haute"
"PRE NAN B/400G";"5405";"Nutrition / complément";"";"400g";"";"";"";"hors médicament";"haute"
"PRE NURSIE B/400G";"5015";"Nutrition / complément";"";"400g";"";"";"";"hors médicament";"haute"
"PREDIVO 16MG COMP,B/2";"4165";"Médicament";"Methylprednisolone";"16mg";"Comprimé";"Liste I";"Antiinflammatoire steroidien";"même marque dans la base PHARMACORP";"moyenne"
"PREDNI 20MG COOPER CP SEC EFFERV B/20";"3160";"Médicament";"Prednisolone";"20mg";"Comprimé";"Liste I";"Antiinflammatoire steroidien";"même marque dans la base PHARMACORP";"moyenne"
"PREDNISOLONE BGR 20MG COMP B/20";"4160";"Médicament";"Prednisolone";"20mg";"Comprimé";"";"";"DCI citée dans la désignation";"moyenne"
"PREGA NEW TES GROSSESSE KIT B/25 TLG";"27385";"Dispositif médical / consommable";"";"";"";"";"";"hors médicament";"haute"
"PREGA NEW TEST GROSSESSE KIT B/1 TLG";"1095";"Dispositif médical / consommable";"";"";"";"";"";"hors médicament";"haute"
"PREGABANEURINE 75MG GELULE B/30";"8320";"Médicament";"Pregabaline";"75mg";"Gélule";"";"";"identification manuelle (marque)";"moyenne"
"PREGASAFE 150MG GEL B";"12480";"Médicament";"Pregabaline";"150mg";"Gélule";"";"";"identification manuelle (marque)";"moyenne"
"PREGASAFE 75MG GEL B/";"10120";"Médicament";"Pregabaline";"75mg";"Gélule";"";"";"identification manuelle (marque)";"moyenne"
"PRELIEF GEL T/30G";"1735";"";"";"30g";"Gel";"";"";"non identifié";"à vérifier"
"PRENATAL DENK B/30+ DHA B/30";"10210";"Nutrition / complément";"Multivitamines";"";"";"";"";"identification manuelle (marque)";"moyenne"
"PRENATAL DENK CPR B/3";"5615";"Nutrition / complément";"Multivitamines";"";"Comprimé";"";"";"identification manuelle (marque)";"moyenne"
"PREPHAR HUILE DOUCEUR AMANDE FL/100ML";"3500";"Cosmétique / dermo";"";"100ml";"";"";"";"hors médicament";"haute"
"PREPHAR HUILE DOUCEUR JOJOBA 100ML";"3500";"Cosmétique / dermo";"";"100ml";"";"";"";"hors médicament";"haute"
"PREPHAR HUILE DOUCEUR KARITE FL/100ML";"3500";"Cosmétique / dermo";"";"100ml";"";"";"";"hors médicament";"haute"
"PREPHAR HUILE HYDRATANT ALOE VERA 100ML";"3500";"Cosmétique / dermo";"";"100ml";"";"";"";"hors médicament";"haute"
"PREPHAR HUILE HYDRATANT ARGAN 100ML";"3500";"Cosmétique / dermo";"";"100ml";"";"";"";"hors médicament";"haute"
"PREPHAR HUILE HYDRATANTE COCO FL/100ML";"3500";"Cosmétique / dermo";"";"100ml";"";"";"";"hors médicament";"haute"
"PREPHAR HUILE NOURISSANTE AVOCAT FL/100ML";"3500";"Cosmétique / dermo";"";"100ml";"";"";"";"hors médicament";"haute"
"PREPHAR HUILE NOURRISSANT CAROTTE 100ML";"3500";"Cosmétique / dermo";"";"100ml";"";"";"";"hors médicament";"haute"
"PREPHAR HUILE NOURRISSANT RICIN 100ML";"3500";"Cosmétique / dermo";"";"100ml";"";"";"";"hors médicament";"haute"
"PRESA PRESERVATIF NER";"600";"Hygiène";"";"";"";"";"";"hors médicament";"haute"
"PRESER MANIX SKYN ORIGINAL B/10 3532281631507";"7955";"Hygiène";"";"";"Injectable";"";"";"hors médicament";"haute"
"PRESERV DOMINO FRAISE";"1445";"Hygiène";"";"";"";"";"";"hors médicament";"haute"
"PRESERV DOMINO MENTHE";"1470";"Hygiène";"";"";"";"";"";"hors médicament";"haute"
"PRESERV DOMINO NATURE";"1440";"Hygiène";"";"";"";"";"";"hors médicament";"haute"
"PRESERV DOMINO NERVUR PERLE ANATOM B/6";"1470";"Hygiène";"";"";"";"";"";"hors médicament";"haute"
"PRESERV DOMINO VANIL";"1405";"Hygiène";"";"";"";"";"";"hors médicament";"haute"
"PRESERV DOMINO XL B/6";"1490";"Hygiène";"";"";"";"";"";"hors médicament";"haute"
"PRESERV DUREX CLASSIC JEAN B/3";"1850";"Hygiène";"";"";"";"";"";"hors médicament";"haute"
"PRESERV DUREX LOVE B/6";"4100";"Hygiène";"";"";"";"";"";"hors médicament";"haute"
"PRESERV GAGNANT FRAISE POCH/3";"650";"Hygiène";"";"";"";"";"";"hors médicament";"haute"
"PRESERV GAGNANT MENTHE POCH/3";"700";"Hygiène";"";"";"";"";"";"hors médicament";"haute"
"PRESERV GAGNANT NATURE POCH/3";"650";"Hygiène";"";"";"";"";"";"hors médicament";"haute"
"PRESERV GAGNANT VANILLE POCH/3";"650";"Hygiène";"";"";"";"";"";"hors médicament";"haute"
"PRESERV INNOTEX CLASSIC B/3";"1000";"Hygiène";"";"";"";"";"";"hors médicament";"haute"
"PRESERV INNOTEX COCKT";"970";"Hygiène";"";"";"";"";"";"hors médicament";"haute"
"PRESERV INNOTEX PLUS B/3";"1000";"Hygiène";"";"";"";"";"";"hors médicament";"haute"
"PRESERV INNOTEX RETARDANT B/3";"1030";"Hygiène";"";"";"";"";"";"hors médicament";"haute"
"PRESERV INTIMY PROTEC";"4000";"Hygiène";"";"";"";"";"";"hors médicament";"haute"
"PRESERV LOVE LIGHT XTRA SUPER FIN B/3";"2050";"Hygiène";"";"";"";"";"";"hors médicament";"haute"
"PRESERV MANIX CONTACT B/3";"1670";"Hygiène";"";"";"";"";"";"hors médicament";"haute"
"PRESERV MANIX CONTACT B/6";"3220";"Hygiène";"";"";"";"";"";"hors médicament";"haute"
"PRESERV MANIX CONTACT PLUS B/12";"7570";"Hygiène";"";"";"";"";"";"hors médicament";"haute"
"PRESERV MANIX CONTACT PLUS B/24";"11350";"Hygiène";"";"";"";"";"";"hors médicament";"haute"
"PRESERV MANIX CONTACT PLUS B/3";"1670";"Hygiène";"";"";"";"";"";"hors médicament";"haute"
"PRESERV MANIX CONTACT+ B/6";"3530";"Hygiène";"";"";"";"";"";"hors médicament";"haute"
"PRESERV MANIX EXCIT MAX B/12";"7760";"Hygiène";"";"";"";"";"";"hors médicament";"haute"
"PRESERV MANIX K.SIZE MAX B/3";"1430";"Hygiène";"";"";"";"";"";"hors médicament";"haute"
"PRESERV MANIX KING SIZE MAX/3 3400949905195";"1365";"Hygiène";"";"";"";"";"";"hors médicament";"haute"
"PRESERV MANIX KING SIZE ULTRA B/2";"1635";"Hygiène";"";"";"";"";"";"hors médicament";"haute"
"PRESERV MANIX PURE B/10";"4655";"Hygiène";"";"";"";"";"";"hors médicament";"haute"
"PRESERV MANIX PURE B/6";"2875";"Hygiène";"";"";"";"";"";"hors médicament";"haute"
"PRESERV MANIX SKYN COCKTAIL CLUB B/9";"7870";"Hygiène";"";"";"";"";"";"hors médicament";"haute"
"PRESERV MANIX SKYN ORIGINAL B/2";"1655";"Hygiène";"";"";"";"";"";"hors médicament";"haute"
"PRESERV MANIX SUPER B/4 CARTON";"1400";"Hygiène";"";"";"";"";"";"hors médicament";"haute"
"PRESERV MANIX SUPER B/6 3400937411394";"2785";"Hygiène";"";"";"";"";"";"hors médicament";"haute"
"PRESERV MANIX ULTRA PROTECT B/12";"6010";"Hygiène";"";"";"";"";"";"hors médicament";"haute"
"PRESERV MANIX XTRA PLEASIR B/3 3532281610106";"1530";"Hygiène";"";"";"Sirop";"";"";"hors médicament";"haute"
"PRESERV MANIX XTRA PLEASURE B/12";"7205";"Hygiène";"";"";"";"";"";"hors médicament";"haute"
"PRESERV MASCULAN ANAT TYPE 4 B/3";"1100";"Hygiène";"";"";"";"";"";"hors médicament";"haute"
"PRESERV MASCULAN ANATOMIC TYPE 4 B/10";"3100";"Hygiène";"";"";"";"";"";"hors médicament";"haute"
"PRESERV MASCULAN DOUB PROTEC B/10";"3200";"Hygiène";"";"";"";"";"";"hors médicament";"haute"
"PRESERV MASCULAN DOUB PROTEC B/3";"1300";"Hygiène";"";"";"";"";"";"hors médicament";"haute"
"PRESERV MASCULAN FRUTTI T1 DETAIL/2 PCS";"400";"Hygiène";"";"";"";"";"";"hors médicament";"haute"
"PRESERV MASCULAN GOLD B/10";"4000";"Hygiène";"";"";"";"";"";"hors médicament";"haute"
"PRESERV MASCULAN GOLD B/3";"1555";"Hygiène";"";"";"";"";"";"hors médicament";"haute"
"PRESERV MASCULAN LONG PLEASURE B/10";"3200";"Hygiène";"";"";"";"";"";"hors médicament";"haute"
"PRESERV MASCULAN LONG PLEASURE B/3";"1300";"Hygiène";"";"";"";"";"";"hors médicament";"haute"
"PRESERV MASCULAN PERL NERV B/3";"1100";"Hygiène";"";"";"";"";"";"hors médicament";"haute"
"PRESERV MASCULAN PERL TYPE2 B/10";"3025";"Hygiène";"";"";"";"";"";"hors médicament";"haute"
"PRESERV MASCULAN PERL TYPE2 B/3";"1060";"Hygiène";"";"";"";"";"";"hors médicament";"haute"
"PRESERV MASCULAN PERLE NERV B/10";"2350";"Hygiène";"";"";"";"";"";"hors médicament";"haute"
"PRESERV MASCULAN PUR B/3";"1435";"Hygiène";"";"";"";"";"";"hors médicament";"haute"
"PRESERV MASCULAN SENSITIV T1 DETAIL/2 PCS";"350";"Hygiène";"";"";"";"";"";"hors médicament";"haute"
"PRESERV MASCULAN SENSITIV TYPE1 B/3";"1060";"Hygiène";"";"";"";"";"";"hors médicament";"haute"
"PRESERV MASCULAN SENSITIVE TYPE 1 B/10";"3100";"Hygiène";"";"";"";"";"";"hors médicament";"haute"
"PRESERV MASCULAN XXL TYPE5 B/3";"1150";"Hygiène";"";"";"";"";"";"hors médicament";"haute"
"PRESERV SILICONE REUTILISABLE B/1";"5000";"Hygiène";"";"";"";"";"";"hors médicament";"haute"
"PRESERV SOFT EXTRA SENSATION B/12";"2105";"Hygiène";"";"";"";"";"";"hors médicament";"haute"
"PRESERV SOFT LONGER B/10";"3460";"Hygiène";"";"";"";"";"";"hors médicament";"haute"
"PRESERV SOFT RIDER POCH/3";"465";"Hygiène";"";"";"";"";"";"hors médicament";"haute"
"PRESERV SOFT TUTTI FRUTTI POCHE/3";"420";"Hygiène";"";"";"";"";"";"hors médicament";"haute"
"PRESTO 1,5MG COMP B/1";"2010";"Médicament";"Levonorgestrel";"1,5mg";"Comprimé";"";"";"identification manuelle (marque)";"moyenne"
"PRETERAX 2,5MG/0,625MG COMP B/30 3400937823227";"12480";"Médicament";"Perindopril + Indapamide";"2,5mg/0,625mg";"Comprimé";"";"";"identification manuelle (marque)";"moyenne"
"PREVISCAN 20MG COMP B";"2870";"Médicament";"Fluindione";"20mg";"Comprimé";"";"";"identification manuelle (marque)";"moyenne"
"PRIMACARD TEST GROSSE";"3340";"Dispositif médical / consommable";"";"";"";"";"";"hors médicament";"haute"
"PRIMALAC AC 0-12 MOIS";"6315";"Nutrition / complément";"";"";"";"";"";"hors médicament";"haute"
"PRIMALAC AR 1 LAIT PD";"7420";"Nutrition / complément";"";"";"";"";"";"hors médicament";"haute"
"PRIMALAC AR 2 LAIT PD";"4995";"Nutrition / complément";"";"";"";"";"";"hors médicament";"haute"
"PRIMALAC LF S/LACT 0-";"6560";"Nutrition / complément";"";"";"";"";"";"hors médicament";"haute"
"PRIMALAC PREMIUM 1 LA";"5760";"Nutrition / complément";"";"";"";"";"";"hors médicament";"haute"
"PRIMALAC PREMIUM 2 LA";"5755";"Nutrition / complément";"";"";"";"";"";"hors médicament";"haute"
"PRIMALAC PREMIUM 3 LA";"5500";"Nutrition / complément";"";"";"";"";"";"hors médicament";"haute"
"PRIMALAC PREMIUM AR B/400G";"7345";"Nutrition / complément";"";"400g";"";"";"";"hors médicament";"haute"
"PRIMALAN 10MG CPR SEC";"4895";"Médicament";"Mequitazine";"10mg";"Comprimé";"";"";"identification manuelle (marque)";"moyenne"
"PRIMALAN 30MG SP + CU";"1915";"Médicament";"Mequitazine";"30mg";"Sirop";"";"";"identification manuelle (marque)";"moyenne"
"PRIMALAN 5MG CPR SECA";"3065";"Médicament";"Mequitazine";"5mg";"Comprimé";"";"";"identification manuelle (marque)";"moyenne"
"PRIMATIME TEST OVULATION B/5";"16950";"Dispositif médical / consommable";"";"";"";"";"";"hors médicament";"haute"
"PRIMATIME TEST OVULATION DETAIL/1";"3400";"Dispositif médical / consommable";"";"";"";"";"";"hors médicament";"haute"
"PRIMIGYN GEL 0,5MG SER B/1";"7625";"Médicament";"Estriol";"0,5mg";"Injectable";"";"";"identification manuelle (marque)";"à vérifier"
"PRIMOLUT-NOR 10MG CPR";"2355";"Médicament";"Noretisterone";"10mg";"Comprimé";"";"";"identification manuelle (marque)";"moyenne"
"PRIMPERAN 10MG INJ 2M";"5520";"Médicament";"Metoclopramide";"10mg";"Injectable";"";"";"identification manuelle (marque)";"moyenne"
"PRIMPERAN AD 0.1% S.BUV.F/200ML";"2150";"Médicament";"Metoclopramide";"0.1%";"";"";"";"identification manuelle (marque)";"moyenne"
"PRINCI B FORT CPR B/3";"5005";"";"";"";"Comprimé";"";"";"non identifié";"à vérifier"
"PRIORIX INJ FL+SER 0.5ML+2 AIG";"15625";"Médicament";"Vaccin rougeole-oreillons-rubeole";"0.5ml";"Injectable";"";"";"identification manuelle (marque)";"moyenne"
"PRIVATE MAXI NORMAL GARNITURE PACK 8 PCS";"800";"Hygiène";"";"";"";"";"";"hors médicament";"haute"
"PRIVATE MAXI SUPER GARNITURE PACK 9 PCS";"850";"Hygiène";"";"";"";"";"";"hors médicament";"haute"
"PROCOMIL CREME T/5G";"3465";"";"";"5g";"Crème / pommade";"";"";"non identifié";"à vérifier"
"PROCOMIL DRAG B/30";"9410";"";"";"";"Comprimé";"";"";"non identifié";"à vérifier"
"PROCOMIL SPRAY FL/15G";"11645";"";"";"15g";"Spray";"";"";"non identifié";"à vérifier"
"PROCTO FLINAR CREME T/15G";"4855";"";"";"15g";"Crème / pommade";"";"";"non identifié";"à vérifier"
"PROF FRANCOISE BEDON CAROTTE LT F/500ML";"21000";"Cosmétique / dermo";"";"500ml";"";"";"";"hors médicament";"haute"
"PROF FRANCOISE BEDON CAVIAR LT F/500ML";"26500";"Cosmétique / dermo";"";"500ml";"";"";"";"hors médicament";"haute"
"PROF FRANCOISE BEDON CAVIAR SERUM F/50ML";"15000";"Cosmétique / dermo";"";"50ml";"";"";"";"hors médicament";"haute"
"PROF FRANCOISE BEDON ENERGIE CREME F/50ML";"15000";"Cosmétique / dermo";"";"50ml";"Crème / pommade";"";"";"hors médicament";"haute"
"PROF FRANCOISE BEDON ENERGIE LT F/500ML";"21000";"Cosmétique / dermo";"";"500ml";"";"";"";"hors médicament";"haute"
"PROF FRANCOISE BEDON GEL ALEO-VERA F/500";"19500";"Cosmétique / dermo";"";"";"Gel";"";"";"hors médicament";"haute"
"PROF FRANCOISE BEDON GEL NETT BB FL/500ML";"13500";"Cosmétique / dermo";"";"500ml";"Gel";"";"";"hors médicament";"haute"
"PROF FRANCOISE BEDON GLYCERINE FINE 500ML";"22000";"Cosmétique / dermo";"";"500ml";"";"";"";"hors médicament";"haute"
"PROF FRANCOISE BEDON HOMME LT F/500ML";"21000";"Cosmétique / dermo";"";"500ml";"";"";"";"hors médicament";"haute"
"PROF FRANCOISE BEDON HOMME SERUM F/50ML";"15000";"Cosmétique / dermo";"";"50ml";"";"";"";"hors médicament";"haute"
"PROF FRANCOISE BEDON IMPERIAL LT F/500ML";"30000";"Cosmétique / dermo";"";"500ml";"";"";"";"hors médicament";"haute"
"PROF FRANCOISE BEDON LAIT BEBE F/1L";"18000";"Cosmétique / dermo";"";"";"";"";"";"hors médicament";"haute"
"PROF FRANCOISE BEDON PRESTIG LOTION 500ML";"24000";"Cosmétique / dermo";"";"500ml";"";"";"";"hors médicament";"haute"
"PROF FRANCOISE BEDON PUISSANCE CR T/50ML";"15000";"Cosmétique / dermo";"";"50ml";"Crème / pommade";"";"";"hors médicament";"haute"
"PROF FRANCOISE BEDON PUISSANCE LT F/500ML";"21000";"Cosmétique / dermo";"";"500ml";"";"";"";"hors médicament";"haute"
"PROF FRANCOISE BEDON PUISSANCE SER F/50ML";"15000";"Cosmétique / dermo";"";"50ml";"Injectable";"";"";"hors médicament";"haute"
"PROF FRANCOISE BEDON REPAR SERUM F/50ML";"18000";"Cosmétique / dermo";"";"50ml";"";"";"";"hors médicament";"haute"
"PROF FRANCOISE BEDON REPARATEUR LT F/500M";"28500";"Cosmétique / dermo";"";"";"";"";"";"hors médicament";"haute"
"PROF FRANCOISE BEDON SAVON CAVIAR";"13500";"Cosmétique / dermo";"";"";"";"";"";"hors médicament";"haute"
"PROF FRANCOISE BEDON SAVON ENERGIE";"13500";"Cosmétique / dermo";"";"";"";"";"";"hors médicament";"haute"
"PROF FRANCOISE BEDON SAVON HOMME";"13500";"Cosmétique / dermo";"";"";"";"";"";"hors médicament";"haute"
"PROF FRANCOISE BEDON SAVON PUISSANCE";"13500";"Cosmétique / dermo";"";"";"";"";"";"hors médicament";"haute"
"PROF FRANCOISE BEDON SAVON REPARATEUR";"13500";"Cosmétique / dermo";"";"";"";"";"";"hors médicament";"haute"
"PROF FRANCOISE BEDON SAVON SUPREME";"13500";"Cosmétique / dermo";"";"";"";"";"";"hors médicament";"haute"
"PROF FRANCOISE BEDON SERUM CAROTTE 50ML";"15000";"Cosmétique / dermo";"";"50ml";"";"";"";"hors médicament";"haute"
"PROF FRANCOISE BEDON SERUM ENERGIE";"15000";"Cosmétique / dermo";"";"";"";"";"";"hors médicament";"haute"
"PROF FRANCOISE BEDON SERUM SUPREME 50ML";"15000";"Cosmétique / dermo";"";"50ml";"";"";"";"hors médicament";"haute"
"PROF FRANCOISE BEDON SUPREME LT F/500ML";"24750";"Cosmétique / dermo";"";"500ml";"";"";"";"hors médicament";"haute"
"PROF FRANCOISE BEDON ULTIME GOLD LT 500ML";"28500";"Cosmétique / dermo";"";"500ml";"";"";"";"hors médicament";"haute"
"PROF.FB CAVIAR CREME F/50ML";"16500";"Cosmétique / dermo";"";"50ml";"Crème / pommade";"";"";"hors médicament";"haute"
"PROFEMIGR 150MG COMP.B/10";"2830";"";"";"150mg";"Comprimé";"";"";"non identifié";"à vérifier"
"PROFENID 100MG CP B/30";"3745";"Médicament";"Ketoprofene";"100mg";"Comprimé";"";"";"identification manuelle (marque)";"moyenne"
"PROFENID 100MG IM AMP";"1995";"Médicament";"Ketoprofene";"100mg";"Injectable";"";"";"identification manuelle (marque)";"moyenne"
"PROFENID 100MG S INJ IV B/50";"54510";"Médicament";"Ketoprofene";"100mg";"Injectable";"";"";"identification manuelle (marque)";"moyenne"
"PROFENID 100MG SUPPO";"2650";"Médicament";"Ketoprofene";"100mg";"Suppositoire";"";"";"identification manuelle (marque)";"moyenne"
"PROFENID 100MG/2ML AM";"1095";"Médicament";"Ketoprofene";"100mg/2ml";"";"";"";"identification manuelle (marque)";"moyenne"
"PROFENID 50MG GELU/24";"2175";"Médicament";"Ketoprofene";"50mg";"Gélule";"";"";"identification manuelle (marque)";"moyenne"
"PROFENOL CPR B/20";"2010";"";"";"";"Comprimé";"";"";"non identifié";"à vérifier"
"PROFENOL SUSP BUV F/1";"2110";"";"";"";"Suspension buvable";"";"";"non identifié";"à vérifier"
"PROFIZ FORTE 500MG/6";"5555";"";"";"500mg";"";"";"";"non identifié";"à vérifier"
"PROGESTOGEL 1% GEL T/";"2580";"Médicament";"Progesterone";"1%";"Gel";"";"";"identification manuelle (marque)";"moyenne"
"PROGLAU 20MG/ML COLL";"6900";"Médicament";"Pilocarpine";"20mg";"Collyre";"";"";"identification manuelle (marque)";"à vérifier"
"PROGYNOVA 2MG CPR B/2";"5655";"Médicament";"Estradiol";"2mg";"Comprimé";"";"";"identification manuelle (marque)";"moyenne"
"PROKEFEN 100MG CP DIS";"1760";"Médicament";"Ketoprofene";"100mg";"Comprimé";"";"";"identification manuelle (marque)";"moyenne"
"PROKEFEN 100MG PDR IN";"890";"Médicament";"Ketoprofene";"100mg";"";"";"";"identification manuelle (marque)";"moyenne"
"PROKEFEN 100MG SUPPO";"1690";"Médicament";"Ketoprofene";"100mg";"Suppositoire";"";"";"identification manuelle (marque)";"moyenne"
"PROLONGATEUR 190CM 4097190";"1360";"Dispositif médical / consommable";"";"";"";"";"";"hors médicament";"haute"
"PROLONGATEUR PVC 2,5X4,1 IV/1";"595";"Dispositif médical / consommable";"";"";"Injectable";"";"";"hors médicament";"haute"
"PRONTOSAN 350MUI SOL";"11370";"Dispositif médical / consommable";"";"350mui";"";"";"";"hors médicament";"haute"
"PRONTOSAN WOUND GEL T";"23845";"Dispositif médical / consommable";"";"";"Gel";"";"";"hors médicament";"haute"
"PROPOFAN GELU B/15";"2605";"";"";"";"Gélule";"";"";"non identifié";"à vérifier"
"PROPOFOL 10MG/ML INJ DETAIL/1";"3475";"Médicament";"Propofol";"10mg";"Injectable";"";"";"identification manuelle (marque)";"moyenne"
"PROPOFOL FRES 1% AMP";"14015";"Médicament";"Propofol";"1%";"Injectable";"";"";"identification manuelle (marque)";"moyenne"
"PROPOFOL LIPURO 1% 10MG/ML B/5 3401081515433";"15490";"Médicament";"Propofol";"1%";"";"";"";"identification manuelle (marque)";"moyenne"
"PROPOFOL LIPURO 10MG/ML DETAIL B/1";"2440";"Médicament";"Propofol";"10mg";"";"";"";"identification manuelle (marque)";"moyenne"
"PROPOLIS GELULE B/30";"25000";"Médicament";"Propolis";"";"Gélule";"";"";"DCI citée dans la désignation";"moyenne"
"PROPRANOLOL BGR 40MG CP B/50";"1665";"Médicament";"Propranolol";"40mg";"Comprimé";"";"";"DCI citée dans la désignation";"moyenne"
"PROPRANOLOL TEV 40MG COMP,B/50";"1830";"Médicament";"Propranolol";"40mg";"Comprimé";"";"";"DCI citée dans la désignation";"moyenne"
"PROPRANOLOL TEVA 80MG GELULE B/30 (F)";"4000";"Médicament";"Propranolol";"80mg";"Gélule";"";"";"DCI citée dans la désignation";"moyenne"
"PROSTAFIP CPR B/30";"8305";"";"";"";"Comprimé";"";"";"non identifié";"à vérifier"
"PROSTAGENOL GEL B/60";"10855";"Nutrition / complément";"";"";"Gélule";"";"";"hors médicament";"haute"
"PROSTALEN COMP B/30";"9165";"Médicament";"Extrait de Serenoa repens";"";"Comprimé";"";"";"identification manuelle (marque)";"à vérifier"
"PROSTAZEN NATUREO PDRE 100G";"10000";"Nutrition / complément";"";"100g";"Poudre / sachet";"";"";"hors médicament";"haute"
"PROTEC PILL 1,5MG CPR";"2080";"Médicament";"Levonorgestrel";"1,5mg";"Comprimé";"";"";"identification manuelle (marque)";"moyenne"
"PROVIRON 25MG CPR B/2";"5530";"Médicament";"Mesterolone";"25mg";"Comprimé";"";"";"identification manuelle (marque)";"moyenne"
"PROXEED PLUS SACH 5G";"44050";"Nutrition / complément";"";"5g";"Poudre / sachet";"";"";"hors médicament";"haute"
"PROXEED WOMEN SACHET B/30";"54540";"Nutrition / complément";"";"";"Poudre / sachet";"";"";"hors médicament";"haute"
"PROZAC 20MG GELU B/14";"4395";"Médicament";"Fluoxetine";"20mg";"Gélule";"";"";"identification manuelle (marque)";"moyenne"
"PRUREX CREME DERM T";"2425";"";"";"";"Crème / pommade";"";"";"non identifié";"à vérifier"
"PUDOX 200MG CPR PELL";"5545";"Médicament";"Cefpodoxime";"200mg";"Comprimé";"";"";"identification manuelle (marque)";"moyenne"
"PUDOX 40MG/5ML PDRE S";"4855";"Médicament";"Cefpodoxime";"40mg/5ml";"Poudre / sachet";"";"";"identification manuelle (marque)";"moyenne"
"PULMOFIRST 62.5MG COMP.B/10";"13865";"Médicament";"Amoxicilline + Acide clavulanique";"62.5mg";"Comprimé";"";"";"identification manuelle (marque)";"à vérifier"
"PULMOLL CLASSIC PAST B/75";"3350";"Nutrition / complément";"";"";"";"";"";"hors médicament";"haute"
"PULMOLL SS CITRON PAST B/45";"3110";"Nutrition / complément";"";"";"Suspension buvable";"";"";"hors médicament";"haute"
"PULMOLL SS EUCALYPTUS/MENTH PAST B/45";"3350";"Nutrition / complément";"";"";"Suspension buvable";"";"";"hors médicament";"haute"
"PULMOSERUM AD S.BUV FL/200ML";"2080";"";"";"200ml";"";"";"";"non identifié";"à vérifier"
"PUNCH 1 JUDY DENTIF F";"3045";"Cosmétique / dermo";"";"";"";"";"";"hors médicament";"haute"
"PUNCH 1 JUDY DENTIF M";"3045";"Cosmétique / dermo";"";"";"";"";"";"hors médicament";"haute"
"PURE ACTIVE SERUM CHARBON AHA+BHA 30ML";"10680";"Cosmétique / dermo";"";"30ml";"";"";"";"hors médicament (filtre)";"moyenne"
"PURGALAX CPR B/30";"4755";"";"";"";"Comprimé";"";"";"non identifié";"à vérifier"
"PYOSTACINE 500MG CP B";"18815";"Médicament";"Pristinamycine";"500mg";"Comprimé";"";"";"identification manuelle (marque)";"moyenne"
"PYRALVEX SOL FL/10ML";"9305";"Médicament";"Extrait de rhubarbe + Acide salicylique";"10ml";"";"";"";"identification manuelle (marque)";"moyenne"
"PYRAMAX 180MG/60MG CO";"1625";"Médicament";"Artesunate + Pyronaridine";"180mg/60mg";"";"";"";"identification manuelle (marque)";"moyenne"
"PYRAMAX 60MG/20MG SUS";"950";"Médicament";"Artesunate + Pyronaridine";"60mg/20mg";"";"";"";"identification manuelle (marque)";"moyenne"
"PYROSIX SUSP BUV F/25";"2635";"";"";"";"Suspension buvable";"";"";"non identifié";"à vérifier"
"Q-NIN 300 600/MG/2ML INJ.DETAIL";"555";"Médicament";"Quinine";"2ml";"Injectable";"";"";"identification manuelle (marque)";"moyenne"
"Q-NIN 300 600MG/2ML INJ.B/10";"5530";"Médicament";"Quinine";"600mg/2ml";"Injectable";"";"";"identification manuelle (marque)";"moyenne"
"QUINEX 300MG CPR PELL";"2080";"Médicament";"Quinine";"300mg";"Comprimé";"";"";"identification manuelle (marque)";"moyenne"
"QUINIMAX 125MG CP B/1";"3895";"Médicament";"Quinine + Quinidine + Cinchonidine + Cinchonine";"125mg";"Comprimé";"";"";"identification manuelle (marque)";"moyenne"
"QUINIMAX 500MG CP B/9";"6115";"Médicament";"Quinine + Quinidine + Cinchonidine + Cinchonine";"500mg";"Comprimé";"";"";"identification manuelle (marque)";"moyenne"
"QUININE 600MG/2ML AMP";"500";"Médicament";"Quinine";"600mg/2ml";"Injectable";"";"";"DCI citée dans la désignation";"moyenne"
"QUINOLOX 200MG CP PEL";"4855";"Médicament";"Ofloxacine";"200mg";"Comprimé";"Liste I";"Antibiotique Antibacterien (Quinolone 2 generation)";"même marque dans la base PHARMACORP";"moyenne"
"QUINOTHERAM 0,5% COLL";"3120";"Médicament";"Moxifloxacine";"0,5%";"Collyre";"Liste I";"Antibiotique Antibacterien (Fluoroquinolone)";"même marque dans la base PHARMACORP";"moyenne"
"QUINTANA 10MG CPR B/14";"4020";"Médicament";"Mequitazine";"10mg";"Comprimé";"Liste II";"Antihistaminique, Antiallergique";"base PHARMACORP";"haute"
"QUINTANA 2,5MG/5ML SOL BUV F/60ML";"1525";"Médicament";"Mequitazine";"2,5mg/5mL";"Sirop / solution buvable";"Liste II";"Antihistaminique, Antiallergique";"base PHARMACORP";"haute"
"QUINTANA 5MG CPR B/14";"2495";"Médicament";"Mequitazine";"5mg";"Comprimé";"Liste II";"Antihistaminique, Antiallergique";"base PHARMACORP";"haute"
"QULANTA 400MG/20MG CPR B/40";"2355";"Médicament";"Simethicone + Magaldrate";"400mg/20mg";"Comprimé";"ST";"Anti acide, Antiflatulent";"base PHARMACORP";"haute"
"QV HYDRATANTE CREME 500G";"10000";"Cosmétique / dermo";"";"500g";"Crème / pommade";"";"";"hors médicament";"haute"
"R-LUME 180MG/1080MG S";"2635";"Médicament";"Artemether + Lumefantrine";"180mg/1080mg";"";"";"";"identification manuelle (marque)";"moyenne"
"R-LUME 20/120MG CPR B";"1385";"Médicament";"Artemether + Lumefantrine";"20/120mg";"Comprimé";"";"";"identification manuelle (marque)";"moyenne"
"R-LUME 40/240MG CPR B";"2080";"Médicament";"Artemether + Lumefantrine";"40/240mg";"Comprimé";"";"";"identification manuelle (marque)";"moyenne"
"R-LUME 80/480MG CPR B";"3330";"Médicament";"Artemether + Lumefantrine";"80/480mg";"Comprimé";"";"";"identification manuelle (marque)";"moyenne"
"R-LUME 80MG IM SOL IN";"3330";"Médicament";"Artemether + Lumefantrine";"80mg";"Injectable";"";"";"identification manuelle (marque)";"moyenne"
"RAASAR-H 50MG/12,5 CP";"6240";"Médicament";"Losartan potassium + Amlodipine";"50mg";"Comprimé";"Liste I";"Antihypertenseur (ARAII + IC)";"même marque dans la base PHARMACORP";"moyenne"
"RABELOC 20MG COMP B/3";"9525";"Médicament";"Rabeprazole";"20mg";"Comprimé";"Liste II";"Antiulcereux (IPP)";"même marque dans la base PHARMACORP";"moyenne"
"RABELOC 20MG CPR B/10";"3815";"Médicament";"Rabeprazole";"20mg";"Comprimé";"Liste II";"Antiulcereux (IPP)";"même marque dans la base PHARMACORP";"moyenne"
"RABELOC 20MG IV PDRE";"4855";"Médicament";"Rabeprazole";"20mg";"Injectable";"Liste II";"Antiulcereux (IPP)";"même marque dans la base PHARMACORP";"moyenne"
"RABEMAC 20MG COMP B/14";"8320";"Médicament";"Rabeprazole";"20mg";"Comprimé";"Liste II";"Antiulcereux (IPP)";"même marque dans la base PHARMACORP";"moyenne"
"RABEPRANE 20MG CPR ENR B/30";"2705";"Médicament";"Rabeprazole";"20mg";"Comprimé";"Liste II";"Antiulcereux (IPP)";"même marque dans la base PHARMACORP";"moyenne"
"RABETOK 20MG CPR B/30";"4740";"Médicament";"Rabeprazole";"20mg";"Comprimé";"Liste II";"Antiulcereux (IPP)";"base PHARMACORP";"haute"
"RABETOK-D 20/30MG GEL B/30";"7680";"Médicament";"Rabeprazole + Domperidone";"20mg/30mg";"Crème / pommade / gel";"Liste II";"Antiemetique, Antiulcereux (IPP)";"base PHARMACORP";"haute"
"RABWIN 20MG CPR B/30";"8320";"Médicament";"Rabeprazole";"20mg";"Comprimé";"Liste II";"Antiulcereux (IPP)";"base PHARMACORP";"haute"
"RADOMEX 20MG/30MG GEL B/10";"5555";"Médicament";"Rabeprazole + Domperidone";"20mg/30mg";"Crème / pommade / gel";"Liste II";"Antiemetique, Antiulcereux (IPP)";"base PHARMACORP";"haute"
"RALDOL CP B/10";"1135";"";"";"";"Comprimé";"";"";"non identifié";"à vérifier"
"RALDOL SIROP F/100ML";"1995";"";"";"100ml";"Sirop";"";"";"non identifié";"à vérifier"
"RAMET DALIBOUR PAIN 1";"3980";"";"";"";"";"";"";"non identifié";"à vérifier"
"RAMITHIAZIDE 10/12,5MG COMP B/100";"10400";"Médicament";"Ramipril + Hydrochlorothiazide";"10/12,5mg";"Comprimé";"Liste I";"Antihypertenseur (IEC + DT)";"même marque dans la base PHARMACORP";"moyenne"
"RAMITHIAZIDE 10MG/12,";"4160";"Médicament";"Ramipril + Hydrochlorothiazide";"10mg";"";"Liste I";"Antihypertenseur (IEC + DT)";"même marque dans la base PHARMACORP";"moyenne"
"RAMITHIAZIDE 10MG/12.5MG COMP.B/10";"1040";"Médicament";"Ramipril + Hydrochlorothiazide";"10mg/12.5mg";"Comprimé";"Liste I";"Antihypertenseur (IEC + DT)";"même marque dans la base PHARMACORP";"moyenne"
"RAMITHIAZIDE 10MG/25M";"8320";"Médicament";"Ramipril + Hydrochlorothiazide";"10mg";"";"Liste I";"Antihypertenseur (IEC + DT)";"même marque dans la base PHARMACORP";"moyenne"
"RAMITHIAZIDE 5MG/12,5";"6935";"Médicament";"Ramipril + Hydrochlorothiazide";"5mg";"";"Liste I";"Antihypertenseur (IEC + DT)";"même marque dans la base PHARMACORP";"moyenne"
"RANFERON 12 CAPS B/30";"2745";"Médicament";"Fer + Acide folique + Vitamine B12";"";"Gélule";"";"";"identification manuelle (marque)";"moyenne"
"RANFERON SP FL/200ML";"3385";"Médicament";"Fer + Acide folique + Vitamine B12";"200ml";"Sirop";"";"";"identification manuelle (marque)";"moyenne"
"RANOPHAGE OD 1000MG C";"2535";"Médicament";"Metformine";"1000mg";"";"";"";"identification manuelle (marque)";"moyenne"
"RANTUDIL 60MG GEL B/2";"6240";"Médicament";"Acemetacine";"60mg";"Gélule";"Liste II";"Antiinflammatoire non steroidien";"même marque dans la base PHARMACORP";"moyenne"
"RANTUDIL RETARD LP 90";"9845";"Médicament";"Acemetacine";"";"";"Liste II";"Antiinflammatoire non steroidien";"même marque dans la base PHARMACORP";"moyenne"
"RAPICLAV 1G CP B/14";"5060";"Médicament";"Amoxicilline + Acide clavulanique";"1g";"Comprimé";"";"";"identification manuelle (marque)";"moyenne"
"RAPICLAV 1G/125MG PDR";"5895";"Médicament";"Amoxicilline + Acide clavulanique";"1g/125mg";"";"";"";"identification manuelle (marque)";"moyenne"
"RAPICLAV 625MG CP/7X3";"4855";"Médicament";"Amoxicilline + Acide clavulanique";"625mg";"Comprimé";"";"";"identification manuelle (marque)";"moyenne"
"RAPIDEX 0,05% ENF SPR";"1180";"";"";"0,05%";"";"";"";"non identifié";"à vérifier"
"RAPIDEX 0,10% AD SPRA";"1180";"";"";"0,10%";"";"";"";"non identifié";"à vérifier"
"RAPIDEX 250MG/5MG/2,5";"1315";"";"";"250mg/5mg";"";"";"";"non identifié";"à vérifier"
"RAPIDEX 500/10/10/50ML SACH B/10";"3160";"";"";"500/10/10/50ml";"Poudre / sachet";"";"";"non identifié";"à vérifier"
"RAPIDEX 500/10/30/2,5MG COMP B/80";"6935";"";"";"500/10/30/2,5mg";"Comprimé";"";"";"non identifié";"à vérifier"
"RAPIDEX CPR DETAIL";"315";"";"";"";"Comprimé";"";"";"non identifié";"à vérifier"
"RAPINATE 120MG IM/IV";"2745";"Médicament";"Artesunate";"120mg";"Injectable";"Liste I";"Antipaludique";"même marque dans la base PHARMACORP";"moyenne"
"RAPINATE 60MG PDRE SU";"1470";"Médicament";"Artesunate";"60mg";"Poudre / sachet";"Liste I";"Antipaludique";"même marque dans la base PHARMACORP";"moyenne"
"RASGIL 10MG GEL B/30";"7485";"Médicament";"Ramipril";"10mg";"Crème / pommade / gel";"Liste I";"Antihypertenseur (IEC)";"base PHARMACORP";"haute"
"RASGIL 2,5MG GEL B/30";"5200";"Médicament";"Ramipril";"2,5mg";"Crème / pommade / gel";"Liste I";"Antihypertenseur (IEC)";"base PHARMACORP";"haute"
"RASGIL 5MG GEL B/30";"6240";"Médicament";"Ramipril";"5mg";"Crème / pommade / gel";"Liste I";"Antihypertenseur (IEC)";"base PHARMACORP";"haute"
"RASGIL HTZ 10MG/12,5M";"5960";"Médicament";"Ramipril + Hydrochlorothiazide";"10mg";"";"";"";"identification manuelle (marque)";"à vérifier"
"RASGIL HTZ 10MG/25MG COMP B/30 3705629278270";"6380";"Médicament";"Ramipril + Hydrochlorothiazide";"10mg/25mg";"Comprimé";"";"";"identification manuelle (marque)";"à vérifier"
"RASGIL HTZ 5MG/12,5MG";"4160";"Médicament";"Ramipril + Hydrochlorothiazide";"5mg/12,5mg";"";"";"";"identification manuelle (marque)";"à vérifier"
"RASGIL HTZ 5MG/25MG C";"5960";"Médicament";"Ramipril + Hydrochlorothiazide";"5mg/25mg";"";"";"";"identification manuelle (marque)";"à vérifier"
"RBC 100MG/5ML IV S.INJ 5ML B/5 3401577656978";"12685";"Médicament";"Fer (saccharose)";"100mg/5ml";"Injectable";"";"";"identification manuelle (marque)";"moyenne"
"RBC 100MG/5ML IV SOL INJ AMP/5ML B/1 DET";"2670";"Médicament";"Fer (saccharose)";"100mg/5ml";"Injectable";"";"";"identification manuelle (marque)";"moyenne"
"RBC 125MG/5ML SP F/120ML";"2965";"Médicament";"Fer element";"125mg/5mL";"Autre";"ST";"Antianemique";"base PHARMACORP";"haute"
"RBC F 100MG/0,35MG CP";"2750";"Médicament";"Fer + Acide folique";"100mg/0,35mg";"Comprimé";"";"";"identification manuelle (marque)";"moyenne"
"RC BEURRE FONDANT CORPS 200ML";"14270";"Cosmétique / dermo";"";"200ml";"";"";"";"hors médicament";"haute"
"RC CR MAINS LEGERE 50ML 3401078152191";"5625";"Cosmétique / dermo";"";"50ml";"Crème / pommade";"";"";"hors médicament";"haute"
"RC CR MAINS RICHE 50ML";"5625";"Cosmétique / dermo";"";"50ml";"Crème / pommade";"";"";"hors médicament";"haute"
"RC CR MIRACULEUSE 100ML";"8585";"Cosmétique / dermo";"";"100ml";"Crème / pommade";"";"";"hors médicament";"haute"
"RC CR PERLEE CORPS 400ML 3401078147111";"19130";"Cosmétique / dermo";"";"400ml";"Crème / pommade";"";"";"hors médicament";"haute"
"RC CREME HYDRA DCH LAIT T/200ML";"5945";"Cosmétique / dermo";"";"200ml";"Crème / pommade";"";"";"hors médicament";"haute"
"RC DENTIFRICE BOTOT J";"5105";"Cosmétique / dermo";"";"";"";"";"";"hors médicament";"haute"
"RC DENTIFRICE BOTOT R";"5260";"Cosmétique / dermo";"";"";"";"";"";"hors médicament";"haute"
"RC DENTIFRICE BOTOT V";"5260";"Cosmétique / dermo";"";"";"";"";"";"hors médicament";"haute"
"RC GEL SURG DCH CLASS 400ML AFR";"10500";"Cosmétique / dermo";"";"400ml";"Gel";"";"";"hors médicament";"haute"
"RC GEL SURG DOUC MIEL 400ML AFR";"10540";"Cosmétique / dermo";"";"400ml";"Gel";"";"";"hors médicament";"haute"
"RC GELEE EN EAU CORPS 200ML 3401578159171";"14230";"Cosmétique / dermo";"";"200ml";"";"";"";"hors médicament";"haute"
"RC HLE LAV DERMO UHT S/P F/500ML";"13050";"Cosmétique / dermo";"";"500ml";"";"";"";"hors médicament";"haute"
"RC HLE UNIV SURGRAS 150ML 3401078150180";"17300";"Cosmétique / dermo";"";"150ml";"";"";"";"hors médicament";"haute"
"RC LTN ONCTUEUX CORPS 500ML";"18000";"Cosmétique / dermo";"";"500ml";"";"";"";"hors médicament";"haute"
"RC SAV JARDIN ORIGINAL 200G/3";"16000";"Cosmétique / dermo";"";"200g";"";"";"";"hors médicament";"haute"
"RC SAV SUR CLASS 250G DETAIL AFR";"5610";"Cosmétique / dermo";"";"250g";"";"";"";"hors médicament";"haute"
"RC SAV SUR CLASS 250GX2 AFR";"8225";"Cosmétique / dermo";"";"250g";"";"";"";"hors médicament";"haute"
"RC SAV SUR CLASS 250GX3 AFR";"16830";"Cosmétique / dermo";"";"250g";"";"";"";"hors médicament";"haute"
"RC SAV SUR CLASS 3+1 GRATUIT AFR";"16485";"Cosmétique / dermo";"";"1g";"";"";"";"hors médicament";"haute"
"RC SAV SUR LT MIEL 25";"4970";"Cosmétique / dermo";"";"";"";"";"";"hors médicament";"haute"
"RC SAV SURG FL COTON 250G/2";"3750";"Cosmétique / dermo";"";"250g";"";"";"";"hors médicament";"haute"
"RC SAV SURG FL COTON PAIN 150G";"2850";"Cosmétique / dermo";"";"150g";"";"";"";"hors médicament";"haute"
"RC SAV.JARDIN ORIGINAL DETAIL";"5335";"Cosmétique / dermo";"";"";"";"";"";"hors médicament";"haute"
"RC.SAV.SUR.CLASS 250G DETAIL 3401099863274";"5610";"Cosmétique / dermo";"";"250g";"";"";"";"hors médicament";"haute"
"REANNOGEL 225/200/25M";"2495";"Médicament";"Aluminium hydroxyde + Magnesium hydroxyde + Simethicone";"";"";"ST";"Anti acide, Antiflatulent";"même marque dans la base PHARMACORP";"moyenne"
"REANODERM 0,05%/0,1%/";"1385";"Médicament";"Gentamicine + Betamethasone + Clotrimazole";"0,05%";"";"Liste I";"Antifongique, Antiinflammatoire, Antiprurigineux, Antibiotique";"même marque dans la base PHARMACORP";"moyenne"
"RECEMOX 1000MG COMP B/10";"4300";"Médicament";"Amoxicilline + Acide clavulanique";"1000mg";"Comprimé";"Liste I";"Antibiotique Antibacterien (Penicillines)";"même marque dans la base PHARMACORP";"moyenne"
"RECIZ SACHET B/25";"7700";"";"";"";"Poudre / sachet";"";"";"non identifié";"à vérifier"
"RED IRON 2000 SUSP BU";"3050";"Médicament";"Fer + acide folique + Vit B12";"";"Suspension buvable";"ST";"Antianemique";"même marque dans la base PHARMACORP";"moyenne"
"REGULIX 40MG CPR B/20";"1110";"Médicament";"Drotaverine chlorhydrate";"40mg";"Comprimé";"Liste II";"Antispasmodique (Musculotrope)";"même marque dans la base PHARMACORP";"moyenne"
"REGULIX 80MG CPR B/20";"2080";"Médicament";"Drotaverine chlorhydrate";"80mg";"Comprimé";"Liste II";"Antispasmodique (Musculotrope)";"même marque dans la base PHARMACORP";"moyenne"
"REJUVA CPR B/30";"4160";"Médicament";"MULTIVITAMINES";"multidosage";"Comprimé";"ST";"Supplement vitaminique";"base PHARMACORP";"haute"
"REJUVENEX GELULE B/30";"5840";"Médicament";"Vitamines + Mineraux";"";"Gélule";"ST";"Supplement vitaminique";"même marque dans la base PHARMACORP";"moyenne"
"RELAXO 1% GEL DERMQ T/30G";"1915";"Médicament";"Diclofenac + Huile de lin + Methyl salicylate + Menthol";"1,16%/3%/10%/5%";"Crème / pommade / gel";"Liste II";"Antalgique, Antiinflammatoire non steroidien";"base PHARMACORP";"haute"
"RELAXON 250MG/300MG G";"3385";"Médicament";"Chlorzoxazone + Paracetamol";"250mg/300mg";"";"Liste II";"Antalgique, Antipyrétique, Myorelaxant";"même marque dans la base PHARMACORP";"moyenne"
"REMD BIB JUSFRUIT VER NN CAOU ROSE 110ML";"6880";"Dispositif médical / consommable";"";"110ml";"";"";"";"hors médicament";"haute"
"REMD BIB PP TET NN CA";"5850";"Dispositif médical / consommable";"";"";"";"";"";"hors médicament";"haute"
"REMD BIB PP TET NN CAOUTCH MARINE 270ML/1";"6500";"Dispositif médical / consommable";"";"270ml";"";"";"";"hors médicament";"haute"
"REMD BIB PP TET NN CAOUTCH TURQ 270ML/1";"6500";"Dispositif médical / consommable";"";"270ml";"";"";"";"hors médicament";"haute"
"REMD BIB VER NN CAOU BLANC 240ML";"7375";"Dispositif médical / consommable";"";"240ml";"";"";"";"hors médicament";"haute"
"REMD SYSTEM TET CAOU/";"2350";"Dispositif médical / consommable";"";"";"";"";"";"hors médicament";"haute"
"REMD SYSTEM TET CAOUT";"2170";"Dispositif médical / consommable";"";"";"";"";"";"hors médicament";"haute"
"REMD TETINE NN CAOUT";"1975";"Dispositif médical / consommable";"";"";"";"";"";"hors médicament";"haute"
"REMD VARITETINE SILICONE +4M B/1";"4060";"Dispositif médical / consommable";"";"";"";"";"";"hors médicament";"haute"
"REMIFLU CP B/10 8901079013682";"2315";"Médicament";"Paracetamol + Phenylephrine chlorhydrate+ Levocetirizine chlorhydrate";"";"Comprimé";"Liste II";"Antigrippal";"même marque dans la base PHARMACORP";"moyenne"
"RENANGIO 40MG CPR B/3";"5545";"Médicament";"Telmisartan";"40mg";"Comprimé";"";"";"identification manuelle (marque)";"à vérifier"
"RENANGIO 80MG COMP B/30";"6240";"Médicament";"Telmisartan";"80mg";"Comprimé";"";"";"identification manuelle (marque)";"à vérifier"
"RENANGIO PLUS 40MG/12";"5670";"Médicament";"Telmisartan + Hydrochlorothiazide";"40mg";"";"";"";"identification manuelle (marque)";"à vérifier"
"RENANGIO PLUS 80MG/12";"6240";"Médicament";"Telmisartan + Hydrochlorothiazide";"80mg";"";"";"";"identification manuelle (marque)";"à vérifier"
"RENERVE P GEL B/30";"9705";"Médicament";"Pregabaline + Methylcobalamine";"75mg/750mcg";"Crème / pommade / gel";"Liste I";"Antiepileptique, Neuropathie";"base PHARMACORP";"haute"
"RENERVE PLUS BT GEL B";"9290";"Médicament";"Methylcobalamine + Acide alpha-lipoique";"";"Gélule";"";"";"identification manuelle (marque)";"à vérifier"
"RENERVE PLUS GEL B/30";"6100";"Médicament";"Methylcobalamine + Acide alpha lipoique + Acide folique + Chrome polynicotinate + Inositol + Selenomethionine + Zinc";"1500mcg/200mg/1,5mg/200mcg/100mg/55mcg/25mg";"Crème / pommade / gel";"ST";"Regenerateur des cellules nerveuses";"base PHARMACORP";"haute"
"RENITEC 20MG COMP B/28";"5555";"Médicament";"Enalapril maleate";"20mg";"Comprimé";"Liste I";"Antihypertenseur (IEC)";"même marque dans la base PHARMACORP";"moyenne"
"RENITEC 5MG COMP B/28 3400932708987";"3120";"Médicament";"Enalapril maleate";"5mg";"Comprimé";"Liste I";"Antihypertenseur (IEC)";"même marque dans la base PHARMACORP";"moyenne"
"RENNIE TABL B/48";"2425";"Médicament";"Calcium carbonate + Magnesium carbonate";"680mg/80mg";"Autre";"ST";"Anti acide";"base PHARMACORP";"haute"
"RESIFURAN 0,9G/100ML";"3980";"Médicament";"Simethicone";"0,9g/100ml";"";"ST";"Antiflatulent";"même marque dans la base PHARMACORP";"moyenne"
"RESPIBIEN 0,5MG GTTE";"1580";"";"";"0,5mg";"Gouttes";"";"";"non identifié";"à vérifier"
"RESTOCINE COMP COFFRET/50 POCHETTES DE 4";"14560";"";"";"";"Comprimé";"";"";"non identifié";"à vérifier"
"RESTOCINE COMP POCHET";"300";"";"";"";"Comprimé";"";"";"non identifié";"à vérifier"
"RESTRIVA 500MG CP B/2";"1720";"Médicament";"Metamizole sodique";"500mg";"Comprimé";"Liste I";"Analgesique, Antalgique";"même marque dans la base PHARMACORP";"moyenne"
"RETIFEN CY 5MG/5ML";"1735";"";"";"5mg/5ml";"";"";"";"non identifié";"à vérifier"
"REUMOXICAN 20MG CPR DISP B/10";"2495";"Médicament";"Piroxicam";"20mg";"Comprimé";"Liste I";"Antiinflammatoire non steroidien";"base PHARMACORP";"haute"
"REUMOXICAN 20MG CPR DISP B/30";"7765";"Médicament";"Piroxicam";"20mg";"Comprimé";"Liste I";"Antiinflammatoire non steroidien";"base PHARMACORP";"haute"
"REUMOXICAN 20MG GEL B";"2635";"Médicament";"Piroxicam";"20mg";"Gélule";"Liste I";"Antiinflammatoire non steroidien";"même marque dans la base PHARMACORP";"moyenne"
"REUMOXICAN 20MG SUPPO";"2980";"Médicament";"Piroxicam";"20mg";"Suppositoire";"Liste I";"Antiinflammatoire non steroidien";"même marque dans la base PHARMACORP";"moyenne"
"REVITAL GEL B/30";"7460";"Médicament";"MULTIVITAMINES";"";"Gélule";"ST";"Supplement vitaminique";"même marque dans la base PHARMACORP";"moyenne"
"REVITALOSE AMP BUV B/";"5225";"Médicament";"Magnesium aspartate dihydrate + l-lysine monochlorhydrate + l-leucine + l-phenylalanine + l-valine + acide ascorbique";"";"Injectable";"ST";"Antiasthenique";"même marque dans la base PHARMACORP";"moyenne"
"REVOLUTION VIT C BODY CLEANSER 200ML";"6000";"Cosmétique / dermo";"";"200ml";"Injectable";"";"";"hors médicament";"haute"
"REVUELLE AC HYA CREM SOL SPF50+ 50ML";"12000";"Cosmétique / dermo";"";"50ml";"";"";"";"hors médicament";"haute"
"REVUELLE ALOE VERA CREME SOL SPF50+ 50ML";"12000";"Cosmétique / dermo";"";"50ml";"Crème / pommade";"";"";"hors médicament";"haute"
"REVUELLE CRE SOLAIRE SPF50+ 50ML";"12000";"Cosmétique / dermo";"";"50ml";"";"";"";"hors médicament";"haute"
"REVUELLE DAILY CREME SOL SPF50+ 50ML";"12000";"Cosmétique / dermo";"";"50ml";"Crème / pommade";"";"";"hors médicament";"haute"
"REVUELLE VIT C 15% SERUM FL/30ML";"12000";"Cosmétique / dermo";"";"15%";"";"";"";"hors médicament";"haute"
"RHINAPHYTO SIROP F/10";"2015";"Médicament";"Thym + Racines de primeveres";"";"Sirop";"Liste I";"Antitussif";"même marque dans la base PHARMACORP";"moyenne"
"RHINATHIOL AD 5% SP F";"2315";"Médicament";"Carbocisteine";"5%";"Sirop";"";"";"identification manuelle (marque)";"moyenne"
"RHINATHIOL AD SP F/30";"3800";"Médicament";"Carbocisteine";"";"Sirop";"";"";"identification manuelle (marque)";"moyenne"
"RHINATHIOL ADULT SANS";"3620";"Médicament";"Carbocisteine";"";"";"";"";"identification manuelle (marque)";"moyenne"
"RHINATHIOL ENF 2% 2,5G SIROP FL/125ML 3400930909379";"2110";"Médicament";"Carbocisteine";"2%";"Sirop";"";"";"identification manuelle (marque)";"moyenne"
"RHINATHIOL PROMETH SP";"1665";"Médicament";"Carbocisteine + Promethazine";"";"Sirop";"";"";"identification manuelle (marque)";"moyenne"
"RHINEX 100MG/2,5MG SP";"1525";"";"";"100mg/2,5mg";"Sirop";"";"";"non identifié";"à vérifier"
"RHINEX FLASH 500MG/5M";"1525";"";"";"500mg";"";"";"";"non identifié";"à vérifier"
"RHINICOLD 125MG/5MG/1";"2940";"Médicament";"Paracetamol + Chlorphenamine + Phenylephrine";"125mg/5mg";"";"";"";"identification manuelle (marque)";"moyenne"
"RHINICOLD 500MG/10MG/";"7975";"Médicament";"Paracetamol + Chlorphenamine + Phenylephrine";"500mg/10mg";"";"";"";"identification manuelle (marque)";"moyenne"
"RHINICOLD COMP DETAIL POCHETTE/4 COMP";"325";"Médicament";"Paracetamol + Chlorphenamine + Phenylephrine";"";"Comprimé";"";"";"identification manuelle (marque)";"moyenne"
"RHINICOLD NASAL 0,05%";"1040";"Médicament";"Paracetamol + Chlorphenamine + Phenylephrine";"0,05%";"";"";"";"identification manuelle (marque)";"moyenne"
"RHINICOLD NASAL 0,1%";"1040";"Médicament";"Paracetamol + Chlorphenamine + Phenylephrine";"0,1%";"";"";"";"identification manuelle (marque)";"moyenne"
"RHINOCORT 64MCG SUSP 120 DOSES FL/10ML";"7060";"Médicament";"Budesonide";"64mcg";"Suspension buvable";"Liste I";"Antiasthmatique, Antiinflammatoire steroidien";"même marque dans la base PHARMACORP";"moyenne"
"RHINOFLUIMUCIL SOL NA";"1650";"Médicament";"Acetylcysteine + Tuaminoheptane";"";"";"";"";"identification manuelle (marque)";"moyenne"
"RHINOLAYA FORT POCKET SOL NAS SPRAY/50ML";"4560";"Dispositif médical / consommable";"Eau de mer isotonique";"50ml";"Spray";"";"";"identification manuelle (marque)";"moyenne"
"RHINOLAYA KIDS SOL NAS ISOTONIQ SPRAY/50M";"4565";"Dispositif médical / consommable";"Eau de mer isotonique";"";"Spray";"";"";"identification manuelle (marque)";"moyenne"
"RHINOMAXIL 100 MIC/DO";"5545";"Médicament";"Beclometasone dipropionate";"";"";"Liste I";"Antiinflammatoire steroidien";"même marque dans la base PHARMACORP";"moyenne"
"RHINOPAROL 650MG/10MG";"2535";"Médicament";"Paracetamol + Phenylephrine + Chlorpheniramine";"650mg/10mg";"";"ST";"Antigrippal";"même marque dans la base PHARMACORP";"moyenne"
"RHINORIL 300MG SACH B";"3330";"";"";"300mg";"Poudre / sachet";"";"";"non identifié";"à vérifier"
"RHUMAGRIP CPR B/16";"1595";"Médicament";"Paracetamol + pseudoephedrine";"";"Comprimé";"ST";"Rhume et etat grippal";"même marque dans la base PHARMACORP";"moyenne"
"RHUMIX SACH B/10";"2765";"Médicament";"Paracetamol + Ibuprofene + Chlorphenamine maleate + acide ascorbique + pseudoephedrine chlorhydrate + cafeine";"";"Poudre / sachet";"Liste II";"antigrippal";"même marque dans la base PHARMACORP";"moyenne"
"RIBATRAN COMP B/20";"4615";"Médicament";"Trypsine + ribonuclease + chymotrypsinogene";"";"Comprimé";"ST";"Antioedemateux";"même marque dans la base PHARMACORP";"moyenne"
"RICHFER PLUS SP F/200";"3465";"Médicament";"Fer + Acide folique + Vit B12 + Vit C + Zinc";"";"Sirop";"ST";"Antianemique";"même marque dans la base PHARMACORP";"moyenne"
"RIDMAL 120MG/960MG CP";"4020";"Médicament";"Dihydroartemisinine + Piperaquine phosphate";"120mg/960mg";"Comprimé";"Liste I";"Antipaludique";"même marque dans la base PHARMACORP";"moyenne"
"RIDMAL 40/320MG CPR B";"4020";"Médicament";"Dihydroartemisinine + Piperaquine phosphate";"40/320mg";"Comprimé";"Liste I";"Antipaludique";"même marque dans la base PHARMACORP";"moyenne"
"RIDMAL 60MG/480MG CPR";"2775";"Médicament";"Dihydroartemisinine + Piperaquine phosphate";"60mg/480mg";"Comprimé";"Liste I";"Antipaludique";"même marque dans la base PHARMACORP";"moyenne"
"RIDMAL 80/640MG COMP.B/3 3400930625101";"3050";"Médicament";"Dihydroartemisinine + Piperaquine phosphate";"80/640mg";"Comprimé";"Liste I";"Antipaludique";"même marque dans la base PHARMACORP";"moyenne"
"RIDMAL 80MG/640MG CPR";"4855";"Médicament";"Dihydroartemisinine + Piperaquine phosphate";"80mg/640mg";"Comprimé";"Liste I";"Antipaludique";"même marque dans la base PHARMACORP";"moyenne"
"RIDMAL DT 20MG/160MG COMP DISP B/3";"1940";"Médicament";"Dihydroartemisinine + Piperaquine phosphate";"20mg/160mg";"Comprimé";"Liste I";"Antipaludique";"même marque dans la base PHARMACORP";"moyenne"
"RIDMAL DT 40MG/320MG";"1940";"Médicament";"Dihydroartemisinine + Piperaquine phosphate";"40mg/320mg";"";"Liste I";"Antipaludique";"même marque dans la base PHARMACORP";"moyenne"
"RIFAMYCINE 1% CY FL/1";"2605";"Médicament";"Rifamycine sodique";"1%";"";"";"";"DCI citée dans la désignation";"moyenne"
"RIFAMYCINE POM OPHT T";"2525";"Médicament";"Rifamycine sodique";"";"Crème / pommade";"";"";"DCI citée dans la désignation";"moyenne"
"RIGIDE 50MG CPR PELL";"7210";"Médicament";"Sildenafil";"50mg";"Comprimé";"Liste I";"Troubles de l'érection";"même marque dans la base PHARMACORP";"moyenne"
"RINASAN AD 0,1% SPR N";"1525";"Médicament";"Xylometazoline chlorhydrate";"0,1%";"";"Liste II";"Decongestif nasal";"même marque dans la base PHARMACORP";"moyenne"
"RINASAN ENF 0,05% SPR";"1525";"Médicament";"Xylometazoline chlorhydrate";"0,05%";"";"Liste II";"Decongestif nasal";"même marque dans la base PHARMACORP";"moyenne"
"RINGER LACT BB ECOFLAC+ 500ML";"1250";"Médicament";"Chlorure de sodium + Chlorure de potassium + Chlorure de calcium dihydrate + Lactate de sodium.";"500ml";"";"ST";"Electrolyte";"même marque dans la base PHARMACORP";"moyenne"
"RINIALER 10MG CPR B/2";"8595";"Médicament";"Rupatadine";"10mg";"Comprimé";"Liste II";"Antihistaminique, Antiallergique";"même marque dans la base PHARMACORP";"moyenne"
"RINIALER 1MG/ML SOL B";"6515";"Médicament";"Rupatadine";"1mg";"";"Liste II";"Antihistaminique, Antiallergique";"même marque dans la base PHARMACORP";"moyenne"
"RINOGRIP GR SOL BUV SANS SUCRE SACHET/10";"2565";"Médicament";"Pheniramine maleate + Paracetamol + Acide ascorbique";"";"Poudre / sachet";"ST";"antigrippal";"même marque dans la base PHARMACORP";"moyenne"
"RINOGRIP SACH B/10";"2565";"Médicament";"Pheniramine maleate + Paracetamol + Acide ascorbique";"";"Poudre / sachet";"ST";"antigrippal";"même marque dans la base PHARMACORP";"moyenne"
"RINOMICINE 10MG SACH";"2080";"Médicament";"Chlorphenamine maleate + phenylephrine chlorhydrate + salicylamide + paracetamol + cafeine + vitc";"10mg";"Poudre / sachet";"ST";"Rhume et etat grippal";"même marque dans la base PHARMACORP";"moyenne"
"RIPAXIL 750MG IM/IV P";"2775";"Médicament";"Cefuroxime";"750mg";"Injectable";"Liste I";"Antibacterien (Cephalosporines 2 generation), Antibiotique";"même marque dans la base PHARMACORP";"moyenne"
"RISPERDAL 1MG COMP B/60 3400934033889";"10385";"Médicament";"Risperidone";"1mg";"Comprimé";"Liste I";"Neuroleptique atypique";"même marque dans la base PHARMACORP";"moyenne"
"RISPERDAL 1MG/ML SOL BUV FL/60ML";"12925";"Médicament";"Risperidone";"1mg";"";"Liste I";"Neuroleptique atypique";"même marque dans la base PHARMACORP";"moyenne"
"RISPERIDONE BGR 1MG C";"9595";"Médicament";"Risperidone";"1mg";"";"";"";"DCI citée dans la désignation";"moyenne"
"RISPERIDONE BGR 2MG C";"11090";"Médicament";"Risperidone";"2mg";"";"";"";"DCI citée dans la désignation";"moyenne"
"RISPERIDONE BGR 4MG COMP.B/30";"12480";"Médicament";"Risperidone";"4mg";"Comprimé";"";"";"DCI citée dans la désignation";"moyenne"
"RIVADOUCE GEL DERM CORP&CHEVEUX F/500ML";"5000";"Cosmétique / dermo";"";"500ml";"Gel";"";"";"hors médicament";"haute"
"RIVOTRIL 2MG COMP SEC B/28 3400938164985";"2385";"Médicament";"Clonazepam";"2mg";"Comprimé";"Liste I";"Antiepileptique, Antiepileptique (BZD)";"même marque dans la base PHARMACORP";"moyenne"
"ROCEPHINE 1G AMP IM B";"8945";"Médicament";"Ceftriaxone";"1g";"Injectable";"Liste I";"Antibacterien (Cephalosporines 3 generation), Antibiotique";"même marque dans la base PHARMACORP";"moyenne"
"ROCEPHINE 1G AMP IV B";"9020";"Médicament";"Ceftriaxone";"1g";"Injectable";"Liste I";"Antibacterien (Cephalosporines 3 generation), Antibiotique";"même marque dans la base PHARMACORP";"moyenne"
"ROCGEL SUSP BUV SACH";"3825";"Médicament";"Aluminium hydroxyde";"";"Suspension buvable";"ST";"Anti acide";"même marque dans la base PHARMACORP";"moyenne"
"ROCHE P EFFACLAR AI GEL IMPERF CUT T/15ML";"8000";"Cosmétique / dermo";"";"15ml";"Injectable";"";"";"hors médicament";"haute"
"ROCHE P EFFACLAR K+SOIN RENOV PG CRE/40ML";"16500";"Cosmétique / dermo";"";"40ml";"";"";"";"hors médicament";"haute"
"ROCHE P EFFACLAR MAT+CR HYDR T/40ML";"18435";"Cosmétique / dermo";"";"40ml";"Crème / pommade";"";"";"hors médicament";"haute"
"ROCHE P KERIUM DX EXTREM SHA GEL FL/400ML";"14000";"Cosmétique / dermo";"";"400ml";"Gel";"";"";"hors médicament";"haute"
"ROCHE P LIPIKAR HLE DCHE LAV AP+F/400ML";"22980";"Cosmétique / dermo";"";"400ml";"";"";"";"hors médicament";"haute"
"ROCHE P MELA B3 GEL MICROPE/200ML";"22880";"Cosmétique / dermo";"";"3g";"Gel";"";"";"hors médicament";"haute"
"ROCHE P.CICAPLAST BME SPF50 T/40ML";"16210";"Cosmétique / dermo";"";"40ml";"";"";"";"hors médicament";"haute"
"ROCHE P.LIPIKAR AP LAIT CORPS F/400ML";"24610";"Cosmétique / dermo";"";"400ml";"";"";"";"hors médicament";"haute"
"ROCHE P.LIPIKAR AP+M BAUME CORP T/400ML";"27645";"Cosmétique / dermo";"";"400ml";"";"";"";"hors médicament";"haute"
"ROCHE P.LIPIKAR AP+MBME CORPS T/200ML";"20835";"Cosmétique / dermo";"";"200ml";"";"";"";"hors médicament";"haute"
"ROCHE POSAY ANTHELIOS CRE HYD SFP50+ 50ML";"17940";"Cosmétique / dermo";"";"50ml";"";"";"";"hors médicament";"haute"
"ROCHE POSAY EAU THERMALE AERO FL/150ML";"10155";"Cosmétique / dermo";"";"150ml";"Spray";"";"";"hors médicament";"haute"
"ROCHE POSAY EAU THERMALE SPRAY FL/300ML";"13000";"Cosmétique / dermo";"";"300ml";"Spray";"";"";"hors médicament";"haute"
"ROCHE POSAY LIPIKAR PAIN SURGRAS 150G 3433422404533";"7690";"Cosmétique / dermo";"";"150g";"";"";"";"hors médicament";"haute"
"ROCHE POSAY LIPIKAR UREA 10% LAIT 200ML";"21540";"Cosmétique / dermo";"";"10%";"";"";"";"hors médicament";"haute"
"ROCMALINE AMP BUV 10M";"5130";"Médicament";"L arginine base anhydre + acide dl malique";"";"Injectable";"ST";"Hepatoprotecteur";"même marque dans la base PHARMACORP";"moyenne"
"ROGE CAV CREME LAV DERMO UHT FL/500ML";"10575";"Cosmétique / dermo";"";"500ml";"Crème / pommade";"";"";"hors médicament";"haute"
"ROGE CAV DEO ABSORB+";"7040";"Cosmétique / dermo";"";"";"";"";"";"hors médicament";"haute"
"ROGE CAV EAU BOTOT BB JAUNE 250ML";"10055";"Cosmétique / dermo";"";"250ml";"";"";"";"hors médicament";"haute"
"ROGE CAV EAU BOTOT BB ROUGE 250ML";"10890";"Cosmétique / dermo";"";"250ml";"";"";"";"hors médicament";"haute"
"ROGE CAV GEL BAIN DCHE LAIT MIEL FL/1L";"20900";"Cosmétique / dermo";"";"";"Gélule";"";"";"hors médicament";"haute"
"ROGE CAV GEL BAIN DCHE LAIT MIEL FL/400ML";"10210";"Cosmétique / dermo";"";"400ml";"Gélule";"";"";"hors médicament";"haute"
"ROGE CAV GEL DOUCHE";"10500";"Cosmétique / dermo";"";"";"Gel";"";"";"hors médicament";"haute"
"ROGE CAV GEL DOUCHE F";"10180";"Cosmétique / dermo";"";"";"Gel";"";"";"hors médicament";"haute"
"ROGE CAV GEL DOUCHE L";"9165";"Cosmétique / dermo";"";"";"Gel";"";"";"hors médicament";"haute"
"ROGE CAV GEL SUR DCH F.COT FL/400ML";"11000";"Cosmétique / dermo";"";"400ml";"Gel";"";"";"hors médicament";"haute"
"ROGE CAV GEL SURGRAS BAIN DCHE FL/1L";"20850";"Cosmétique / dermo";"";"";"Gel";"";"";"hors médicament";"haute"
"ROGE CAV GEL TOILET I";"6320";"Cosmétique / dermo";"";"";"Gel";"";"";"hors médicament";"haute"
"ROGE CAV HLE LAV DERMO UHT S/P FL/500ML";"9895";"Cosmétique / dermo";"";"500ml";"";"";"";"hors médicament";"haute"
"ROGE CAV MYCOLEA CREME INTIME T/50ML";"8640";"Cosmétique / dermo";"";"50ml";"Crème / pommade";"";"";"hors médicament";"haute"
"ROGE CAV MYCOLEA SOIN INT FL/200ML";"8900";"Cosmétique / dermo";"";"200ml";"";"";"";"hors médicament";"haute"
"ROGE CAV SAV AMANDE LACTEE 200G/3";"15985";"Cosmétique / dermo";"";"200g";"";"";"";"hors médicament";"haute"
"ROGE CAV SAV AMANDE LACTEE DETAIL/1";"5330";"Cosmétique / dermo";"";"";"";"";"";"hors médicament";"haute"
"ROGE CAV SAV AMANDE VERTE DETAIL 250G";"4040";"Cosmétique / dermo";"";"250g";"";"";"";"hors médicament";"haute"
"ROGE CAV SAV DELICE DE FIGUE 200G LOT/3";"16500";"Cosmétique / dermo";"";"200g";"";"";"";"hors médicament";"haute"
"ROGE CAV SAV DELICE DE FIGUE DETAIL";"5500";"Cosmétique / dermo";"";"";"";"";"";"hors médicament";"haute"
"ROGE CAV SAV FLEUR DE COTON DETAIL";"3915";"Cosmétique / dermo";"";"";"";"";"";"hors médicament";"haute"
"ROGE CAV SAV LAIT MIEL 250G DETAIL";"4870";"Cosmétique / dermo";"";"250g";"";"";"";"hors médicament";"haute"
"ROGE CAV SAV LAIT ROSE 250G DETAIL";"3915";"Cosmétique / dermo";"";"250g";"";"";"";"hors médicament";"haute"
"ROGE CAV SAV NECTAR DE MIEL 200G DETAIL";"5500";"Cosmétique / dermo";"";"200g";"";"";"";"hors médicament";"haute"
"ROGE CAV SAV NECTAR DE MIEL 200G LOT/3";"16500";"Cosmétique / dermo";"";"200g";"";"";"";"hors médicament";"haute"
"ROGE CAV SAV NETT VISAG MASQU ECLAT 70G";"8500";"Cosmétique / dermo";"";"70g";"";"";"";"hors médicament";"haute"
"ROGE CAV SAV ORANGER JASMIN 200G LOT/3";"13475";"Cosmétique / dermo";"";"200g";"";"";"";"hors médicament";"haute"
"ROGE CAV SAV SURG NATUREL 250GX2 3596490000073";"9270";"Cosmétique / dermo";"";"250g";"";"";"";"hors médicament";"haute"
"ROGE CAV SAV SURGR AMAND VERTE 250G/3+1";"16170";"Cosmétique / dermo";"";"250g";"";"";"";"hors médicament";"haute"
"ROGE CAV SAV SURGR AMANDE VERTE 250G DETA";"4040";"Cosmétique / dermo";"";"250g";"";"";"";"hors médicament";"haute"
"ROGE CAV SAV SURGR LAIT MIEL 250G/3+1";"16800";"Cosmétique / dermo";"";"250g";"";"";"";"hors médicament";"haute"
"ROGE CAV SAV SURGR LAIT ROSE 250G/3+1";"15670";"Cosmétique / dermo";"";"250g";"";"";"";"hors médicament";"haute"
"ROGE CAV SAV SURGRAS 250G";"5610";"Cosmétique / dermo";"";"250g";"";"";"";"hors médicament";"haute"
"ROGE CAV SAV SURGRAS 250G/3+1";"17145";"Cosmétique / dermo";"";"250g";"";"";"";"hors médicament";"haute"
"ROGE CAV SAV SURGRAS FLEUR COTON 250G/3+1";"15650";"Cosmétique / dermo";"";"250g";"";"";"";"hors médicament";"haute"
"ROGE CAV SOIN HYDR CORP FL/300ML";"12600";"Cosmétique / dermo";"";"300ml";"";"";"";"hors médicament";"haute"
"ROGE CAV SUR DCH CLASS 400ML";"10250";"Cosmétique / dermo";"";"400ml";"";"";"";"hors médicament";"haute"
"ROGE CAV.SAV.AMANDE LACTEE DETAIL";"5320";"Cosmétique / dermo";"";"";"";"";"";"hors médicament";"haute"
"ROGE CAV.SAV.DELICE DE FIGUE DETAIL";"4490";"Cosmétique / dermo";"";"";"";"";"";"hors médicament";"haute"
"ROGE CAV.SAV.NECTAR DE MIEL DETAIL";"4850";"Cosmétique / dermo";"";"";"";"";"";"hors médicament";"haute"
"ROGE CAV.SAV.ORANGER JASMIN DETAIL";"4495";"Cosmétique / dermo";"";"";"";"";"";"hors médicament";"haute"
"ROGE CAV.SAV.SURG NATUREL 250G DETAIL/1";"4635";"Cosmétique / dermo";"";"250g";"";"";"";"hors médicament";"haute"
"ROGE CAVAIL SOIN INTIME PETITE FILL 250ML";"7000";"Cosmétique / dermo";"";"250ml";"";"";"";"hors médicament";"haute"
"ROGE CAVAILLES BOTOT BB ROUGE FL/250ML";"9760";"Cosmétique / dermo";"";"250ml";"";"";"";"hors médicament";"haute"
"ROGE CAVAILLES NUTRISSANT LT CORP F/400ML";"14760";"Cosmétique / dermo";"";"400ml";"";"";"";"hors médicament";"haute"
"ROGER ET GALLET GEL DOUCHE T/200ML";"10000";"Cosmétique / dermo";"";"200ml";"Gel";"";"";"hors médicament";"haute"
"ROIPAR 1000MG COMP EFF B/8";"1525";"Médicament";"Paracetamol";"1000mg";"Comprimé";"";"";"identification manuelle (marque)";"moyenne"
"ROIPAR 1000MG CPR EFF B/16";"2220";"Médicament";"Paracetamol";"1000mg";"Comprimé";"";"";"identification manuelle (marque)";"moyenne"
"ROIPAR 125MG SP F/100";"1385";"Médicament";"Paracetamol";"125mg";"Sirop";"";"";"identification manuelle (marque)";"moyenne"
"ROIPAR 1G IV SOL PERF";"2425";"Médicament";"Paracetamol";"1g";"Injectable";"";"";"identification manuelle (marque)";"moyenne"
"ROIPAR 500MG CPR EFFV";"1315";"Médicament";"Paracetamol";"500mg";"Comprimé";"";"";"identification manuelle (marque)";"moyenne"
"ROIPAR GRIPPE COMP DE";"300";"Médicament";"Paracetamol + Chlorphenamine + Phenylephrine";"";"Comprimé";"";"";"identification manuelle (marque)";"moyenne"
"ROIPAR GRIPPE SUSP BUV FL/100ML";"1040";"Médicament";"Paracetamol + Chlorphenamine + Phenylephrine";"100ml";"Suspension buvable";"";"";"identification manuelle (marque)";"moyenne"
"ROIPAR PLUS CPR EFFV";"2220";"Médicament";"Paracetamol";"";"Comprimé";"";"";"identification manuelle (marque)";"moyenne"
"ROIPAR VIT C AD ORANG";"2440";"Médicament";"Paracetamol + Acide ascorbique";"";"";"";"";"identification manuelle (marque)";"moyenne"
"ROIVIT MULTIVITAMINES";"4835";"Nutrition / complément";"Multivitamines";"";"";"";"";"identification manuelle (marque)";"moyenne"
"ROLICIN 500MG COMP PELL B/3";"2775";"Médicament";"Azithromycine";"500mg";"Comprimé";"Liste I";"Antibiotique Antibacterien (Macrolides)";"même marque dans la base PHARMACORP";"moyenne"
"ROMSIE BIG HAIR POMMADE";"4000";"Cosmétique / dermo";"";"";"Crème / pommade";"";"";"hors médicament";"haute"
"ROMSIE HUILE POUSSE";"4000";"Cosmétique / dermo";"";"";"";"";"";"hors médicament";"haute"
"RONDEL OCULAIRE STER";"1375";"Dispositif médical / consommable";"";"";"";"";"";"hors médicament";"haute"
"ROPODOX 100MG GELULE B/10";"1805";"Médicament";"Cefpodoxime";"100mg";"Gélule";"";"";"identification manuelle (marque)";"moyenne"
"ROPODOX 200MG COMP B/10";"3050";"Médicament";"Cefpodoxime";"200mg";"Comprimé";"";"";"identification manuelle (marque)";"moyenne"
"ROPODOX 40 60ML";"2595";"Médicament";"Cefpodoxime";"60ml";"";"";"";"identification manuelle (marque)";"moyenne"
"ROSANCE SAV OLIVE 200";"6250";"Cosmétique / dermo";"";"";"";"";"";"hors médicament";"haute"
"ROSANCE SAV PERFORMAN";"5810";"Cosmétique / dermo";"";"";"Injectable";"";"";"hors médicament";"haute"
"ROSEB 10/10MG COMP B/30";"16500";"Médicament";"Rosuvastatine + Ezetimibe";"10/10mg";"Comprimé";"";"";"identification manuelle (marque)";"moyenne"
"ROSEB 20/10MG COMP B/30";"20800";"Médicament";"Rosuvastatine + Ezetimibe";"20/10mg";"Comprimé";"";"";"identification manuelle (marque)";"moyenne"
"ROSUMAC-10 10MG COMP B/30";"6225";"Médicament";"Rosuvastatine";"10mg";"Comprimé";"";"";"identification manuelle (marque)";"moyenne"
"ROSUMAC-20 20MG COMP B/30";"9015";"Médicament";"Rosuvastatine";"20mg";"Comprimé";"";"";"identification manuelle (marque)";"moyenne"
"ROSUTOR 10MG CPR B/30";"9705";"Médicament";"Rosuvastatine";"10mg";"Comprimé";"";"";"identification manuelle (marque)";"moyenne"
"ROSUTOR 20MG CPR B/30";"13175";"Médicament";"Rosuvastatine";"20mg";"Comprimé";"";"";"identification manuelle (marque)";"moyenne"
"ROSUTOR 5MG CPR B/30";"6935";"Médicament";"Rosuvastatine";"5mg";"Comprimé";"";"";"identification manuelle (marque)";"moyenne"
"ROSUVASTATIN DENK 10MG COMP B/30";"9380";"Médicament";"Rosuvastatine";"10mg";"Comprimé";"";"";"DCI citée dans la désignation";"moyenne"
"ROSUVASTATIN DENK 5MG";"5962";"Médicament";"Rosuvastatine";"5mg";"";"";"";"DCI citée dans la désignation";"moyenne"
"ROSUVASTATINE BGR 10MG COMP B/30";"6240";"Médicament";"Rosuvastatine";"10mg";"Comprimé";"";"";"DCI citée dans la désignation";"moyenne"
"ROSUVASTATINE BGR 10MG COMP B/90";"18720";"Médicament";"Rosuvastatine";"10mg";"Comprimé";"";"";"DCI citée dans la désignation";"moyenne"
"ROSUVASTATINE BGR 20MG COMP.B/30";"6240";"Médicament";"Rosuvastatine";"20mg";"Comprimé";"";"";"DCI citée dans la désignation";"moyenne"
"ROSUVEX 20MG COMP B/1";"19410";"Médicament";"Rosuvastatine";"20mg";"Comprimé";"";"";"identification manuelle (marque)";"moyenne"
"ROVAMYCINE 1,5MUI CP";"5130";"Médicament";"Spiramycine";"1,5mui";"Comprimé";"";"";"identification manuelle (marque)";"moyenne"
"ROVAMYCINE 3MUI CP B/";"5075";"Médicament";"Spiramycine";"3mui";"Comprimé";"";"";"identification manuelle (marque)";"moyenne"
"ROX-MYCIN 150MG COMP B/10";"3495";"Médicament";"Roxithromycine";"150mg";"Comprimé";"";"";"identification manuelle (marque)";"moyenne"
"ROXYL 300MG CPR B/5";"5285";"Médicament";"Roxithromycine";"300mg";"Comprimé";"";"";"identification manuelle (marque)";"moyenne"
"RUBIX HOT GEL T/30G";"1485";"";"";"30g";"Gel";"";"";"non identifié";"à vérifier"
"RUCOLD 125MG/2,5MG/2,";"1430";"Médicament";"Paracetamol + Chlorphenamine + Phenylephrine";"125mg/2,5mg";"";"";"";"identification manuelle (marque)";"moyenne"
"RUF HOT SEX GIRL GTTE BUV 20ML";"11190";"Cosmétique / dermo";"";"20ml";"Gouttes";"";"";"hors médicament";"haute"
"RUF MEGA PENIS T/75ML";"13500";"Cosmétique / dermo";"";"75ml";"";"";"";"hors médicament";"haute"
"RUF RETARD 907 SPRAY FL/25ML";"11000";"Cosmétique / dermo";"";"25ml";"Spray";"";"";"hors médicament";"haute"
"RUF VIRGIN TIGHT CREME T/30ML";"9000";"Cosmétique / dermo";"";"30ml";"Crème / pommade";"";"";"hors médicament";"haute"
"RULID 150MG CP B/10";"9510";"Médicament";"Roxithromycine";"150mg";"Comprimé";"";"";"identification manuelle (marque)";"moyenne"
"RUNN 100MG CPR B/30";"4855";"Médicament";"Aceclofenac";"100mg";"Comprimé";"";"";"identification manuelle (marque)";"à vérifier"
"RUNN GEL T/30G";"1735";"Médicament";"Aceclofenac";"30g";"Gel";"";"";"identification manuelle (marque)";"à vérifier"
"RUNN-P 100/500MG CPR";"2495";"Médicament";"Aceclofenac + Paracetamol";"100/500mg";"Comprimé";"";"";"identification manuelle (marque)";"moyenne"
"SAC PAPIER CHOLESTERO";"0";"Dispositif médical / consommable";"";"";"";"";"";"hors médicament";"haute"
"SAFEX KIT CPR B/4";"4160";"";"";"";"Comprimé";"";"";"non identifié";"à vérifier"
"SAFORELLE BB GEL LAVANT DOUX FL/250ML";"5790";"Cosmétique / dermo";"";"250ml";"Gel";"";"";"hors médicament";"haute"
"SAFORELLE MISS FL/100ML";"4600";"Cosmétique / dermo";"";"100ml";"";"";"";"hors médicament";"haute"
"SAFORELLE MISS FL/250ML";"8800";"Cosmétique / dermo";"";"250ml";"";"";"";"hors médicament";"haute"
"SAFORELLE MUCOGYNE GEL VAGINAL T/40ML";"4935";"Cosmétique / dermo";"";"40ml";"Gel";"";"";"hors médicament";"haute"
"SAFORELLE PAIN SURGRA";"3170";"Cosmétique / dermo";"";"";"";"";"";"hors médicament";"haute"
"SAFORELLE S LAV FRAICHEUR FL/100ML";"4855";"Cosmétique / dermo";"";"100ml";"";"";"";"hors médicament";"haute"
"SAFORELLE S.LAV ULT.HYDRAT FL/250ML";"7650";"Cosmétique / dermo";"";"250ml";"";"";"";"hors médicament";"haute"
"SAFORELLE SOIN LAV DOUX FL/100ML";"3050";"Cosmétique / dermo";"";"100ml";"";"";"";"hors médicament";"haute"
"SAFORELLE SOIN LAVANT DOUX FL/250ML";"6000";"Cosmétique / dermo";"";"250ml";"";"";"";"hors médicament";"haute"
"SAFORELLE SOIN LAVANT DOUX FL/500ML";"10155";"Cosmétique / dermo";"";"500ml";"";"";"";"hors médicament";"haute"
"SAFORELLE SOIN LAVANT FRAICHEUR FL/250ML";"7600";"Cosmétique / dermo";"";"250ml";"";"";"";"hors médicament";"haute"
"SAINT LOUIS BOUQUET E";"5500";"Cosmétique / dermo";"";"";"";"";"";"hors médicament";"haute"
"SAINT LOUIS BOUQUET R";"5500";"Cosmétique / dermo";"";"";"";"";"";"hors médicament";"haute"
"SAINT LOUIS LA BELLA";"5500";"Cosmétique / dermo";"";"";"";"";"";"hors médicament";"haute"
"SAINT LOUIS PRECIOUS";"5500";"Cosmétique / dermo";"";"";"";"";"";"hors médicament";"haute"
"SALBUMOL 0,5MG/ML INJ AMP B/6";"1885";"Médicament";"Salbutamol";"0,5mg";"Injectable";"";"";"identification manuelle (marque)";"moyenne"
"SALBUMOL 0,5MG/ML INJ AMP DETAIL/1";"320";"Médicament";"Salbutamol";"0,5mg";"Injectable";"";"";"identification manuelle (marque)";"moyenne"
"SALBUTUS 2MG/5ML SOL";"2080";"Médicament";"Salbutamol";"2mg/5ml";"";"";"";"identification manuelle (marque)";"moyenne"
"SALBUTUS SOL BUV F/10";"1385";"Médicament";"Salbutamol";"";"";"";"";"identification manuelle (marque)";"moyenne"
"SALIFEN 1% GEL 30MG T";"1665";"";"";"1%";"Gel";"";"";"non identifié";"à vérifier"
"SALVATIS LOT FL/125ML";"4805";"";"";"125ml";"";"";"";"non identifié";"à vérifier"
"SALVATIS PDRE";"2775";"";"";"";"Poudre / sachet";"";"";"non identifié";"à vérifier"
"SAMBOU ALBERT";"2237935";"";"";"";"";"";"";"non identifié";"à vérifier"
"SANIVER 0,4G/10ML SUS";"765";"Médicament";"Albendazole";"0,4g/10ml";"";"";"";"identification manuelle (marque)";"moyenne"
"SANIVER 400MG CPR B/1";"415";"Médicament";"Albendazole";"400mg";"Comprimé";"";"";"identification manuelle (marque)";"moyenne"
"SANMIGRAN 0,5MG COMP DGR B/50 3400931375388";"6475";"Médicament";"Pizotifene";"0,5mg";"Comprimé";"";"";"identification manuelle (marque)";"moyenne"
"SANOZOL 400MG COMP.B/3";"1495";"";"";"400mg";"Comprimé";"";"";"non identifié";"à vérifier"
"SAPHIR AD 1000/125MG";"8335";"Médicament";"Amoxicilline + Acide clavulanique";"1000/125mg";"";"";"";"identification manuelle (marque)";"moyenne"
"SAPHIR AD 1000/125MG SU SACH/12";"6325";"Médicament";"Amoxicilline + Acide clavulanique";"1000/125mg";"Poudre / sachet";"";"";"identification manuelle (marque)";"moyenne"
"SAPHIR ENF 500/62,5MG";"4520";"Médicament";"Amoxicilline + Acide clavulanique";"500/62,5mg";"";"";"";"identification manuelle (marque)";"moyenne"
"SARAVAL 160MG HTZ COMP B/30";"9000";"Médicament";"Valsartan + Hydrochlorothiazide";"160mg";"Comprimé";"";"";"identification manuelle (marque)";"à vérifier"
"SARAVAL 80MG HTZ COMP B/30";"5865";"Médicament";"Valsartan + Hydrochlorothiazide";"80mg";"Comprimé";"";"";"identification manuelle (marque)";"à vérifier"
"SARGENOR AMP BUV 5ML B/20";"4230";"Médicament";"Arginine";"5ml";"Injectable";"";"";"identification manuelle (marque)";"moyenne"
"SARIDON COMP B/10";"1260";"Médicament";"Paracetamol + Propyphenazone + Cafeine";"";"Comprimé";"";"";"identification manuelle (marque)";"moyenne"
"SARTEX 10/160MG COMP B/30";"15250";"Médicament";"Amlodipine + Valsartan";"10/160mg";"Comprimé";"";"";"identification manuelle (marque)";"moyenne"
"SARTEX 5/160MG COMP B/30";"13865";"Médicament";"Amlodipine + Valsartan";"5/160mg";"Comprimé";"";"";"identification manuelle (marque)";"moyenne"
"SARTEX HCT 10/160/12,5MG COMP B/30";"16290";"Médicament";"Amlodipine + Valsartan + Hydrochlorothiazide";"10/160/12,5mg";"Comprimé";"";"";"identification manuelle (marque)";"moyenne"
"SARTEX HCT 10/160/25MG COMP B/30";"16290";"Médicament";"Amlodipine + Valsartan + Hydrochlorothiazide";"10/160/25mg";"Comprimé";"";"";"identification manuelle (marque)";"moyenne"
"SAV PFB CAROTTE 200G";"0";"Cosmétique / dermo";"";"200g";"";"";"";"hors médicament";"haute"
"SAV PFB CAVIAR 200G";"0";"Cosmétique / dermo";"";"200g";"";"";"";"hors médicament";"haute"
"SAV PFB ENERGIE 200G";"0";"Cosmétique / dermo";"";"200g";"";"";"";"hors médicament";"haute"
"SAV PFB HOMME 200G";"0";"Cosmétique / dermo";"";"200g";"";"";"";"hors médicament";"haute"
"SAV PFB PUISSANCE 20";"0";"Cosmétique / dermo";"";"";"";"";"";"hors médicament";"haute"
"SAV PFB REPARATEUR 20";"0";"Cosmétique / dermo";"";"";"";"";"";"hors médicament";"haute"
"SAV PFB SUPREME 200G";"0";"Cosmétique / dermo";"";"200g";"";"";"";"hors médicament";"haute"
"SAZITH-500MG COMP B/3";"1985";"Médicament";"Azithromycine";"500mg";"Comprimé";"";"";"identification manuelle (marque)";"moyenne"
"SCARID GEL T/15G";"6935";"Cosmétique / dermo";"";"15g";"Gel";"";"";"hors médicament";"haute"
"SCARVIS GEL CR CICATRICES T/30ML";"6850";"Cosmétique / dermo";"";"30ml";"Crème / pommade";"";"";"hors médicament";"haute"
"SCIFOL 400MCG CP B/30";"3590";"Médicament";"Acide folique";"400mcg";"Comprimé";"";"";"identification manuelle (marque)";"moyenne"
"SCIMALT-FA 125MG/0,35MG/5ML SP FL/120ML";"5035";"Médicament";"Fer + Acide folique";"125mg/0,35mg";"Sirop";"";"";"identification manuelle (marque)";"moyenne"
"SCIPRIDE 25MG CPR B/30";"5515";"";"";"25mg";"Comprimé";"";"";"non identifié";"à vérifier"
"SEBIONEX GEL MOUSS PU";"16160";"Cosmétique / dermo";"";"";"Gel";"";"";"hors médicament";"haute"
"SEBIONEX LOTION MICELLAIRE F/250ML";"12435";"Cosmétique / dermo";"";"250ml";"";"";"";"hors médicament";"haute"
"SEBIONEX TRIO ANTI IMPERF CREME T/40ML";"16700";"Cosmétique / dermo";"";"40ml";"Injectable";"";"";"hors médicament";"haute"
"SEBIONEX.K KERATOREGU";"14715";"Cosmétique / dermo";"";"";"";"";"";"hors médicament";"haute"
"SEBIUM GEL MOUSSANT 2";"8180";"Cosmétique / dermo";"";"";"Gel";"";"";"hors médicament";"haute"
"SEBIUM GEL MOUSSANT NETTOY S/SAV FL/500ML";"20883";"Cosmétique / dermo";"";"500ml";"Gel";"";"";"hors médicament";"haute"
"SEBIUM GLOBAL T/30ML";"8785";"Cosmétique / dermo";"";"30ml";"";"";"";"hors médicament";"haute"
"SEBIUM GOMMANT GEL /100ML";"10800";"Cosmétique / dermo";"";"100ml";"Gel";"";"";"hors médicament";"haute"
"SEBIUM H2O SOL NETT FL/250ML";"10900";"Cosmétique / dermo";"";"250ml";"";"";"";"hors médicament";"haute"
"SEBIUM H2O SOL NETT FL/500ML";"13800";"Cosmétique / dermo";"";"500ml";"";"";"";"hors médicament";"haute"
"SEBIUM KERATO+ GZL T/30ML";"18100";"Cosmétique / dermo";"";"30ml";"";"";"";"hors médicament";"haute"
"SEBIUM MAT CONTROL CR SOIN HYDR T/30ML";"18910";"Cosmétique / dermo";"";"30ml";"Crème / pommade";"";"";"hors médicament";"haute"
"SEBIUM NETT PURIF GEL";"7865";"Cosmétique / dermo";"";"";"Gel";"";"";"hors médicament";"haute"
"SEBIUM PORE REFINER CORRECT T/30ML";"13500";"Cosmétique / dermo";"";"30ml";"";"";"";"hors médicament";"haute"
"SEBIUM SAVON PAIN 100G";"7280";"Cosmétique / dermo";"";"100g";"";"";"";"hors médicament";"haute"
"SEBIUM SERUM FL/30ML";"31000";"Cosmétique / dermo";"";"30ml";"";"";"";"hors médicament";"haute"
"SECAMIB 1G CPR B/2";"3050";"Médicament";"Secnidazole";"1g";"Comprimé";"";"";"identification manuelle (marque)";"moyenne"
"SECNOL 2G GRAN SACH/1";"3855";"Médicament";"Secnidazole";"2g";"Poudre / sachet";"";"";"identification manuelle (marque)";"moyenne"
"SECTRAL 200MG COMP B/";"6100";"Médicament";"Acebutolol";"200mg";"Comprimé";"";"";"identification manuelle (marque)";"moyenne"
"SECUFEM 1,5MG CPR B/1";"2775";"Médicament";"Levonorgestrel";"1,5mg";"Comprimé";"";"";"identification manuelle (marque)";"moyenne"
"SECUVIT CAPS B/30";"3510";"";"";"";"Gélule";"";"";"non identifié";"à vérifier"
"SECUVIT SP FL/200ML";"3830";"";"";"200ml";"Sirop";"";"";"non identifié";"à vérifier"
"SEDASPIR 500MG/20MG/5";"2040";"";"";"500mg/20mg";"";"";"";"non identifié";"à vérifier"
"SEDORRHOIDE CREME T/30G";"2580";"";"";"30g";"Crème / pommade";"";"";"non identifié";"à vérifier"
"SEDORRHOIDE SUPPO B/8";"2580";"";"";"";"Suppositoire";"";"";"non identifié";"à vérifier"
"SEFAM PL 10MG/10MG CP";"8735";"";"";"10mg/10mg";"Comprimé";"";"";"non identifié";"à vérifier"
"SEFAM PL 10MG/5MG CPR";"8415";"";"";"10mg/5mg";"Comprimé";"";"";"non identifié";"à vérifier"
"SEFAM PL 5MG/10MG COMP B/30";"8150";"";"";"5mg/10mg";"Comprimé";"";"";"non identifié";"à vérifier"
"SEFAM PL 5MG/5MG CPR";"7545";"";"";"5mg/5mg";"Comprimé";"";"";"non identifié";"à vérifier"
"SEFUROX 500MG COMP B/10";"8320";"Médicament";"Cefuroxime";"500mg";"Comprimé";"";"";"identification manuelle (marque)";"moyenne"
"SEKALGIC 100/125MG/5M";"1315";"";"";"100/125mg";"";"";"";"non identifié";"à vérifier"
"SEKALGIC 400MG/500MG/";"1315";"";"";"400mg/500mg";"";"";"";"non identifié";"à vérifier"
"SEKISAN SOL BUV F/120";"2940";"";"";"";"";"";"";"non identifié";"à vérifier"
"SEKROL 15MG/5ML SUSP";"2220";"Médicament";"Ambroxol";"15mg/5ml";"Suspension buvable";"";"";"identification manuelle (marque)";"moyenne"
"SEKROL AD 30MG/5ML 15";"2775";"Médicament";"Ambroxol";"30mg/5ml";"";"";"";"identification manuelle (marque)";"moyenne"
"SEL D B/300G";"5585";"Nutrition / complément";"";"300g";"";"";"";"hors médicament";"haute"
"SENODYNE PRO BLANCHEU";"4770";"Cosmétique / dermo";"";"";"";"";"";"hors médicament";"haute"
"SENSITELIA PAIN DERMATO SURGRAS/100G";"5625";"Cosmétique / dermo";"";"100g";"";"";"";"hors médicament";"haute"
"SENSITELIAL GEL NETTOYANT SURGRAS F/500ML";"15500";"Cosmétique / dermo";"";"500ml";"Gel";"";"";"hors médicament";"haute"
"SENSITELIAL SOIN EMOLIENT FL/500ML 3595899525231";"16500";"Cosmétique / dermo";"";"500ml";"";"";"";"hors médicament";"haute"
"SENSODYNE BAIN BCHE M";"5095";"Cosmétique / dermo";"";"";"";"";"";"hors médicament";"haute"
"SENSODYNE CLASS DENT SENSIBILITE T/75ML";"9595";"Cosmétique / dermo";"";"75ml";"";"";"";"hors médicament";"haute"
"SENSODYNE MULTIPROTEC";"4655";"Cosmétique / dermo";"";"";"";"";"";"hors médicament";"haute"
"SENSODYNE R&P BLANCHEUR T/75ML";"6105";"Cosmétique / dermo";"";"75ml";"";"";"";"hors médicament";"haute"
"SENSODYNE RAPIDE ACTI";"4675";"Cosmétique / dermo";"";"";"";"";"";"hors médicament";"haute"
"SENSODYNE REPARE & PR";"6130";"Cosmétique / dermo";"";"";"";"";"";"hors médicament";"haute"
"SENSODYNE SOIN BLANCHEUR 24H T/75ML";"3615";"Cosmétique / dermo";"";"75ml";"";"";"";"hors médicament";"haute"
"SENSODYNE SOIN COMPLE";"3560";"Cosmétique / dermo";"";"";"Comprimé";"";"";"hors médicament";"haute"
"SENSODYNE SOIN GEL FR";"3620";"Cosmétique / dermo";"";"";"Gel";"";"";"hors médicament";"haute"
"SENSODYNE SOIN GENCIV 24H T/75ML";"2720";"Cosmétique / dermo";"";"75ml";"";"";"";"hors médicament";"haute"
"SEOUL 1988 CLEANSING FOAM 150ML";"12500";"Cosmétique / dermo";"";"150ml";"";"";"";"hors médicament";"haute"
"SEOUL 1988 SNAIL MUCIN 93%+RICE CRE 100ML";"12500";"Cosmétique / dermo";"";"93%";"";"";"";"hors médicament";"haute"
"SEPHORA C-E SERUM FL/30ML";"16000";"Cosmétique / dermo";"";"30ml";"";"";"";"hors médicament";"haute"
"SEPTIMYL CHLORHEXIDINE SOL SPRAY FL/50ML";"3170";"Médicament";"Chlorhexidine";"50ml";"Spray";"";"";"identification manuelle (marque)";"moyenne"
"SEPTIMYL CHORHEXIDINE SOL SPRAY FL/100ML";"6100";"Médicament";"Chlorhexidine";"100ml";"Spray";"";"";"identification manuelle (marque)";"moyenne"
"SEPTIVON CHLORHEX SOL";"3570";"Médicament";"Chlorhexidine";"";"";"";"";"identification manuelle (marque)";"moyenne"
"SEPTYL 0,1% BAIN BCHE";"3375";"Médicament";"Chlorhexidine";"0,1%";"";"";"";"identification manuelle (marque)";"moyenne"
"SER INJEKT 20ML+AIG 0,8 B/100";"17200";"Dispositif médical / consommable";"";"20ml";"Injectable";"";"";"hors médicament";"haute"
"SERC 8MG COMP B/";"7515";"Médicament";"Betahistine";"8mg";"Comprimé";"";"";"identification manuelle (marque)";"moyenne"
"SERENATAL ALLAITEMENT COMP B/60";"9400";"Nutrition / complément";"Multivitamines";"";"Comprimé";"";"";"identification manuelle (marque)";"moyenne"
"SERENATAL G GROSSESSE CPR B/60 3700366000672";"12800";"Nutrition / complément";"Multivitamines";"";"Comprimé";"";"";"identification manuelle (marque)";"moyenne"
"SERETIDE DISKUS 100/50MCG 60 DOSES";"13950";"Médicament";"Salmeterol + Fluticasone";"100/50mcg";"";"";"";"identification manuelle (marque)";"moyenne"
"SERETIDE DISKUS 250/50 MCG 60 DOSES";"16885";"Médicament";"Salmeterol + Fluticasone";"250/50mcg";"";"";"";"identification manuelle (marque)";"moyenne"
"SERETIDE DISKUS 500/50MCG 60 DOSES";"16885";"Médicament";"Salmeterol + Fluticasone";"500/50mcg";"";"";"";"identification manuelle (marque)";"moyenne"
"SERGIFLEX 1G SER INJ B/1";"1390";"";"";"1g";"Injectable";"";"";"non identifié";"à vérifier"
"SERING EMB GAVAGE 60M";"450";"Dispositif médical / consommable";"";"";"";"";"";"hors médicament";"haute"
"SERING INJEKT 2ML+AIG";"75";"Dispositif médical / consommable";"";"2ml";"Injectable";"";"";"hors médicament";"haute"
"SERING INS UBI ONE 1M";"14925";"Dispositif médical / consommable";"";"";"";"";"";"hors médicament";"haute"
"SERING UBI ONE 3P 10M";"14025";"Dispositif médical / consommable";"";"";"";"";"";"hors médicament";"haute"
"SERING UBI ONE 3P 5ML B/100";"10410";"Dispositif médical / consommable";"";"5ml";"";"";"";"hors médicament";"haute"
"SERINGUE 10CC+AIG 21G DETAIL/1+1";"100";"Dispositif médical / consommable";"";"21g";"Injectable";"";"";"hors médicament";"haute"
"SERINGUE INSULINE UU 1CC";"145";"Dispositif médical / consommable";"";"";"Injectable";"";"";"hors médicament";"haute"
"SERINGUE IRRIGATION NASALE PACK/2";"2000";"Dispositif médical / consommable";"";"";"Injectable";"";"";"hors médicament";"haute"
"SERINGUE UBI 10ML AIG/1";"130";"Dispositif médical / consommable";"";"10ml";"Injectable";"";"";"hors médicament";"haute"
"SERINGUE UBI 20ML AIG/1";"200";"Dispositif médical / consommable";"";"20ml";"Injectable";"";"";"hors médicament";"haute"
"SERINGUE UBI 5ML AIG/1";"100";"Dispositif médical / consommable";"";"5ml";"Injectable";"";"";"hors médicament";"haute"
"SEROPLEX 10MG COMP B/28 3400935993748";"5960";"Médicament";"Escitalopram";"10mg";"Comprimé";"Liste I";"Antidepresseur (IRS)";"même marque dans la base PHARMACORP";"moyenne"
"SEROPLEX 20MG COMP.B/28 3400935999771";"5950";"Médicament";"Escitalopram";"20mg";"Comprimé";"Liste I";"Antidepresseur (IRS)";"même marque dans la base PHARMACORP";"moyenne"
"SERUM PHYSIOL.COOP.5ML UNIDOSE B/30";"3650";"Médicament";"Chlorure de sodium";"5ml";"";"";"";"identification manuelle (marque)";"moyenne"
"SERUM PHYSIOLOGIQUE NEITUM B/20";"2820";"Médicament";"Chlorure de sodium";"";"";"";"";"identification manuelle (marque)";"moyenne"
"SERUM PHYSIOLOGIQUE NEITUM B/40";"4350";"Médicament";"Chlorure de sodium";"";"";"";"";"identification manuelle (marque)";"moyenne"
"SERVIETTE PRIVATE ROBE B/20";"2560";"Hygiène";"";"";"";"";"";"hors médicament";"haute"
"SERVIFLOX 500MG COMP B/10";"3880";"Médicament";"Ciprofloxacine";"500mg";"Comprimé";"Liste I";"Antibiotique Antibacterien (Quinolone 2 generation)";"même marque dans la base PHARMACORP";"moyenne"
"SERVIFLOX 750 MG COMP.B/10";"4590";"Médicament";"Ciprofloxacine";"750mg";"Comprimé";"Liste I";"Antibiotique Antibacterien (Quinolone 2 generation)";"même marque dans la base PHARMACORP";"moyenne"
"SET BEBE CUILLERE ET FOURCHETTE 1+1";"5000";"Dispositif médical / consommable";"";"";"";"";"";"hors médicament";"haute"
"SETAPRO 20MG COMP B/30";"11095";"Médicament";"Escitalopram";"20mg";"Comprimé";"Liste I";"Antidepresseur (IRS)";"même marque dans la base PHARMACORP";"moyenne"
"SETRONAX 2MG/5ML SUSP";"3465";"Médicament";"Ondansetron";"2mg/5ml";"Suspension buvable";"Liste I";"Antiemetique";"même marque dans la base PHARMACORP";"moyenne"
"SETRONAX 4MG CPR B/10";"4160";"Médicament";"Ondansetron";"4mg";"Comprimé";"Liste I";"Antiemetique";"base PHARMACORP";"haute"
"SETRONAX 8MG/4ML AMP";"20800";"Médicament";"Ondansetron";"8mg/4ml";"Injectable";"Liste I";"Antiemetique";"même marque dans la base PHARMACORP";"moyenne"
"SEZOL 20MG GEL B/30";"4160";"Médicament";"Omeprazole";"20mg";"Crème / pommade / gel";"Liste II";"Antiulcereux (IPP)";"base PHARMACORP";"haute"
"SHIBUDAL GEL B/30";"1385";"Médicament";"Paracetamol + ibuprofene + cafeine";"500mg/200mg/50mg";"Crème / pommade / gel";"ST";"Antalgique, Antiinflammatoire, Antipyrétique";"base PHARMACORP";"haute"
"SHILAJIT BIOZEN PRO GRADE OR/30G";"13750";"Nutrition / complément";"";"30g";"";"";"";"hors médicament";"haute"
"SHILAJIT BIYODE 30G";"13500";"Nutrition / complément";"";"30g";"";"";"";"hors médicament";"haute"
"SHILAJIT BIYODE GELULE B/60";"12500";"Nutrition / complément";"";"";"Gélule";"";"";"hors médicament";"haute"
"SHILAJIT BIYODE MIEL STICK B/30";"20000";"Nutrition / complément";"";"";"";"";"";"hors médicament";"haute"
"SHILAJIT BIYODE RESINE 50G";"17500";"Nutrition / complément";"";"50g";"";"";"";"hors médicament";"haute"
"SHILAJIT LUCKSTAR GUMMIES B/60";"20000";"Nutrition / complément";"";"";"";"";"";"hors médicament";"haute"
"SHILAJIT LUCKSTAR MIEL STICK B/30";"20000";"Nutrition / complément";"";"";"";"";"";"hors médicament";"haute"
"SHILAJIT NATURAL RESINE 30G";"17000";"Nutrition / complément";"";"30g";"";"";"";"hors médicament";"haute"
"SHILAJIT+ BIOZEN PRO RESINE 50G";"19500";"Nutrition / complément";"";"50g";"";"";"";"hors médicament";"haute"
"SILDENAFIL BGR 100MG COMP.B/4";"8320";"Médicament";"Sildenafil";"100mg";"Comprimé";"";"";"DCI citée dans la désignation";"moyenne"
"SILOTRIF 4MG GELULE B";"11090";"Médicament";"Silodosine";"4mg";"Gélule";"Liste I";"Antiprostatite";"même marque dans la base PHARMACORP";"moyenne"
"SILOTRIF 8MG GELULE B/30";"16640";"Médicament";"Silodosine";"8mg";"Gélule";"Liste I";"Antiprostatite";"même marque dans la base PHARMACORP";"moyenne"
"SIMPLE GEL LAVANT HYDRATANT 150ML";"7500";"Cosmétique / dermo";"";"150ml";"Gel";"";"";"hors médicament";"haute"
"SIMPLE GEL LAVANT MICELLAIRE 150ML";"7500";"Cosmétique / dermo";"";"150ml";"Gel";"";"";"hors médicament";"haute"
"SIMPLE GEL PURIFIANT 150ML";"7500";"Cosmétique / dermo";"";"150ml";"Gel";"";"";"hors médicament";"haute"
"SIMVA DENK 20MG CPR B";"9015";"Médicament";"Simvastatine";"20mg";"Comprimé";"Liste I";"Hypocholesterolemiant (Statines), Hypolipemiant";"même marque dans la base PHARMACORP";"moyenne"
"SIMVA DENK 40MG COMP B/30";"12760";"Médicament";"Simvastatine";"40mg";"Comprimé";"Liste I";"Hypocholesterolemiant (Statines), Hypolipemiant";"même marque dans la base PHARMACORP";"moyenne"
"SINTROM 4MG COMP B/30";"3080";"Médicament";"Acenocoumarol";"4mg";"Comprimé";"Liste I";"Anticoagulant";"même marque dans la base PHARMACORP";"moyenne"
"SIROFEN 20MG/ML SUSP";"2565";"Médicament";"Ibuprofene";"20mg";"Suspension buvable";"Liste II";"Antalgique, Antipyrétique, Antiinflammatoire non steroidien";"même marque dans la base PHARMACORP";"moyenne"
"SITAGIL M LP 50/500MG COMP.B/28";"9805";"Médicament";"Sitagliptine + Metformine";"50/500mg";"Comprimé";"Liste I";"Antidiabetique (Biguanides), Antidiabetique (Inhibiteur de la dipeptidylpeptidase)";"même marque dans la base PHARMACORP";"moyenne"
"SITAGIL-M LP 50/1000MG COMP B/30";"12480";"Médicament";"Sitagliptine + Metformine";"50/1000mg";"Comprimé";"Liste I";"Antidiabetique (Biguanides), Antidiabetique (Inhibiteur de la dipeptidylpeptidase)";"même marque dans la base PHARMACORP";"moyenne"
"SITAGLIPTIN/METFORM SDZ 50/1000MG COMP/60";"9650";"Médicament";"Sitagliptine + Metformine";"50/1000mg";"Comprimé";"";"";"DCI citée dans la désignation";"moyenne"
"SITAPRIL 100MG COMP B/30";"11910";"Médicament";"Sitagliptine";"100mg";"Comprimé";"";"";"identification manuelle (marque)";"moyenne"
"SITAPRIL M 50MG/1000MG COMP B/30";"10055";"Médicament";"Metformine + Sitagliptine";"50mg/1000mg";"Comprimé";"";"";"identification manuelle (marque)";"moyenne"
"SITRUS SR COMP.B/30";"3465";"Médicament";"Acide ascorbique + Zinc + Selenium";"";"Comprimé";"ST";"Antiasthenique";"même marque dans la base PHARMACORP";"moyenne"
"SKENAN LP 30MG GELULE B/14";"8765";"Médicament";"Morphine";"30mg";"Gélule";"Liste I";"Analgesique Narcotique";"même marque dans la base PHARMACORP";"moyenne"
"SKENAN PL 10MG GELULE B/14 3400933323523";"3940";"Médicament";"Morphine";"10mg";"Gélule";"Liste I";"Analgesique Narcotique";"même marque dans la base PHARMACORP";"moyenne"
"SKIACOL CY FL/0,5ML";"8760";"Médicament";"Cyclopentolate chlorhydrate";"0,5ml";"";"Liste I";"Mydriatique, Cycloplegique";"même marque dans la base PHARMACORP";"moyenne"
"SKILAX GTTE FL/15ML";"1870";"Médicament";"Picosulfate de sodium";"15ml";"Gouttes";"ST";"Laxatif";"même marque dans la base PHARMACORP";"moyenne"
"SKIN ACT SUPER UV NIACINAMIDE";"8890";"Cosmétique / dermo";"";"";"";"";"";"hors médicament";"haute"
"SKIN ACT.PURE GEL NET QUOT ASSAINISSANT";"5500";"Cosmétique / dermo";"";"";"Gel";"";"";"hors médicament";"haute"
"SKIN ACT.SUPER UV 40ML VIT C";"8890";"Cosmétique / dermo";"";"40ml";"";"";"";"hors médicament";"haute"
"SKIN ACT.TOIL.EXP SOL.MICELLAIRE 100ML";"1800";"Cosmétique / dermo";"";"100ml";"";"";"";"hors médicament";"haute"
"SKIN ACTI EAU MICEL.400ML VIT.C";"5740";"Cosmétique / dermo";"";"400ml";"";"";"";"hors médicament";"haute"
"SKIN ACTIVE EAU MICEL";"5415";"Cosmétique / dermo";"";"";"";"";"";"hors médicament";"haute"
"SKIN ACTIVE GEL NETTOYANT BOOSTER D ECLAT 3600542586085";"7125";"Cosmétique / dermo";"";"";"Gel";"";"";"hors médicament";"haute"
"SKIN ACTIVE SERUM ECLAT VITAMINE C F/30ML";"10680";"Cosmétique / dermo";"";"30ml";"";"";"";"hors médicament";"haute"
"SKIN ACTIVE SERUM NUIT VITAMINE C F/30ML";"10680";"Cosmétique / dermo";"";"30ml";"";"";"";"hors médicament";"haute"
"SKIN ACTIVE VIT C ANTI-UV QUOTIDIEN INVIS";"8550";"Cosmétique / dermo";"";"";"";"";"";"hors médicament";"haute"
"SKUDEXA 75MG/25MG COMP.B/10";"4855";"Médicament";"Tramadol chlorhydrate + Dexketoprofene";"75mg/25mg";"Comprimé";"Liste I";"Analgesique, Antiinflammatoire, Antipyrétique";"même marque dans la base PHARMACORP";"moyenne"
"SMART COLLECTION EAU";"2500";"Cosmétique / dermo";"";"";"Collyre";"";"";"hors médicament";"haute"
"SMART GOLD 008 FL/25M";"4000";"Cosmétique / dermo";"";"";"";"";"";"hors médicament";"haute"
"SMART GOLD 045 FL/25M";"3300";"Cosmétique / dermo";"";"";"";"";"";"hors médicament";"haute"
"SMART GOLD 082 FL/25M";"3300";"Cosmétique / dermo";"";"";"";"";"";"hors médicament";"haute"
"SMART GOLD 083 FL/25M";"2300";"Cosmétique / dermo";"";"";"";"";"";"hors médicament";"haute"
"SMART GOLD 084 FL/25M";"3300";"Cosmétique / dermo";"";"";"";"";"";"hors médicament";"haute"
"SMART GOLD 135 FL/25M";"4000";"Cosmétique / dermo";"";"";"";"";"";"hors médicament";"haute"
"SMART GOLD 136 FL/25M";"4000";"Cosmétique / dermo";"";"";"";"";"";"hors médicament";"haute"
"SMART GOLD 189 FL/25M";"3300";"Cosmétique / dermo";"";"";"";"";"";"hors médicament";"haute"
"SMART GOLD 217 FL/25M";"3300";"Cosmétique / dermo";"";"";"";"";"";"hors médicament";"haute"
"SMART GOLD 222 FL/25M";"3500";"Cosmétique / dermo";"";"";"";"";"";"hors médicament";"haute"
"SMART GOLD 229 FL/25M";"3300";"Cosmétique / dermo";"";"";"";"";"";"hors médicament";"haute"
"SMART GOLD 255 FL/25M";"4000";"Cosmétique / dermo";"";"";"";"";"";"hors médicament";"haute"
"SMART GOLD 294 FL/25M";"3300";"Cosmétique / dermo";"";"";"";"";"";"hors médicament";"haute"
"SMART GOLD 37 FL/25ML";"3300";"Cosmétique / dermo";"";"25ml";"";"";"";"hors médicament";"haute"
"SMECTA 3G FRAISE PDR";"2635";"Médicament";"Diosmectite";"3g";"";"ST";"Antidiarrheique, Pansement gastrique";"même marque dans la base PHARMACORP";"moyenne"
"SMECTA 3G PDR SUSP BUV ORAN/VAN SACHET/30";"4450";"Médicament";"Diosmectite";"3g";"Suspension buvable";"ST";"Antidiarrheique, Pansement gastrique";"même marque dans la base PHARMACORP";"moyenne"
"SMECTA PDR SACH 30";"4450";"Médicament";"Diosmectite";"";"Poudre / sachet";"ST";"Antidiarrheique, Pansement gastrique";"même marque dans la base PHARMACORP";"moyenne"
"SMECTA SACH B/10";"1525";"Médicament";"Diosmectite";"";"Poudre / sachet";"ST";"Antidiarrheique, Pansement gastrique";"même marque dans la base PHARMACORP";"moyenne"
"SMEDYL 3G PDRE SUSP B";"3910";"Médicament";"Diosmectite";"3g";"Suspension buvable";"ST";"Antidiarrheique, Pansement gastrique";"même marque dans la base PHARMACORP";"moyenne"
"SMILEY CONF.DOUC.3-5KG 48 COUCHES";"6435";"Hygiène";"";"";"";"";"";"hors médicament";"haute"
"SMILEY CONF.DOUC.5-10KG 32 COUCHES";"4620";"Hygiène";"";"";"";"";"";"hors médicament";"haute"
"SMILEY CONF.DOUC.9-18KG 28 COUCHES";"4620";"Hygiène";"";"";"";"";"";"hors médicament";"haute"
"SMILEY LINGETTES BEBE S.ALCOOL B/100";"1615";"Hygiène";"";"";"";"";"";"hors médicament";"haute"
"SOCLAV 1G/125MG PDRE";"8465";"Médicament";"Amoxicilline + Acide clavulanique";"1g/125mg";"Poudre / sachet";"Liste I";"Antibiotique Antibacterien (Penicillines)";"même marque dans la base PHARMACORP";"moyenne"
"SODIUM BIC 1.4% CPF FL/ 500ML 3400935073723";"2355";"Médicament";"Chlorure de sodium";"1.4%";"";"";"";"identification manuelle (marque)";"moyenne"
"SODIUM CHL 0,1G/ML DE";"390";"Médicament";"Chlorure de sodium";"0,1g";"";"";"";"identification manuelle (marque)";"moyenne"
"SODIUM CHL 0.9% B BRAUN ECO 500ML";"1250";"Médicament";"Chlorure de sodium";"0.9%";"";"";"";"identification manuelle (marque)";"moyenne"
"SODIUM CHL 10% AGT 10";"16957";"Médicament";"Chlorure de sodium";"10%";"";"";"";"identification manuelle (marque)";"moyenne"
"SODIUM CHL 10% AGT 10ML APP/50";"19606";"Médicament";"Chlorure de sodium";"10%";"";"";"";"identification manuelle (marque)";"moyenne"
"SODIUM CHL 10% AGT 10ML DETAIL/1";"390";"Médicament";"Chlorure de sodium";"10%";"";"";"";"identification manuelle (marque)";"moyenne"
"SODIUM CHLORIDE 0,9% SH.PHARMA FL/500ML";"1000";"Médicament";"Chlorure de sodium";"0,9%";"";"";"";"identification manuelle (marque)";"moyenne"
"SODIUM VALPROATE TLG 500MG COMP B/30";"6930";"Médicament";"Valproate de sodium";"500mg";"Comprimé";"";"";"identification manuelle (marque)";"moyenne"
"SOFFBAN OUATE ORTHOPE 2,7MX10CM";"790";"Dispositif médical / consommable";"";"";"";"";"";"hors médicament";"haute"
"SOFFBAN OUATE ORTHOPE 2,7MX15CM";"1325";"Dispositif médical / consommable";"";"";"";"";"";"hors médicament";"haute"
"SOFFBAN OUATE ORTHOPE 2,7MX20CM";"1500";"Dispositif médical / consommable";"";"";"";"";"";"hors médicament";"haute"
"SOFT ALOE VERA GEL LUBRIFIANT T/60ML";"4360";"Hygiène";"";"60ml";"Gel";"";"";"hors médicament";"haute"
"SOFTDROPS COLL F/10ML";"2495";"Médicament";"Carboxymethylcellulose sodique";"0,5M spore/Ml";"Collyre / ORL";"ST";"Substitut lacrymal";"base PHARMACORP";"haute"
"SOLACY GELULE B/45 3400931739593";"4450";"Médicament";"Cysteine + Soufre precipite + Retinol + Levure Saccharomyces cerevisiae";"";"Gélule";"ST";"rhinopharingite";"même marque dans la base PHARMACORP";"moyenne"
"SOLCER 40MG INJ B/1";"5545";"Médicament";"Omeprazole";"40 mg";"Injectable";"Liste II";"Antiulcereux (IPP)";"base PHARMACORP";"haute"
"SOLCER SR 20MG GEL B/";"5545";"Médicament";"Omeprazole";"20mg";"Gélule";"Liste II";"Antiulcereux (IPP)";"même marque dans la base PHARMACORP";"moyenne"
"SOLEXIM 100MG/5ML PDR";"5545";"Médicament";"Cefixime";"100mg/5ml";"";"Liste I";"Antibiotique Antibacterien (Cephalosporines 3 generation)";"même marque dans la base PHARMACORP";"moyenne"
"SOLEXIM 200MG CPR B/1";"4465";"Médicament";"Cefixime";"200mg";"Comprimé";"Liste I";"Antibiotique Antibacterien (Cephalosporines 3 generation)";"même marque dans la base PHARMACORP";"moyenne"
"SOLEXIM-N 50MG/5ML PD";"3465";"Médicament";"Cefixime";"50mg/5ml";"";"Liste I";"Antibiotique Antibacterien (Cephalosporines 3 generation)";"même marque dans la base PHARMACORP";"moyenne"
"SOLFER FORTE GEL B/30";"3465";"Médicament";"Fer + Vitamines";"miltidosage";"Crème / pommade / gel";"ST";"Antianemique";"base PHARMACORP";"haute"
"SOLFER LITE 50MG/350M";"3465";"Médicament";"Fer + Acide folique";"50mg";"";"";"";"identification manuelle (marque)";"moyenne"
"SOLFER SP F/200ML";"3465";"Médicament";"Fer + Vitamines";"multidosage";"Autre";"ST";"Antianemique";"base PHARMACORP";"haute"
"SOLUGRIPPINE COMP.B/25X4";"6080";"Médicament";"Paracetamol + Chlorpheniramine + Phenylephrine + Cafeine anhydre";"";"Comprimé";"ST";"Antigrippal";"même marque dans la base PHARMACORP";"moyenne"
"SOLUGRIPPINE COMP/DETAIL";"245";"Médicament";"Paracetamol + Chlorpheniramine + Phenylephrine + Cafeine anhydre";"";"Comprimé";"ST";"Antigrippal";"même marque dans la base PHARMACORP";"moyenne"
"SOLUMEDROL 120MG INJ+SOLV F/1";"4435";"Médicament";"Methylprednisolone";"120mg";"Injectable";"Liste I";"Antiinflammatoire steroidien";"même marque dans la base PHARMACORP";"moyenne"
"SOLUMEDROL SAB 40MG INJ F/60";"1925";"Médicament";"Methylprednisolone";"40mg";"Injectable";"Liste I";"Antiinflammatoire steroidien";"même marque dans la base PHARMACORP";"moyenne"
"SOMAZINA 1000MG SOL B";"19135";"Médicament";"Citicoline";"1000mg";"";"Liste I";"Psychostimulant";"même marque dans la base PHARMACORP";"moyenne"
"SOMAZINA 1G AMP INJ B/5";"24860";"Médicament";"Citicoline";"1g";"Injectable";"Liste I";"Psychostimulant";"même marque dans la base PHARMACORP";"moyenne"
"SOMAZINA 1G AMP INJ DETAIL";"4975";"Médicament";"Citicoline";"1g";"Injectable";"Liste I";"Psychostimulant";"même marque dans la base PHARMACORP";"moyenne"
"SOMAZINA 500MG AMP IN";"19010";"Médicament";"Citicoline";"500mg";"Injectable";"Liste I";"Psychostimulant";"même marque dans la base PHARMACORP";"moyenne"
"SOMAZINA 500MG AMP INJ DETAIL/1";"3800";"Médicament";"Citicoline";"500mg";"Injectable";"Liste I";"Psychostimulant";"même marque dans la base PHARMACORP";"moyenne"
"SOMAZINA GTTES BUV FL";"21270";"Médicament";"Citicoline";"";"Gouttes";"Liste I";"Psychostimulant";"même marque dans la base PHARMACORP";"moyenne"
"SONDE ASPIRATION 48CM";"0";"Dispositif médical / consommable";"";"";"";"";"";"hors médicament";"haute"
"SONDE ASPIRATION 52CM CHB B/1";"475";"Dispositif médical / consommable";"";"";"";"";"";"hors médicament";"haute"
"SONDE DE FOLEY IDA 2 VOIES CH/18";"1000";"Dispositif médical / consommable";"";"";"";"";"";"hors médicament";"haute"
"SONDE DUODONAL LEVIN CH18 ROSE/1";"1475";"Dispositif médical / consommable";"";"";"";"";"";"hors médicament";"haute"
"SONDE FOL MIXTE 10/30ML CH14";"1390";"Dispositif médical / consommable";"";"10/30ml";"";"";"";"hors médicament";"haute"
"SONDE FOLEY LABELL MIXTE CH16 ORANGE/1";"1430";"Dispositif médical / consommable";"";"";"";"";"";"hors médicament";"haute"
"SONDE FOLEY LABELL MIXTE CH18 ROUGE/1";"1515";"Dispositif médical / consommable";"";"";"";"";"";"hors médicament";"haute"
"SONDE GASTROD LEVIN CH8 PVC B/1";"1175";"Dispositif médical / consommable";"";"";"";"";"";"hors médicament";"haute"
"SONDE GASTROD LEVIN PVC 122CM CH12 B/1";"1205";"Dispositif médical / consommable";"";"";"";"";"";"hors médicament";"haute"
"SONDE NASOGASTRIQUE CH 10";"1240";"Dispositif médical / consommable";"";"";"";"";"";"hors médicament";"haute"
"SONDE NASOGASTRIQUE CH12";"1240";"Dispositif médical / consommable";"";"";"";"";"";"hors médicament";"haute"
"SONDE NASOGASTRIQUE CH16";"1300";"Dispositif médical / consommable";"";"";"";"";"";"hors médicament";"haute"
"SONDE NASOGASTRIQUE CH8";"1300";"Dispositif médical / consommable";"";"";"";"";"";"hors médicament";"haute"
"SOPHTAL COLLYRE FL/10ML";"1305";"Médicament";"Acide salicylique";"10ml";"Collyre";"ST";"Antiseptique oculaire, Coricide";"même marque dans la base PHARMACORP";"moyenne"
"SOPRIDE 40/75MG GEL B/30";"7625";"";"";"40/75mg";"Gélule";"";"";"non identifié";"à vérifier"
"SOUFRE COUGH PASTILLE MENTHE B/12";"2375";"";"";"";"";"";"";"non identifié";"à vérifier"
"SOUFRE COUGH SIROP F/100ML";"1940";"";"";"100ml";"Sirop";"";"";"non identifié";"à vérifier"
"SOVENTUS JUNIOR SP FL/60ML";"2910";"Médicament";"Ambroxol + Guafenesine + Terbutaline";"60ml";"Sirop";"Liste I";"Mucolytique, Bronchodilatateur";"même marque dans la base PHARMACORP";"moyenne"
"SPARADRAP LABELL PERF";"1500";"Dispositif médical / consommable";"";"";"Injectable";"";"";"hors médicament";"haute"
"SPARADRAP LABELL PERF 5MX18CM";"7460";"Dispositif médical / consommable";"";"";"Injectable";"";"";"hors médicament";"haute"
"SPARADRAP LABELL PERF 5MX5CM";"2605";"Dispositif médical / consommable";"";"";"Injectable";"";"";"hors médicament";"haute"
"SPARADRAP PERF PHD 10";"4925";"Dispositif médical / consommable";"";"";"Injectable";"";"";"hors médicament";"haute"
"SPARADRAP PERF PHD 10CMX1M DETAIL";"1400";"Dispositif médical / consommable";"";"";"Injectable";"";"";"hors médicament";"haute"
"SPARADRAP PERF PHD 18";"375";"Dispositif médical / consommable";"";"";"Injectable";"";"";"hors médicament";"haute"
"SPARADRAP PERF PHD 5MX18CM/1";"6500";"Dispositif médical / consommable";"";"";"Injectable";"";"";"hors médicament";"haute"
"SPARADRAP PERFORE C.Y. 18CMX5M";"7000";"Dispositif médical / consommable";"";"";"Injectable";"";"";"hors médicament";"haute"
"SPARADRAP PERFORE C.Y. 1M DETAIM";"1400";"Dispositif médical / consommable";"";"";"Injectable";"";"";"hors médicament";"haute"
"SPARADRAP PHD 5CMX5M TAPE";"3100";"Dispositif médical / consommable";"";"";"";"";"";"hors médicament";"haute"
"SPASCOL 80MG/500MG COMP B/10";"2010";"Médicament";"Drotaverine chlorhydrate + Paracetamol";"80mg/500mg";"Comprimé";"Liste II";"Antalgique, Antispasmodique";"même marque dans la base PHARMACORP";"moyenne"
"SPASCOL 80MG/500MG COMP B/20";"2065";"Médicament";"Drotaverine chlorhydrate + Paracetamol";"80mg/500mg";"Comprimé";"Liste II";"Antalgique, Antispasmodique";"même marque dans la base PHARMACORP";"moyenne"
"SPASFON AMP INJ 4ML B";"3315";"Médicament";"Phloroglucinol";"4ml";"Injectable";"ST";"Antispasmodique (Musculotrope)";"même marque dans la base PHARMACORP";"moyenne"
"SPASFON AMP INJ DETAIL/1";"550";"Médicament";"Phloroglucinol";"";"Injectable";"ST";"Antispasmodique (Musculotrope)";"même marque dans la base PHARMACORP";"moyenne"
"SPASFON COMP B/30";"2260";"Médicament";"Phloroglucinol";"";"Comprimé";"ST";"Antispasmodique (Musculotrope)";"même marque dans la base PHARMACORP";"moyenne"
"SPASFON LYOC 160MG LYOPH OR PLG/5";"1525";"Médicament";"Phloroglucinol";"160mg";"";"ST";"Antispasmodique (Musculotrope)";"même marque dans la base PHARMACORP";"moyenne"
"SPASFON LYOC ORAL 80M";"1525";"Médicament";"Phloroglucinol";"";"";"ST";"Antispasmodique (Musculotrope)";"même marque dans la base PHARMACORP";"moyenne"
"SPASFON SUPPO B/10 3400930986141";"2315";"Médicament";"Phloroglucinol";"";"Suppositoire";"ST";"Antispasmodique (Musculotrope)";"même marque dans la base PHARMACORP";"moyenne"
"SPASMAG GELULE B/60";"3730";"Médicament";"Magnesium";"";"Gélule";"ST";"Supplement magnesique";"même marque dans la base PHARMACORP";"moyenne"
"SPASMARIX 40MG CPR B/";"970";"Médicament";"Drotaverine chlorhydrate";"40mg";"Comprimé";"Liste II";"Antispasmodique (Musculotrope)";"même marque dans la base PHARMACORP";"moyenne"
"SPASMARIX 80MG CPR B/";"1870";"Médicament";"Drotaverine chlorhydrate";"80mg";"Comprimé";"Liste II";"Antispasmodique (Musculotrope)";"même marque dans la base PHARMACORP";"moyenne"
"SPASMO-APOTEL 500MG/10MG COMP B/20";"4750";"Médicament";"Paracetamol + Hyoscine butyl bromide";"500mg/10mg";"Comprimé";"Liste I";"Antalgique, Antipyrétique, Antispasmodique, Spasmolytique";"même marque dans la base PHARMACORP";"moyenne"
"SPASMO-APOTEL 600/20MG INJ B/3 4035459233330";"6655";"Médicament";"Paracetamol + Hyoscine butyl bromide";"600/20mg";"Injectable";"Liste I";"Antalgique, Antipyrétique, Antispasmodique, Spasmolytique";"même marque dans la base PHARMACORP";"moyenne"
"SPASMO-APOTEL 800MG/10MG SUPPO B/5";"3190";"Médicament";"Paracetamol + Hyoscine butyl bromide";"800mg/10mg";"Suppositoire / ovule";"Liste I";"Antalgique, Antipyrétique, Antispasmodique, Spasmolytique";"base PHARMACORP";"haute"
"SPASMOCALM 80MG CP OR";"2885";"Médicament";"Phloroglucinol";"80mg";"Comprimé";"ST";"Antispasmodique (Musculotrope)";"même marque dans la base PHARMACORP";"moyenne"
"SPASMOMEN 40MG CPR B/";"6655";"Médicament";"Otilonium bromure";"40mg";"Comprimé";"Liste II";"Antispasmodique (Musculotrope)";"même marque dans la base PHARMACORP";"moyenne"
"SPASMOSYL 150MG SUPPO";"2080";"Médicament";"Phloroglucinol";"150mg";"Suppositoire";"";"";"identification manuelle (marque)";"moyenne"
"SPASMOSYL 80MG CPR OR";"2080";"Médicament";"Phloroglucinol";"80mg";"Comprimé";"";"";"identification manuelle (marque)";"moyenne"
"SPASMOTROY 20MG/ML S.";"555";"Médicament";"Drotaverine chlorhydrate";"20mg";"";"Liste II";"Antispasmodique (Musculotrope)";"même marque dans la base PHARMACORP";"moyenne"
"SPASMOTROY 40MG CPR B";"1430";"Médicament";"Drotaverine chlorhydrate";"40mg";"Comprimé";"Liste II";"Antispasmodique (Musculotrope)";"même marque dans la base PHARMACORP";"moyenne"
"SPASMOTROY 80MG CPR B";"3025";"Médicament";"Drotaverine chlorhydrate";"80mg";"Comprimé";"Liste II";"Antispasmodique (Musculotrope)";"même marque dans la base PHARMACORP";"moyenne"
"SPASNIL 10MG/250MG CP";"4160";"Médicament";"Acide mefenamique + Dicyclomine chlorydrate";"10mg/250mg";"Comprimé";"Liste II";"Antiinflammatoire non steroidien, Spasmolytique";"même marque dans la base PHARMACORP";"moyenne"
"SPECULUM STERILE UU G";"1000";"Dispositif médical / consommable";"";"";"";"";"";"hors médicament";"haute"
"SPECULUM VAG UU 26MM MM/1";"675";"Dispositif médical / consommable";"";"";"";"";"";"hors médicament";"haute"
"SPIFEN 200MG COMP B/30 3400936081918";"1610";"Médicament";"Ibuprofene";"200mg";"Comprimé";"Liste II";"Antalgique, Antipyrétique, Antiinflammatoire non steroidien";"même marque dans la base PHARMACORP";"moyenne"
"SPIFEN 400MG COMP B/2";"2150";"Médicament";"Ibuprofene";"400mg";"Comprimé";"Liste II";"Antalgique, Antipyrétique, Antiinflammatoire non steroidien";"même marque dans la base PHARMACORP";"moyenne"
"SPIFEN 400MG SACHET D";"2775";"Médicament";"Ibuprofene";"400mg";"Poudre / sachet";"Liste II";"Antalgique, Antipyrétique, Antiinflammatoire non steroidien";"même marque dans la base PHARMACORP";"moyenne"
"SPIRALIDE 3MUI CPR B/";"7835";"Médicament";"Spiramycine";"3mui";"Comprimé";"Liste I";"Antiinfectieux, Antibacterien (Macrolides)";"même marque dans la base PHARMACORP";"moyenne"
"SPIREX PLUS 1,5MUI/25";"5075";"Médicament";"Spiramycine + Metronidazole";"1,5mui";"";"Liste I";"Antiparasitaire (Nitro imidazoles), Antibiotique Antibacterien (Macrolides)";"même marque dans la base PHARMACORP";"moyenne"
"SPORALIM LOTION 1% F/30ML 3401020290773";"1805";"Cosmétique / dermo";"";"1%";"";"";"";"hors médicament (filtre)";"moyenne"
"SPRAY DIFFUSEUR AMBIANC DJIBA FL/100ML";"4500";"Hygiène";"";"100ml";"Spray";"";"";"hors médicament";"haute"
"SRO ZINC 20,8G/20MG PDR BUV SACH/2+COMP10";"765";"Médicament";"Glucose anhydre + Chlorure de sodium + Citrate de sodium + Chlorure de potassium + Zinc";"20,8g/20mg";"Poudre / sachet";"ST";"Sels de rehydratation";"même marque dans la base PHARMACORP";"moyenne"
"ST IVES COLLAGENE ELASTINE BAUME 283G";"12000";"Cosmétique / dermo";"";"283g";"Collyre";"";"";"hors médicament";"haute"
"STACEF 1G FL INJ+SOLV B/1";"2080";"Médicament";"Ceftriaxone";"1g";"Injectable";"Liste I";"Antibacterien (Cephalosporines 3 generation), Antibiotique";"base PHARMACORP";"haute"
"STAGID 700MG CP B/100";"7280";"Médicament";"Metformine embonate";"700mg";"Comprimé";"Liste I";"Antidiabetique (Biguanides)";"même marque dans la base PHARMACORP";"moyenne"
"STAGID 700MG CP BLISTER/10 DETAIL";"1700";"Médicament";"Metformine embonate";"700mg";"Comprimé";"Liste I";"Antidiabetique (Biguanides)";"même marque dans la base PHARMACORP";"moyenne"
"STAGID COMP B/30";"2495";"Médicament";"Metformine embonate";"";"Comprimé";"Liste I";"Antidiabetique (Biguanides)";"même marque dans la base PHARMACORP";"moyenne"
"STAMINA GELULE B/30";"14100";"Médicament";"MULTIVITAMINES";"";"Gélule";"ST";"Supplement vitaminique";"même marque dans la base PHARMACORP";"moyenne"
"STAR ATOMICS PRESERV B/1 DETAIL";"225";"Cosmétique / dermo";"";"";"";"";"";"hors médicament";"haute"
"STAR BALM COLD GEL FL/100ML";"4380";"Cosmétique / dermo";"";"100ml";"Gel";"";"";"hors médicament";"haute"
"STAR BALM COLD SPRAY 150ML 8717154533200";"4380";"Cosmétique / dermo";"";"150ml";"Spray";"";"";"hors médicament";"haute"
"STAR BALM LIQ MASSAGE FL/50ML";"3200";"Cosmétique / dermo";"";"50ml";"";"";"";"hors médicament";"haute"
"STAR BALM WARM SPRAY FL/150ML";"4380";"Cosmétique / dermo";"";"150ml";"Spray";"";"";"hors médicament";"haute"
"STARBLAM WARN GEL F/100ML";"4065";"Cosmétique / dermo";"";"100ml";"Gel";"";"";"hors médicament";"haute"
"STATINOR 10MG CPR PELL B/30";"9290";"Médicament";"Atorvastatine";"10mg";"Comprimé";"Liste I";"Hypocholesterolemiant (Statines)";"base PHARMACORP";"haute"
"STATINOR 20MG CPR PELL B/30";"12063";"Médicament";"Atorvastatine";"20mg";"Comprimé";"Liste I";"Hypocholesterolemiant (Statines)";"base PHARMACORP";"haute"
"STATURIC 40MG CPR PELL B/30";"11090";"Médicament";"Febuxostat";"40mg";"Comprimé";"Liste I";"Hypo uricemiant";"base PHARMACORP";"haute"
"STATURIC 80MG COMP PELL B/30";"15255";"Médicament";"Febuxostat";"80mg";"Comprimé";"Liste I";"Hypo uricemiant";"même marque dans la base PHARMACORP";"moyenne"
"STAVIRAL 5G SIROP ENFANT FL/100ML";"6935";"Médicament";"Allo-securinine";"5g";"Sirop";"Liste I";"Antiviral";"même marque dans la base PHARMACORP";"moyenne"
"STAVIRAL GELULE B/30";"7350";"Médicament";"Allo-securinine";"";"Gélule";"Liste I";"Antiviral";"même marque dans la base PHARMACORP";"moyenne"
"STERDEX POM OPHT UNIDOSE B/12";"2000";"Médicament";"Dexamethasone + oxytetracycline";"";"Crème / pommade";"Liste I";"Antiinfectieux, Antiinflammatoire steroidien";"même marque dans la base PHARMACORP";"moyenne"
"STERIMAR BEBE SOL NAS FL/50ML 3331300097238";"5685";"Dispositif médical / consommable";"Eau de mer isotonique";"50ml";"";"";"";"identification manuelle (marque)";"moyenne"
"STERIMAR CU SUJET RHUME AEROS FL/50ML";"6450";"Médicament";"Eau de mer isotonique + Sulfate de cuivre";"50ml";"Spray";"";"";"identification manuelle (marque)";"moyenne"
"STERIMAR HYG DU NEZ FL/100ML 3331300097214";"8490";"Dispositif médical / consommable";"Eau de mer isotonique";"100ml";"";"";"";"identification manuelle (marque)";"moyenne"
"STERIMAR HYG ET CONFORT FL/50ML";"5330";"Dispositif médical / consommable";"Eau de mer isotonique";"50ml";"";"";"";"identification manuelle (marque)";"moyenne"
"STERIMAR HYGIEN ET CONFOR SOL NAS FL/50ML";"5185";"Dispositif médical / consommable";"Eau de mer isotonique";"50ml";"";"";"";"identification manuelle (marque)";"moyenne"
"STERIMAR HYPERTON AD SOL NAS FL/50ML";"6730";"Dispositif médical / consommable";"Eau de mer isotonique";"50ml";"";"";"";"identification manuelle (marque)";"moyenne"
"STERIMAR MN AER 50ML";"6330";"Dispositif médical / consommable";"Eau de mer isotonique";"50ml";"";"";"";"identification manuelle (marque)";"moyenne"
"STERIMAR MN NEZ ALLERGIQUE AEROS FL/50ML";"0";"Dispositif médical / consommable";"Eau de mer isotonique";"50ml";"Spray";"";"";"identification manuelle (marque)";"moyenne"
"STERIMAR NEZ BOUCHE NN/ENF SOL NAS F/50ML";"6970";"Dispositif médical / consommable";"Eau de mer isotonique";"50ml";"";"";"";"identification manuelle (marque)";"moyenne"
"STERIMAR NEZ RHUME CU";"6345";"Médicament";"Eau de mer isotonique + Sulfate de cuivre";"";"";"";"";"identification manuelle (marque)";"moyenne"
"STETHOSCOPE INFIRM CLA DBLE PAVILLON";"10000";"Dispositif médical / consommable";"";"";"";"";"";"hors médicament";"haute"
"STEVIA BIO NATUREO PACK DE 50G";"4000";"Nutrition / complément";"";"50g";"";"";"";"hors médicament";"haute"
"STILNOX 10MG CP B/20";"3385";"Médicament";"Zolpidem";"10mg";"Comprimé";"Liste I";"Hypnotique, Sedatif (BZD apparenté)";"base PHARMACORP";"haute"
"STIMOGENE SP F/200ML";"3590";"Médicament";"Cyproheptadine + tricholine citrate";"200ml";"Sirop";"ST";"Stimulant de l'appetit";"même marque dans la base PHARMACORP";"moyenne"
"STIMOL 1G SOL BUBVABLE SACHET B/18";"5410";"Médicament";"Citrulline maleate";"1g";"Poudre / sachet";"ST";"Asthenie";"même marque dans la base PHARMACORP";"moyenne"
"STIMOL 1G SOL BUV AMP";"5410";"Médicament";"Citrulline maleate";"1g";"Injectable";"ST";"Asthenie";"même marque dans la base PHARMACORP";"moyenne"
"STOP MOUSTIQ KIT COMPLET";"4125";"Cosmétique / dermo";"";"";"Comprimé";"";"";"hors médicament";"haute"
"STOP MOUSTIQUE RECHARGE BLIS/10X1";"1000";"Cosmétique / dermo";"";"";"";"";"";"hors médicament";"haute"
"STRENCH MARKS SAVON 80G PACK/3PCS";"3500";"Cosmétique / dermo";"";"80g";"";"";"";"hors médicament";"haute"
"STREPSILS CITRON SS /";"4590";"Médicament";"Amylmetacresol + Alcool 2,4-dichlorobenzylique";"";"Suspension buvable";"";"";"identification manuelle (marque)";"moyenne"
"STREPSILS MIEL CITR P";"7095";"Médicament";"Amylmetacresol + Alcool 2,4-dichlorobenzylique";"";"";"";"";"identification manuelle (marque)";"moyenne"
"STRESAM GELU FL/24";"2480";"Médicament";"Etifoxine chlorhydrate";"";"Gélule";"Liste I";"Anxiolytique";"même marque dans la base PHARMACORP";"moyenne"
"STRIMOL EXTRA CPR B/2";"2330";"Médicament";"Acetaminofene + cafeine";"";"Comprimé";"ST";"Analgesique, Antalgique";"même marque dans la base PHARMACORP";"moyenne"
"STRIPREGA 150MG GELULE B/30";"11785";"Médicament";"Pregabaline";"150mg";"Gélule";"";"";"identification manuelle (marque)";"moyenne"
"STRIPREGA 75MG GELULE B/30";"8320";"Médicament";"Pregabaline";"75mg";"Gélule";"";"";"identification manuelle (marque)";"moyenne"
"SUCET LUC LEA ANAT PAPA 6-18";"3610";"Dispositif médical / consommable";"";"";"";"";"";"hors médicament";"haute"
"SUCET LUC LEA BB AMOUR ANN 0-6";"3695";"Dispositif médical / consommable";"";"";"";"";"";"hors médicament";"haute"
"SUCET LUC LEA MAMAN ANN 0-6 B/1";"3840";"Dispositif médical / consommable";"";"";"";"";"";"hors médicament";"haute"
"SUCET LUC LEA PHYSIO 0M+ ELEPHANT B/1";"3700";"Dispositif médical / consommable";"";"";"";"";"";"hors médicament";"haute"
"SUCET LUC&LEA SYMETR 0-2M COEUR/PAPILL/1";"3250";"Dispositif médical / consommable";"";"";"";"";"";"hors médicament";"haute"
"SUCETTE LULLABY 0-6M B/2";"6000";"Dispositif médical / consommable";"";"";"";"";"";"hors médicament";"haute"
"SUCETTE+ATTACHE TAOQUIBABY DORE";"6000";"Dispositif médical / consommable";"";"";"";"";"";"hors médicament";"haute"
"SUCRAFIL O GEL SUSP BUV FL/100ML";"2595";"Médicament";"Sucralfate + Oxetacaine";"100ml";"Suspension buvable";"ST";"Antiulcereux, Anesthesique local";"même marque dans la base PHARMACORP";"moyenne"
"SUCRAFIL SUSP BUV F/2";"3885";"Médicament";"Sucralfate + Oxetacaine";"";"Suspension buvable";"ST";"Antiulcereux, Anesthesique local";"même marque dans la base PHARMACORP";"moyenne"
"SUCREDULCOR COMP B/260";"5600";"Nutrition / complément";"";"";"Comprimé";"";"";"hors médicament";"haute"
"SUCRETTE 2 SUCRE CPR";"6605";"Nutrition / complément";"";"";"Comprimé";"";"";"hors médicament";"haute"
"SUDDENLY DIAMONDS FEM";"8000";"Cosmétique / dermo";"";"";"";"";"";"hors médicament";"haute"
"SUFIX 100MG/5ML SUSP";"6935";"Médicament";"Cefixime";"100mg/5ml";"Suspension buvable";"Liste I";"Antibiotique Antibacterien (Cephalosporines 3 generation)";"même marque dans la base PHARMACORP";"moyenne"
"SUFIX 200MG CPR PELL";"5545";"Médicament";"Cefixime";"200mg";"Comprimé";"Liste I";"Antibiotique Antibacterien (Cephalosporines 3 generation)";"même marque dans la base PHARMACORP";"moyenne"
"SUFIX 400MG CPR B/10";"11090";"Médicament";"Cefixime";"400mg";"Comprimé";"Liste I";"Antibiotique Antibacterien (Cephalosporines 3 generation)";"base PHARMACORP";"haute"
"SULBACEF 1,5G PDRE SOL INJ/20ML+SOLV10ML";"4160";"Médicament";"Cefoperazone + Sulbactam";"1g/500mg";"Injectable";"Liste I";"Antibiotique Antibacterien";"base PHARMACORP";"haute"
"SULBACEF 750MG PDR SO";"2775";"Médicament";"Cefoperazone + Sulbactam";"750mg";"";"";"";"identification manuelle (marque)";"moyenne"
"SULFATE MAGN LAVOIS15% IV INJ AMP10ML/10";"6925";"Médicament";"Sulfate de magnesium heptahydrate";"15%";"Injectable";"ST";"Laxatif";"base PHARMACORP";"haute"
"SULFOBACTIN 500MG CPR";"4645";"Médicament";"Thiamphenicol";"500mg";"Comprimé";"Liste I";"Antibiotique Antibacterien ( Phenicoles)";"même marque dans la base PHARMACORP";"moyenne"
"SUMAMOX 500MG COMP B/3";"3465";"Médicament";"Azithromycine";"500mg";"Comprimé";"Liste I";"Antibiotique Antibacterien (Macrolides)";"même marque dans la base PHARMACORP";"moyenne"
"SUNAVEINE 120MG IV PD";"2650";"Médicament";"Artesunate";"120mg";"Injectable";"Liste I";"Antipaludique";"même marque dans la base PHARMACORP";"moyenne"
"SUNAVEINE 60MG IV PDR";"1484";"Médicament";"Artesunate";"60mg";"Injectable";"Liste I";"Antipaludique";"même marque dans la base PHARMACORP";"moyenne"
"SUNEX 120MG PDRE SOL INJ F/1+SOLV/2";"2635";"Médicament";"Artesunate";"120mg";"Injectable";"Liste I";"Antipaludique";"base PHARMACORP";"haute"
"SUPAFEN 400MG/300MG C";"1055";"Médicament";"Ibuprofene + Paracetamol";"400mg/300mg";"";"Liste II";"Antalgique, Antipyrétique, Antiinflammatoire non steroidien";"même marque dans la base PHARMACORP";"moyenne"
"SUPER CAL ZINC MEPACO COMP B/10";"3800";"Médicament";"Calcium carbonate + Magnesium oxyde + Zinc";"";"Comprimé";"ST";"Complement alimentaire";"même marque dans la base PHARMACORP";"moyenne"
"SUPERGLIDE HOT LUBRIFIANT FL/75ML";"3500";"Hygiène";"";"75ml";"";"";"";"hors médicament";"haute"
"SUPERPHARM LAIT AC KOJIQUE 500ML";"17325";"Cosmétique / dermo";"";"500ml";"";"";"";"hors médicament";"haute"
"SUPERPHARM LAIT ARBUTINE 500ML";"18150";"Cosmétique / dermo";"";"500ml";"";"";"";"hors médicament";"haute"
"SUPERPHARM LAIT CAROTTE 500ML";"17325";"Cosmétique / dermo";"";"500ml";"";"";"";"hors médicament";"haute"
"SUPERPHARM LAIT COLLAGENE 500ML";"18150";"Cosmétique / dermo";"";"500ml";"Collyre";"";"";"hors médicament";"haute"
"SUPERPHARM LAIT GLUTATHION 500ML";"18150";"Cosmétique / dermo";"";"500ml";"";"";"";"hors médicament";"haute"
"SUPERPHARM SERUM AC KOJIQ 100ML";"10725";"Cosmétique / dermo";"";"100ml";"";"";"";"hors médicament";"haute"
"SUPERPHARM SERUM ARBUTINE 100ML";"10725";"Cosmétique / dermo";"";"100ml";"";"";"";"hors médicament";"haute"
"SUPERPHARM SERUM CAROTTE 100ML";"10000";"Cosmétique / dermo";"";"100ml";"";"";"";"hors médicament";"haute"
"SUPERPHARM SERUM COLLAGENE 100ML";"10725";"Cosmétique / dermo";"";"100ml";"Collyre";"";"";"hors médicament";"haute"
"SUPERPHARM SERUM GLUTATHION 100ML";"10725";"Cosmétique / dermo";"";"100ml";"";"";"";"hors médicament";"haute"
"SUPERPHARM SERUM VITAMINE C 100ML";"10000";"Cosmétique / dermo";"";"100ml";"";"";"";"hors médicament";"haute"
"SUPERWHITE BROSS MEDIAUM PACK/4PCS";"3280";"Cosmétique / dermo";"";"";"";"";"";"hors médicament";"haute"
"SUPPO CRISTAL CPF AD B/10";"1845";"Médicament";"Glycerol";"";"Suppositoire";"ST";"Laxatif";"même marque dans la base PHARMACORP";"moyenne"
"SUPPO CRISTAL CPF BB B/10";"1635";"Médicament";"Glycerol";"";"Suppositoire";"ST";"Laxatif";"même marque dans la base PHARMACORP";"moyenne"
"SUPPO CRISTAL CPF ENF B/10";"1735";"Médicament";"Glycerol";"";"Suppositoire";"ST";"Laxatif";"même marque dans la base PHARMACORP";"moyenne"
"SUPPO GLYC AD GILBSS B/10";"2010";"Médicament";"Glycerol";"";"Suppositoire";"ST";"Laxatif";"même marque dans la base PHARMACORP";"moyenne"
"SUPPO GLYC BB GILB SS B/10";"1680";"Médicament";"Glycerol";"";"Suppositoire";"ST";"Laxatif";"même marque dans la base PHARMACORP";"moyenne"
"SUPPO GLYC ENF GILB SS B/10";"1925";"Médicament";"Glycerol";"";"Suppositoire";"ST";"Laxatif";"même marque dans la base PHARMACORP";"moyenne"
"SUPRADYN BOOST COMP B/10";"5075";"Médicament";"MULTIVITAMINES";"";"Comprimé";"ST";"Supplement vitaminique";"même marque dans la base PHARMACORP";"moyenne"
"SUPRADYNE CITRON COMP EFF B/10 3400934823305";"4800";"Médicament";"MULTIVITAMINES";"";"Comprimé";"ST";"Supplement vitaminique";"même marque dans la base PHARMACORP";"moyenne"
"SUPRALOX SUSP BUV FL/250ML";"3575";"Médicament";"Aluminium hydroxyde + Magnesium hydroxyde";"250ml";"Suspension buvable";"ST";"Anti acide";"même marque dans la base PHARMACORP";"moyenne"
"SURDEX 500MG/30MG/5MG/2MG COMP B/12";"1385";"Médicament";"Paracetamol + Chlorphenamine + Phenylephrine";"500mg/30mg";"Comprimé";"";"";"identification manuelle (marque)";"moyenne"
"SURDEX SP F/60ML";"1235";"Médicament";"Paracetamol + Chlorphenamine + Phenylephrine";"60ml";"Sirop";"";"";"identification manuelle (marque)";"moyenne"
"SURETEST TEST GROSSESSE B/1";"1950";"Dispositif médical / consommable";"";"";"";"";"";"hors médicament";"haute"
"SURETEST TEST OVULATION B/10";"23350";"Dispositif médical / consommable";"";"";"";"";"";"hors médicament";"haute"
"SURETEST TEST OVULATION DETAIL B/1";"2335";"Dispositif médical / consommable";"";"";"";"";"";"hors médicament";"haute"
"SURGAM 200MG CPR BT 20";"4755";"Médicament";"Acide tiaprofenique";"200mg";"Comprimé";"Liste II";"Antiinflammatoire non steroidien";"même marque dans la base PHARMACORP";"moyenne"
"SURMENALIT 200MG COMP B/20";"4435";"Médicament";"Sulbutiamine";"200mg";"Comprimé";"ST";"Psychostimulant";"même marque dans la base PHARMACORP";"moyenne"
"SUTRAMAX COMP B/30";"6380";"";"";"";"Comprimé";"";"";"non identifié";"à vérifier"
"SUTRAMAX SPRAY FRAISE FL/15G";"4500";"";"";"15g";"Spray";"";"";"non identifié";"à vérifier"
"SVR AMPOULE ANTI-OX C SR F/30ML";"20000";"Cosmétique / dermo";"";"30ml";"Injectable";"";"";"hors médicament";"haute"
"SVR AMPOULE LIFT SR F/30ML";"20000";"Cosmétique / dermo";"";"30ml";"Injectable";"";"";"hors médicament";"haute"
"SVR AMPOULE RESIST CBD SR F/30ML";"20000";"Cosmétique / dermo";"";"30ml";"Injectable";"";"";"hors médicament";"haute"
"SVR CICAVIT+ CREME T/40ML 3401344502149";"7745";"Cosmétique / dermo";"";"40ml";"Crème / pommade";"";"";"hors médicament";"haute"
"SVR SEBIACLEAR ACT GEL 40ML";"9365";"Cosmétique / dermo";"";"40ml";"Gel";"";"";"hors médicament";"haute"
"SVR SEBIACLEAR CR MAT+PO 40ML 3662361002726";"8600";"Cosmétique / dermo";"";"40ml";"Crème / pommade";"";"";"hors médicament";"haute"
"SVR SEBIACLEAR CREME SOLAIR SPF50+ T/40ML";"10300";"Cosmétique / dermo";"";"40ml";"Crème / pommade";"";"";"hors médicament";"haute"
"SVR SEBIACLEAR EAU MICELLAIRE 400ML 3401381332495";"9600";"Cosmétique / dermo";"";"400ml";"";"";"";"hors médicament";"haute"
"SVR SEBIACLEAR GEL MOUSSANT FL/400ML";"12750";"Cosmétique / dermo";"";"400ml";"Gel";"";"";"hors médicament";"haute"
"SVR SERUM AMPOUL LIFT A FL/30ML";"16000";"Cosmétique / dermo";"";"30ml";"Injectable";"";"";"hors médicament";"haute"
"SVR SUN SECURE BLUR 50+ 50ML 3662361002597";"16940";"Cosmétique / dermo";"";"50ml";"";"";"";"hors médicament";"haute"
"SVR TOPIALYSE BAUME LAVANTE F/400ML";"13010";"Cosmétique / dermo";"";"400ml";"";"";"";"hors médicament";"haute"
"SVR TOPIALYSE BAUME PROT+400ML";"23500";"Cosmétique / dermo";"";"400ml";"";"";"";"hors médicament";"haute"
"SVR TOPIALYSE CREME 400ML";"15500";"Cosmétique / dermo";"";"400ml";"Crème / pommade";"";"";"hors médicament";"haute"
"SVR TOPIALYSE GEL LAVANT 400ML";"10600";"Cosmétique / dermo";"";"400ml";"Gel";"";"";"hors médicament";"haute"
"SVR TOPIALYSE GEL LAVANT FL/1L";"18630";"Cosmétique / dermo";"";"";"Gel";"";"";"hors médicament";"haute"
"SVR TOPIALYSE HLE LAVANTE MICEL F/400ML";"11945";"Cosmétique / dermo";"";"400ml";"";"";"";"hors médicament";"haute"
"SVR TOPIALYSE HUILE LAVANTE MICEL 1L";"23360";"Cosmétique / dermo";"";"";"";"";"";"hors médicament";"haute"
"SVR XERIAL 10 LAIT 400ML 3401381382124";"19000";"Cosmétique / dermo";"";"400ml";"";"";"";"hors médicament";"haute"
"SYMBICORT TURB 100/6Y";"13865";"Médicament";"Budesonide + Formoterol";"";"";"Liste I";"Bronchodilatateur, Antiasthmatique, Antiinflammatoire steroidien";"même marque dans la base PHARMACORP";"moyenne"
"SYMBICORT TURB 200/6Y";"18165";"Médicament";"Budesonide + Formoterol";"";"";"Liste I";"Bronchodilatateur, Antiasthmatique, Antiinflammatoire steroidien";"même marque dans la base PHARMACORP";"moyenne"
"SYMBICORT TURB 400/12";"18165";"Médicament";"Budesonide + Formoterol";"";"";"Liste I";"Bronchodilatateur, Antiasthmatique, Antiinflammatoire steroidien";"même marque dans la base PHARMACORP";"moyenne"
"SYMBICORT TURBUHALER 100 120 DOSES";"13865";"Médicament";"Budesonide + Formoterol";"";"";"Liste I";"Bronchodilatateur, Antiasthmatique, Antiinflammatoire steroidien";"même marque dans la base PHARMACORP";"moyenne"
"SYMBICORT TURBUHALER 200 120 DOSES";"18165";"Médicament";"Budesonide + Formoterol";"";"";"Liste I";"Bronchodilatateur, Antiasthmatique, Antiinflammatoire steroidien";"même marque dans la base PHARMACORP";"moyenne"
"SYMBICORT TURBUHALER 400 60 DOSES";"18165";"Médicament";"Budesonide + Formoterol";"";"";"Liste I";"Bronchodilatateur, Antiasthmatique, Antiinflammatoire steroidien";"même marque dans la base PHARMACORP";"moyenne"
"SYMPATHYL COMP PELLIC B/40";"2775";"Médicament";"Eschscholtzia + aubepine + oxyde de magnesium";"";"Comprimé";"ST";"Sedatif";"même marque dans la base PHARMACORP";"moyenne"
"SYNERGON AMP INJ 1ML B/3";"2635";"Médicament";"Progesterone + estrone";"1ml";"Injectable";"Liste I";"Progestatif et oestrogene";"même marque dans la base PHARMACORP";"moyenne"
"SYNRIAM 150MG/750MG COMP B/3";"3270";"Médicament";"Arterolane maleate + piperaquine phosphate";"150mg/750mg";"Comprimé";"Liste I";"Antipaludique";"même marque dans la base PHARMACORP";"moyenne"
"SYNRIAM DT 37,5/187,5MG COMP DISP B/3";"1250";"Médicament";"Arterolane maleate + piperaquine phosphate";"37,5/187,5mg";"Comprimé";"Liste I";"Antipaludique";"même marque dans la base PHARMACORP";"moyenne"
"SYNRIAM DT 37,5/187,5MG COMP DISP B/6";"2290";"Médicament";"Arterolane maleate + piperaquine phosphate";"37,5/187,5mg";"Comprimé";"Liste I";"Antipaludique";"même marque dans la base PHARMACORP";"moyenne"
"SYNRIAM DT 37,5/187,5MG COMP DISP B/9";"3465";"Médicament";"Arterolane maleate + piperaquine phosphate";"37,5/187,5mg";"Comprimé";"Liste I";"Antipaludique";"même marque dans la base PHARMACORP";"moyenne"
"SYNTOCINON 5UI AMP INJ 1ML B/3 3400931030195";"1330";"Médicament";"Oxytocine";"5ui";"Injectable";"Liste II";"Ocytocique";"même marque dans la base PHARMACORP";"moyenne"
"T AFENAC 100/500/375MG COMP B/10";"9635";"Médicament";"Aceclofenac + Chlorzoxazone + Paracetamol";"100/500/375mg";"Comprimé";"Liste II";"Antalgique, Antiinflammatoire non steroidien, Relaxant musculaire";"même marque dans la base PHARMACORP";"moyenne"
"T AFENAC 100/500/375MG COMP DETAIL";"965";"Médicament";"Aceclofenac + Chlorzoxazone + Paracetamol";"100/500/375mg";"Comprimé";"Liste II";"Antalgique, Antiinflammatoire non steroidien, Relaxant musculaire";"même marque dans la base PHARMACORP";"moyenne"
"T CET 10MG CPR B/100";"11620";"Médicament";"Cetirizine";"10mg";"Comprimé";"Liste II";"Antihistaminique";"base PHARMACORP";"haute"
"T CET 10MG CPR DETAIL";"1165";"Médicament";"Cetirizine";"10mg";"Comprimé";"Liste II";"Antihistaminique";"même marque dans la base PHARMACORP";"moyenne"
"T MEDAZOL 500MG CPR SEC B/2";"695";"Médicament";"Metronidazole";"500mg";"Comprimé";"Liste I";"Antiparasitaire (Nitro imidazoles), Antibiotique Antibacterien";"base PHARMACORP";"haute"
"T VAGIMYCIN 100MG/200MG/200MG OVULE B/3";"3910";"Médicament";"Clindamycine + Clotrimazole + Metronidazole";"100mg/200mg";"Ovule";"Liste I";"Antibacterien, Antifongique, Antiparasitaire";"même marque dans la base PHARMACORP";"moyenne"
"T-AFENAC COMP SEC DETAIL BLISTER/10";"965";"Médicament";"Aceclofenac + Chlorzoxazone + Paracetamol";"";"Comprimé";"Liste II";"Antalgique, Antiinflammatoire non steroidien, Relaxant musculaire";"même marque dans la base PHARMACORP";"moyenne"
"T-DOL 100MG/2ML IM/IV SOL INJ AMP2ML B/2";"1525";"Médicament";"Tramadol chlorhydrate";"100mg/2mL";"Injectable";"Liste I";"Analgesique";"base PHARMACORP";"haute"
"T-DOL RAPID 50MG CPR DISP B/10";"2355";"Médicament";"Tramadol chlorhydrate";"50mg";"Comprimé";"Liste I";"Analgesique";"même marque dans la base PHARMACORP";"moyenne"
"T-FER CPR B/30";"1940";"Médicament";"Fer + Vitamines";"60mg/7,5mg/15mcg/1000mcg";"Comprimé";"ST";"Antianemique";"base PHARMACORP";"haute"
"T-FER SP F/200ML";"1745";"Médicament";"MULTIVITAMINES";"200mg/100mg/50mg/45mg/15mg/5mg/5mg/1,5mg/15mcg/1000mcg";"Autre";"ST";"Supplement vitaminique";"base PHARMACORP";"haute"
"TADAGEN 20MG COMP B/1";"5575";"Médicament";"Tadalafil";"20mg";"Comprimé";"Liste I";"Troubles de l'érection";"même marque dans la base PHARMACORP";"moyenne"
"TADAL 20MG COMP.B/3";"1830";"Médicament";"Tadalafil";"20mg";"Comprimé";"Liste I";"Troubles de l'érection";"même marque dans la base PHARMACORP";"moyenne"
"TADALAFIL BGR 10MG COMP B/4";"3330";"Médicament";"Tadalafil";"10mg";"Comprimé";"";"";"DCI citée dans la désignation";"moyenne"
"TADALAFIL BIOG 20MG COMP PELL B/4";"4575";"Médicament";"Tadalafil";"20mg";"Comprimé";"";"";"DCI citée dans la désignation";"moyenne"
"TADEX 20MG CPR B/4";"2355";"Médicament";"Tadalafil";"20mg";"Comprimé";"Liste I";"Troubles de l'érection";"même marque dans la base PHARMACORP";"moyenne"
"TADEX BANANE PRESERV B/3 DETAIL";"400";"Médicament";"Tadalafil";"";"";"Liste I";"Troubles de l'érection";"même marque dans la base PHARMACORP";"moyenne"
"TADEX BANANE PRESERV B/3X25";"9825";"Médicament";"Tadalafil";"";"";"Liste I";"Troubles de l'érection";"même marque dans la base PHARMACORP";"moyenne"
"TADEX CHOCOLAT B/3 DETAIL";"400";"Médicament";"Tadalafil";"";"";"Liste I";"Troubles de l'érection";"même marque dans la base PHARMACORP";"moyenne"
"TADEX CHOCOLAT PRES.B/3X25";"10650";"Médicament";"Tadalafil";"";"";"Liste I";"Troubles de l'érection";"même marque dans la base PHARMACORP";"moyenne"
"TADEX FRAISE PRESERV B/3 DETAIL";"400";"Médicament";"Tadalafil";"";"";"Liste I";"Troubles de l'érection";"même marque dans la base PHARMACORP";"moyenne"
"TADEX FRAISE PRESERV B/3X25";"9825";"Médicament";"Tadalafil";"";"";"Liste I";"Troubles de l'érection";"même marque dans la base PHARMACORP";"moyenne"
"TADEX GEL LUBRIF BANANE SACH/3ML B/36";"13905";"Médicament";"Tadalafil";"3ml";"Poudre / sachet";"Liste I";"Troubles de l'érection";"même marque dans la base PHARMACORP";"moyenne"
"TADEX GEL LUBRIF BANANE SACH/3ML DETAIL";"400";"Médicament";"Tadalafil";"3ml";"Poudre / sachet";"Liste I";"Troubles de l'érection";"même marque dans la base PHARMACORP";"moyenne"
"TADEX GEL LUBRIF CHOCO SACH/3ML B/36";"13905";"Médicament";"Tadalafil";"3ml";"Poudre / sachet";"Liste I";"Troubles de l'érection";"même marque dans la base PHARMACORP";"moyenne"
"TADEX GEL LUBRIF CHOCO SACH/3ML DETAIL";"400";"Médicament";"Tadalafil";"3ml";"Poudre / sachet";"Liste I";"Troubles de l'érection";"même marque dans la base PHARMACORP";"moyenne"
"TADEX GEL LUBRIF MENTHE SACH/3ML B/36";"13905";"Médicament";"Tadalafil";"3ml";"Poudre / sachet";"Liste I";"Troubles de l'érection";"même marque dans la base PHARMACORP";"moyenne"
"TADEX GEL LUBRIF MENTHE SACH/3ML DETAIL";"400";"Médicament";"Tadalafil";"3ml";"Poudre / sachet";"Liste I";"Troubles de l'érection";"même marque dans la base PHARMACORP";"moyenne"
"TADEX XXL CREME T/100G";"5270";"Médicament";"Tadalafil";"100g";"Crème / pommade";"Liste I";"Troubles de l'érection";"même marque dans la base PHARMACORP";"moyenne"
"TAFLUPRO PLUS UNIDOSE COLLYRE B/30";"16640";"Médicament";"Tafluprost";"";"Collyre";"";"";"DCI citée dans la désignation";"moyenne"
"TAFLUPRO UNIDOSE COLLYRE B/30";"15250";"Médicament";"Tafluprost";"";"Collyre";"";"";"DCI citée dans la désignation";"moyenne"
"TAHOR 10MG COMP B/28";"13630";"Médicament";"Atorvastatine";"10mg";"Comprimé";"Liste I";"Hypocholesterolemiant (Statines)";"même marque dans la base PHARMACORP";"moyenne"
"TALC DE VENISE GILB POUDREUSE 100G";"3705";"Médicament";"Magnesium silicate";"100g";"Poudre / sachet";"ST";"Hygiene de la peau";"même marque dans la base PHARMACORP";"moyenne"
"TALC DE VENISE PDSE/1";"3530";"Médicament";"Magnesium silicate";"";"";"ST";"Hygiene de la peau";"même marque dans la base PHARMACORP";"moyenne"
"TALODOL 50MG GELULE B/10";"2525";"Médicament";"Tramadol chlorhydrate";"50mg";"Gélule";"Liste I";"Analgesique";"même marque dans la base PHARMACORP";"moyenne"
"TALODOL P 37,5/325MG COMP B/10";"2720";"Médicament";"Tramadol chlorhydrate";"37,5/325mg";"Comprimé";"Liste I";"Analgesique";"même marque dans la base PHARMACORP";"moyenne"
"TAMIGEN COLLYRE+GTTE AURICULAIRE FL/5ML";"1080";"Médicament";"Gentamicine";"5ml";"Collyre";"Liste I";"Antibiotique Antibacterien (Aminosides)";"même marque dans la base PHARMACORP";"moyenne"
"TAMSULOSINE MYLAN LP 0,4MG COMP B/30";"5285";"Médicament";"Tamsulosine chlorhydrate";"0,4mg";"Comprimé";"";"";"DCI citée dans la désignation";"moyenne"
"TAMSULOSINE SDZ LP0,4MG GELULE B/30";"6000";"Médicament";"Tamsulosine chlorhydrate";"0,4mg";"Gélule";"";"";"DCI citée dans la désignation";"moyenne"
"TAMSULOSINE VIATRIS COMP B/30 3400941772153";"6585";"Médicament";"Tamsulosine chlorhydrate";"";"Comprimé";"";"";"DCI citée dans la désignation";"moyenne"
"TAMSULOSINE VIATRIS GELULE B/30";"6585";"Médicament";"Tamsulosine chlorhydrate";"";"Gélule";"";"";"DCI citée dans la désignation";"moyenne"
"TANAGEL 250MG SACH B/20";"3660";"Médicament";"Tanate de gelatine";"250mg";"Poudre / sachet";"ST";"Antidiarrheique";"même marque dans la base PHARMACORP";"moyenne"
"TANAGEL 500MG GEL B/15";"4300";"Médicament";"Tanate de gelatine";"500mg";"Gélule";"ST";"Antidiarrheique";"même marque dans la base PHARMACORP";"moyenne"
"TANAKAN 40MG CP B/30";"6115";"Médicament";"Ginkgo biloba";"40mg";"Comprimé";"ST";"Tonifiant, Vasodilatateur";"même marque dans la base PHARMACORP";"moyenne"
"TANAKAN GTTE BUV FL/30ML";"6115";"Médicament";"Ginkgo biloba";"40mg/mL";"Injectable";"ST";"Tonifiant, Vasodilatateur";"base PHARMACORP";"haute"
"TANGANIL 500MG INJ AMP5ML DETAIL";"500";"Médicament";"Acetyl-dl-leucine";"500mg";"Injectable";"ST";"Antivertigineux";"même marque dans la base PHARMACORP";"moyenne"
"TANGANIL AMP INJ 5ML B/5";"2470";"Médicament";"Acetyl-dl-leucine";"5ml";"Injectable";"ST";"Antivertigineux";"même marque dans la base PHARMACORP";"moyenne"
"TANGANILPRO 500MG CPR B/30";"4255";"Médicament";"Acetylleucine";"500mg";"Comprimé";"";"";"identification manuelle (marque)";"moyenne"
"TARDYFERON 20MG/ML ENF/AD SOL BUV FL/90ML";"5410";"Médicament";"Sulfate ferreux";"20mg";"";"";"";"identification manuelle (marque)";"moyenne"
"TARDYFERON 20MG/ML NN SOL BUV FL/45ML";"3120";"Médicament";"Sulfate ferreux";"20mg";"";"";"";"identification manuelle (marque)";"moyenne"
"TARDYFERON 80MG COMP B/30";"2925";"Médicament";"Sulfate ferreux";"80mg";"Comprimé";"";"";"identification manuelle (marque)";"moyenne"
"TARDYFERON B9 CPR DRG B/30";"3105";"Médicament";"Sulfate ferreux + Acide folique";"";"Comprimé";"";"";"identification manuelle (marque)";"moyenne"
"TARTIZOLE 150MG COMP B/1";"1385";"Médicament";"Fluconazole";"150mg";"Comprimé";"Liste I";"Antifongique, Antimycosique";"même marque dans la base PHARMACORP";"moyenne"
"TAVANIC 500MG CP B/5";"13865";"Médicament";"Levofloxacine";"500mg";"Comprimé";"Liste I";"Antibacterien (Quinolone 2 generation), Antibiotique";"même marque dans la base PHARMACORP";"moyenne"
"TAXEFIM 1G/5ML AMP INJ B/1";"4855";"Médicament";"Cefotaxime";"1g/5ml";"Injectable";"";"";"identification manuelle (marque)";"à vérifier"
"TD-LP 20MG COMP B/4";"4160";"Médicament";"Tadalafil";"20mg";"Comprimé";"Liste I";"Troubles de l'érection";"même marque dans la base PHARMACORP";"moyenne"
"TEDRALAN LP 200MG GELULE B/30";"2415";"Médicament";"Theophylline";"200mg";"Gélule";"ST";"Bronchodilatateur";"même marque dans la base PHARMACORP";"moyenne"
"TEGRETOL 2% SUSP FL/150ML";"3190";"Médicament";"Carbamazepine";"2%";"Suspension buvable";"Liste II";"Antiepileptique (Anticonvulsivant non barbiturique)";"même marque dans la base PHARMACORP";"moyenne"
"TEGRETOL 200MG COMP B/50";"6130";"Médicament";"Carbamazepine";"200mg";"Comprimé";"Liste II";"Antiepileptique (Anticonvulsivant non barbiturique)";"même marque dans la base PHARMACORP";"moyenne"
"TEGRETOL LP 200MG COMP B/30";"3870";"Médicament";"Carbamazepine";"200mg";"Comprimé";"Liste II";"Antiepileptique (Anticonvulsivant non barbiturique)";"même marque dans la base PHARMACORP";"moyenne"
"TEGRETOL LP 400MG (F) COMP B/30";"7350";"Médicament";"Carbamazepine";"400mg";"Comprimé";"Liste II";"Antiepileptique (Anticonvulsivant non barbiturique)";"même marque dans la base PHARMACORP";"moyenne"
"TEGRETOL LP 400MG COMP B/30";"7350";"Médicament";"Carbamazepine";"400mg";"Comprimé";"Liste II";"Antiepileptique (Anticonvulsivant non barbiturique)";"même marque dans la base PHARMACORP";"moyenne"
"TEGUMA 1% CR T/15G";"3205";"Médicament";"Terbinafine chlorhydrate";"1 %";"Crème / pommade / gel";"Liste II";"Antifongique, Antimycosique";"base PHARMACORP";"haute"
"TELI 40MG CPR B/30";"6380";"Médicament";"Telmisartan";"40mg";"Comprimé";"";"";"identification manuelle (marque)";"moyenne"
"TELI 80MG COMP B/30";"9150";"Médicament";"Telmisartan";"80mg";"Comprimé";"";"";"identification manuelle (marque)";"moyenne"
"TELI H 40MG/12,5MG CP B/30";"11090";"Médicament";"Telmisartan + Hydrochlorothiazide";"40mg/12,5mg";"Comprimé";"";"";"identification manuelle (marque)";"moyenne"
"TELMICLAR 40MG COMP,B/30";"6240";"Médicament";"Telmisartan";"40mg";"Comprimé";"";"";"identification manuelle (marque)";"moyenne"
"TELMICLAR 80MG COMP,B/30";"8320";"Médicament";"Telmisartan";"80mg";"Comprimé";"";"";"identification manuelle (marque)";"moyenne"
"TELMICLAR AM 40MG/10MG COMP B/30";"9705";"Médicament";"Telmisartan";"40mg/10mg";"Comprimé";"";"";"identification manuelle (marque)";"moyenne"
"TELMICLAR AM 80MH/10MG COMP.B/30";"11340";"Médicament";"Telmisartan";"10mg";"Comprimé";"";"";"identification manuelle (marque)";"moyenne"
"TELMICLAR HCTZ 40MG COMP B/30";"9150";"Médicament";"Telmisartan + Hydrochlorothiazide";"40mg";"Comprimé";"";"";"identification manuelle (marque)";"moyenne"
"TELMICLAR HCTZ 80MG COMP.B/30";"10400";"Médicament";"Telmisartan + Hydrochlorothiazide";"80mg";"Comprimé";"";"";"identification manuelle (marque)";"moyenne"
"TELMICLAR HTZ 80MG/12.5MG COMP.B/30";"10630";"Médicament";"Telmisartan";"80mg/12.5mg";"Comprimé";"";"";"identification manuelle (marque)";"moyenne"
"TELMIS-A 40MG/10MG CP B/28";"11760";"Médicament";"Telmisartan + Hydrochlorothiazide";"40mg/10mg";"Comprimé";"Liste I";"Antihypertenseur (ARAII + DT)";"même marque dans la base PHARMACORP";"moyenne"
"TELMIS-A 40MG/5MG CPR B/28";"9940";"Médicament";"Telmisartan + Hydrochlorothiazide";"40mg/5mg";"Comprimé";"Liste I";"Antihypertenseur (ARAII + DT)";"même marque dans la base PHARMACORP";"moyenne"
"TELMIS-A 80MG/10MG CP B/28";"12840";"Médicament";"Telmisartan + Hydrochlorothiazide";"80mg/10mg";"Comprimé";"Liste I";"Antihypertenseur (ARAII + DT)";"même marque dans la base PHARMACORP";"moyenne"
"TELMIS-H 40MG/12,5MG COMP B/28";"9955";"Médicament";"Telmisartan + Hydrochlorothiazide";"40mg/12,5mg";"Comprimé";"Liste I";"Antihypertenseur (ARAII + DT)";"même marque dans la base PHARMACORP";"moyenne"
"TELTARTAN CPR 40MG B/30";"5545";"Médicament";"Telmisartan";"40mg";"Comprimé";"Liste I";"Antihypertenseur (ARAII)";"même marque dans la base PHARMACORP";"moyenne"
"TELTARTAN CPR 80MG B/30";"9705";"Médicament";"Telmisartan";"80mg";"Comprimé";"Liste I";"Antihypertenseur (ARAII)";"même marque dans la base PHARMACORP";"moyenne"
"TEMERIT 5MG CPR B/30";"10400";"Médicament";"Nebivolol";"5mg";"Comprimé";"";"";"identification manuelle (marque)";"moyenne"
"TEMERIT DUO 5MG/12,5MG COMP B/30";"10815";"Médicament";"Nebivolol + Hydrochlorothiazide";"5mg/12,5mg";"Comprimé";"";"";"identification manuelle (marque)";"moyenne"
"TEMERIT DUO 5MG/25MG COMP B/30";"10815";"Médicament";"Nebivolol + Hydrochlorothiazide";"5mg/25mg";"Comprimé";"";"";"identification manuelle (marque)";"moyenne"
"TEMESTA 1MG CP B/30";"1275";"Médicament";"Lorazepam";"1mg";"Comprimé";"Liste I";"Anxiolytique (BZD)";"base PHARMACORP";"haute"
"TEMESTA 2,5MG CP B/30";"2730";"Médicament";"Lorazepam";"2,5mg";"Comprimé";"Liste I";"Anxiolytique (BZD)";"base PHARMACORP";"haute"
"TENBETAL 100MG COMP B/20";"5755";"Médicament";"Labetalol";"100mg";"Comprimé";"";"";"identification manuelle (marque)";"à vérifier"
"TENBETAL 50MG/10ML INJ,DETAIL B/1";"1665";"Médicament";"Labetalol";"50mg/10ml";"Injectable";"";"";"identification manuelle (marque)";"à vérifier"
"TENBETAL 50MG/10ML SOL INJECT B/5";"8320";"Médicament";"Labetalol";"50mg/10ml";"Injectable";"";"";"identification manuelle (marque)";"à vérifier"
"TENDOFIRM 200/75/100MG GELULE B/10";"3815";"";"";"200/75/100mg";"Gélule";"";"";"non identifié";"à vérifier"
"TENORETIC 50/12,5MG COMP B/30";"5865";"Médicament";"Atenolol + Chlortalidone";"50/12,5mg";"Comprimé";"Liste I";"Antihypertenseur (Betabloquant + Diuretique)";"même marque dans la base PHARMACORP";"moyenne"
"TENORMINE 100MG CP B/30";"8710";"Médicament";"Atenolol";"100mg";"Comprimé";"Liste I";"Antiarythmique, Antihypertenseur, Antiangoreux";"même marque dans la base PHARMACORP";"moyenne"
"TENORMINE 50MG CP B/30";"4120";"Médicament";"Atenolol";"50mg";"Comprimé";"Liste I";"Antiarythmique, Antihypertenseur, Antiangoreux";"même marque dans la base PHARMACORP";"moyenne"
"TENOVIR 300MG CP B/30";"7045";"Médicament";"Tenofovir";"300mg";"Comprimé";"Liste I";"Antiviral";"même marque dans la base PHARMACORP";"moyenne"
"TENSICARD 50MG CP B/30";"3415";"Médicament";"Atenolol";"50mg";"Comprimé";"";"";"identification manuelle (marque)";"moyenne"
"TENSICARD AM 50/5MG COMP B/30";"13105";"Médicament";"Atenolol + Amlodipine";"50/5mg";"Comprimé";"";"";"identification manuelle (marque)";"moyenne"
"TENSIO POIG AUT FAZ LD752";"24750";"Dispositif médical / consommable";"";"";"";"";"";"hors médicament";"haute"
"TENSIOMETRE AUTOM POIGNET TORM KD-7920";"29020";"Dispositif médical / consommable";"";"";"";"";"";"hors médicament";"haute"
"TENSIOMETRE AUTOM TORM BRAS BP 3KD1";"39525";"Dispositif médical / consommable";"";"";"";"";"";"hors médicament";"haute"
"TENSIOMETRE AUTOMATIQUE POIG TOM KD-7920";"29110";"Dispositif médical / consommable";"";"";"";"";"";"hors médicament";"haute"
"TENSIOMETRE BRAS LABELL/1";"28770";"Dispositif médical / consommable";"";"";"";"";"";"hors médicament";"haute"
"TENSIOMETRE LABELL POIGNET B/1";"22020";"Dispositif médical / consommable";"";"";"";"";"";"hors médicament";"haute"
"TENSIONORME COMP B/24";"1760";"Médicament";"Bendroflumethiazide + reserpine";"";"Comprimé";"Liste II";"Antihypertenseur (Diuretique + Reserpine)";"même marque dans la base PHARMACORP";"moyenne"
"TENSOCOLD SPRAY CRYOGENE FL/400ML";"11055";"Dispositif médical / consommable";"";"400ml";"Spray";"";"";"hors médicament";"haute"
"TENSOPLAST HB 2,5MX10";"5885";"Dispositif médical / consommable";"";"";"";"";"";"hors médicament";"haute"
"TENSOPLAST HB 2,5MX10CM B/1";"6005";"Dispositif médical / consommable";"";"";"";"";"";"hors médicament";"haute"
"TENSOPLAST HB 2,5MX15CM B/1";"9000";"Dispositif médical / consommable";"";"";"";"";"";"hors médicament";"haute"
"TENSOPLAST HB 2,5MX20CM B/1";"12250";"Dispositif médical / consommable";"";"";"";"";"";"hors médicament";"haute"
"TENSOPLAST HB 2,5MX3C";"2390";"Dispositif médical / consommable";"";"";"";"";"";"hors médicament";"haute"
"TENSOPLAST HB 2,5MX3CM B/1";"2390";"Dispositif médical / consommable";"";"";"";"";"";"hors médicament";"haute"
"TENSOPLAST HB 2,5MX6C";"3825";"Dispositif médical / consommable";"";"";"";"";"";"hors médicament";"haute"
"TENSOPLAST HB 2,5MX6CM B/1";"3930";"Dispositif médical / consommable";"";"";"";"";"";"hors médicament";"haute"
"TENSOPLAST HB 2,5MX8C";"4770";"Dispositif médical / consommable";"";"";"";"";"";"hors médicament";"haute"
"TENSOPLAST HB 2,5MX8CM B/1";"4930";"Dispositif médical / consommable";"";"";"";"";"";"hors médicament";"haute"
"TENSOPLAST STK KIT TRACT ADH AD B/1 4042809105773";"9535";"Dispositif médical / consommable";"";"";"";"";"";"hors médicament";"haute"
"TENSOPLAST STK KIT TRACTI ADH ENF B/1 4042809073843";"7570";"Dispositif médical / consommable";"";"";"";"";"";"hors médicament";"haute"
"TERBINOL 250MG CPR B/14";"11090";"Médicament";"Terbinafine chlorhydrate";"250mg";"Comprimé";"Liste II";"Antifongique, Antimycosique";"même marque dans la base PHARMACORP";"moyenne"
"TERBINOL CREME T/15G";"3120";"Médicament";"Terbinafine chlorhydrate";"15g";"Crème / pommade";"Liste II";"Antifongique, Antimycosique";"même marque dans la base PHARMACORP";"moyenne"
"TERFINA 1% CREME T/15G";"2340";"Médicament";"Terbinafine chlorhydrate";"1%";"Crème / pommade";"Liste II";"Antifongique, Antimycosique";"même marque dans la base PHARMACORP";"moyenne"
"TERGYNAN COMP GYN (F) B/10";"3660";"Médicament";"Ternidazole + neomycine + nystatine + prednisolone";"";"Comprimé";"Liste I";"Antibacterien, Antimycosique, Antiinflammatoire steroidien";"même marque dans la base PHARMACORP";"moyenne"
"TERGYNAN COMP GYN AFR B/10";"3330";"Médicament";"Ternidazole + neomycine + nystatine + prednisolone";"";"Comprimé";"Liste I";"Antibacterien, Antimycosique, Antiinflammatoire steroidien";"même marque dans la base PHARMACORP";"moyenne"
"TERGYNAN CPR VAGINAUX B/6";"2205";"Médicament";"Ternidazole + neomycine + nystatine + prednisolone";"";"Comprimé";"Liste I";"Antibacterien, Antimycosique, Antiinflammatoire steroidien";"même marque dans la base PHARMACORP";"moyenne"
"TERLOMEXIN 200MG OVULE B/3";"4160";"Médicament";"Fenticonazole nitrate";"200mg";"Ovule";"ST";"Antifongique, Antimycosique";"même marque dans la base PHARMACORP";"moyenne"
"TERPONE ENF SP F/180ML";"1955";"Médicament";"Terpine + he pin + he niaouli + he eucalyptus";"180ml";"Sirop";"ST";"Antitussif, Expectorant";"même marque dans la base PHARMACORP";"moyenne"
"TERPONE SP AD FL/180ML";"2050";"Médicament";"Terpine + he pin + he niaouli + he eucalyptus";"200mg/45mg/45mg/45mg/100mL";"Injectable";"ST";"Antitussif, Expectorant";"base PHARMACORP";"haute"
"TEST DE GLYCEMIE";"1000";"Dispositif médical / consommable";"";"";"";"";"";"hors médicament";"haute"
"TEST DE GLYCEMIE+ ACIDE URIQUE";"2000";"Dispositif médical / consommable";"";"";"";"";"";"hors médicament";"haute"
"TEST FERTILITE MASCULIN B/1";"1250";"Dispositif médical / consommable";"";"";"";"";"";"hors médicament";"haute"
"TEST GROSSESSE FLAVIENNE B/1";"1745";"Dispositif médical / consommable";"";"";"";"";"";"hors médicament";"haute"
"TEST GROSSESSE INSTANT VIEW HCG B/1";"2665";"Dispositif médical / consommable";"";"";"";"";"";"hors médicament";"haute"
"TEST GROSSESSE SURETEST B/1 3401048324184";"1950";"Dispositif médical / consommable";"";"";"";"";"";"hors médicament";"haute"
"TEST GROSSESSE UBI BANDELETTES B/20";"8600";"Dispositif médical / consommable";"";"";"";"";"";"hors médicament";"haute"
"TEST GROSSESSE UBI MIDSTREAM B/1";"1685";"Dispositif médical / consommable";"";"";"";"";"";"hors médicament";"haute"
"TEST GROSSESSE UBI TEST DETAIL B/1";"430";"Dispositif médical / consommable";"";"";"";"";"";"hors médicament";"haute"
"TEST MALARIA PV/PF KIT B/1";"1000";"Dispositif médical / consommable";"";"";"";"";"";"hors médicament";"haute"
"TEST OVULATION FLAVIENNE B/7";"12185";"Dispositif médical / consommable";"";"";"";"";"";"hors médicament";"haute"
"TEST RAPID VIH SANGUIN B/1";"5500";"Dispositif médical / consommable";"";"";"";"";"";"hors médicament";"haute"
"TEST RAPID VIH1/VIH2 URINAIRE B/1";"6000";"Dispositif médical / consommable";"";"";"";"";"";"hors médicament";"haute"
"TEST RAPIDE DE FILARIOSE";"1500";"Dispositif médical / consommable";"";"";"";"";"";"hors médicament";"haute"
"TEST TYPHOIDE SANGUIN B/1";"750";"Dispositif médical / consommable";"";"";"";"";"";"hors médicament";"haute"
"TETANUS ANTITOXIN 1500UI INJ B/1";"4160";"Médicament";"Antitoxine tétanique equine";"1500ui";"Injectable";"";"";"DCI citée dans la désignation";"moyenne"
"TETAVIN 1500UI/ML B/1";"4990";"Médicament";"Immunoglobuline tetanique humaine";"1500ui";"";"";"";"identification manuelle (marque)";"moyenne"
"TETINE REM NN CA EXCEN 140000 3167671400007";"2750";"Dispositif médical / consommable";"";"";"";"";"";"hors médicament";"haute"
"TETINE REM VARI CA";"2985";"Dispositif médical / consommable";"";"";"";"";"";"hors médicament";"haute"
"TETINE SILIC GRAVIS 1 AGE SCH/1";"1380";"Dispositif médical / consommable";"";"";"";"";"";"hors médicament";"haute"
"TETINE SILIC GRAVIS 2 AGE SCH/1";"1440";"Dispositif médical / consommable";"";"";"";"";"";"hors médicament";"haute"
"THE CATHERINE SACH B/32";"10540";"Cosmétique / dermo";"";"";"Poudre / sachet";"";"";"hors médicament";"haute"
"THE ORDINARY ACID GLYCOLIC 7% 240ML";"22000";"Cosmétique / dermo";"";"7%";"";"";"";"hors médicament";"haute"
"THE ORDINARY ACID LACTIC 10% FL/30ML";"10000";"Cosmétique / dermo";"";"10%";"";"";"";"hors médicament";"haute"
"THE ORDINARY AHA+BHA FL/30ML";"10000";"Cosmétique / dermo";"";"30ml";"";"";"";"hors médicament";"haute"
"THE ORDINARY CAFFEINE+EGCG FL/30ML";"10000";"Cosmétique / dermo";"";"30ml";"";"";"";"hors médicament";"haute"
"THE ORDINARY EUK 134*0,1% FL/30ML";"10000";"Cosmétique / dermo";"";"0,1%";"";"";"";"hors médicament";"haute"
"THEALOSE COLLYRE FL/10ML 3662042003295";"8900";"Médicament";"Trehalose";"10ml";"Collyre";"";"";"identification manuelle (marque)";"moyenne"
"THERALENE 0,05% SP FL/150ML";"1055";"Médicament";"Alimemazine";"0,05%";"Sirop";"Liste I";"Antihistaminique, Antitussif, hypnotique (Phenothiazines)";"même marque dans la base PHARMACORP";"moyenne"
"THERALENE 4% GTTE FL/30ML";"1595";"Médicament";"Alimemazine";"4%";"Gouttes";"Liste I";"Antihistaminique, Antitussif, hypnotique (Phenothiazines)";"même marque dans la base PHARMACORP";"moyenne"
"THERMO DERM POMMADE DERM T/75G";"6340";"";"";"75g";"Crème / pommade";"";"";"non identifié";"à vérifier"
"THERMOM ELECTRI ECO CPF B/1 3401081724330";"3550";"Dispositif médical / consommable";"";"";"";"";"";"hors médicament";"haute"
"THERMOMETRE BIOSYNEX RIGID B/1";"4045";"Dispositif médical / consommable";"";"";"";"";"";"hors médicament";"haute"
"THERMOMETRE CLINIQUE ORDINAIRE PACK/12";"12000";"Dispositif médical / consommable";"";"";"";"";"";"hors médicament";"haute"
"THERMOMETRE CLINIQUE ORDINAIRE/1";"1200";"Dispositif médical / consommable";"";"";"";"";"";"hors médicament";"haute"
"THERMOMETRE DIGIT ETAN PHD/1";"2850";"Dispositif médical / consommable";"";"";"";"";"";"hors médicament";"haute"
"THERMOMETRE DIGITAL LABELL/1";"2830";"Dispositif médical / consommable";"";"";"";"";"";"hors médicament";"haute"
"THIOBACTIN 250MG/5ML SUSP BUV FL/60ML";"4380";"Médicament";"Thiamphenicol";"250mg/5ml";"Suspension buvable";"Liste I";"Antibiotique Antibacterien ( Phenicoles)";"même marque dans la base PHARMACORP";"moyenne"
"THIOBACTIN 500MG CP B/24";"9000";"Médicament";"Thiamphenicol";"500mg";"Comprimé";"Liste I";"Antibiotique Antibacterien ( Phenicoles)";"base PHARMACORP";"haute"
"THIOTACID 600MG CPR B/20";"6655";"Médicament";"Acide thioctique";"600mg";"Comprimé";"ST";"Complement alimentaire";"base PHARMACORP";"haute"
"THYROZOL 10MG CP B/30";"4020";"Médicament";"Thiamazole";"10mg";"Comprimé";"ST";"Antithyroidien";"même marque dans la base PHARMACORP";"moyenne"
"THYROZOL 20MG CP B/30";"4330";"Médicament";"Thiamazole";"20mg";"Comprimé";"ST";"Antithyroidien";"même marque dans la base PHARMACORP";"moyenne"
"THYROZOL 20MG CP B/30 (F)";"4500";"Médicament";"Thiamazole";"20mg";"Comprimé";"ST";"Antithyroidien";"même marque dans la base PHARMACORP";"moyenne"
"TIAPRIDAL 100MG CP B/20";"2440";"Médicament";"Tiapride";"100mg";"Comprimé";"Liste I";"Neuroleptique, Antipsychotique";"même marque dans la base PHARMACORP";"moyenne"
"TIBERAL 500MG COMP B/3";"3660";"Médicament";"Ornidazole";"500mg";"Comprimé";"Liste I";"Antibacterien, Antiparasitaire (Nitro imidazoles)";"même marque dans la base PHARMACORP";"moyenne"
"TICASSE 200/28MG PDRE SUSP BUV FL/70ML";"2535";"Médicament";"Amoxicilline + Acide clavulanique";"200/28mg";"Suspension buvable";"Liste I";"Antibiotique Antibacterien (Penicillines)";"même marque dans la base PHARMACORP";"moyenne"
"TICASSE 400/57MG PDRE SUSP BUV FL/70ML";"4645";"Médicament";"Amoxicilline + Acide clavulanique";"400/57mg";"Suspension buvable";"Liste I";"Antibiotique Antibacterien (Penicillines)";"même marque dans la base PHARMACORP";"moyenne"
"TICASSE 500/125MG COMP B/15";"5075";"Médicament";"Amoxicilline + Acide clavulanique";"500/125mg";"Comprimé";"Liste I";"Antibiotique Antibacterien (Penicillines)";"même marque dans la base PHARMACORP";"moyenne"
"TICASSE 875/125MG COMP B/14";"8875";"Médicament";"Amoxicilline + Acide clavulanique";"875/125mg";"Comprimé";"Liste I";"Antibiotique Antibacterien (Penicillines)";"même marque dans la base PHARMACORP";"moyenne"
"TILCOTIL 20MG COMP PELL B/15";"3815";"Médicament";"Tenoxicam";"20mg";"Comprimé";"Liste I";"Antiinflammatoire non steroidien";"même marque dans la base PHARMACORP";"moyenne"
"TILL SOLUTION FL/200ML";"4150";"Médicament";"Irgasan dp 300";"200ml";"";"ST";"Cicatrisant, Antiseptique externe";"même marque dans la base PHARMACORP";"moyenne"
"TIMOPTOL 0,25% COLLYRE FL/5ML";"7115";"Médicament";"Timolol maleate";"0,25%";"Collyre";"Liste I";"Antiglaucomateux";"même marque dans la base PHARMACORP";"moyenne"
"TIMOPTOL 0,50% CY FL/3ML";"7695";"Médicament";"Timolol maleate";"0,50%";"";"Liste I";"Antiglaucomateux";"même marque dans la base PHARMACORP";"moyenne"
"TIMOSOL 0,5% COLL F/5ML";"1235";"Médicament";"Timolol maleate";"0,5%";"Collyre";"Liste I";"Antiglaucomateux";"même marque dans la base PHARMACORP";"moyenne"
"TINAZOL COMP B/4";"1385";"Médicament";"Tinidazole";"";"Comprimé";"Liste I";"Antiinfectieux, Antiparasitaire (Nitro imidazoles)";"même marque dans la base PHARMACORP";"moyenne"
"TINILON 500MG/600MG COMP B/10";"5545";"Médicament";"Ciprofloxacine chlorhydrate + Tinidazole";"500mg/600mg";"Comprimé";"Liste I";"Antiparasitaire ( Nitro imidazoles + Quinolone 2 génération), Antibiotique Antibacterien";"même marque dans la base PHARMACORP";"moyenne"
"TIORFAN 100MG GELULE B/20 3400933496777";"4575";"Médicament";"Racecadotril";"100mg";"Gélule";"Liste I";"Antidiarrheique, Antisecretoire intestinal";"même marque dans la base PHARMACORP";"moyenne"
"TIORFAN 10MG BB SACH B/16";"4575";"Médicament";"Racecadotril";"10mg";"Poudre / sachet";"Liste I";"Antidiarrheique, Antisecretoire intestinal";"même marque dans la base PHARMACORP";"moyenne"
"TIORFAN 30MG ENF SACH B/30";"4575";"Médicament";"Racecadotril";"30mg";"Poudre / sachet";"Liste I";"Antidiarrheique, Antisecretoire intestinal";"même marque dans la base PHARMACORP";"moyenne"
"TIRVEL 0,5MG/ML SP FL/30ML";"1665";"Médicament";"Desloratadine";"0,5mg";"Sirop";"";"";"identification manuelle (marque)";"à vérifier"
"TIRVEL 5MG COMP B/10";"1665";"Médicament";"Desloratadine";"5mg";"Comprimé";"";"";"identification manuelle (marque)";"à vérifier"
"TITAN GEL GOLD F/50ML";"10000";"Hygiène";"";"50ml";"Gel";"";"";"hors médicament";"haute"
"TITANOREINE LIDO CREME RECTALE T/20G";"7485";"Médicament";"Carraghenates + dioxyde de titane + oxyde de zinc";"20g";"Crème / pommade";"ST";"Antihemorroidaire";"même marque dans la base PHARMACORP";"moyenne"
"TITANOREINE SUPPO B/12 3400932300778";"9720";"Médicament";"Carraghenates + dioxyde de titane + oxyde de zinc";"";"Suppositoire";"ST";"Antihemorroidaire";"même marque dans la base PHARMACORP";"moyenne"
"TIVASONE S PDE T/30G";"4160";"Médicament";"Clobetasol + Acide salicylique";"0,5mg/60mg";"Autre";"Liste I";"Antiinflammatoire steroidien, Dermocorticoide";"base PHARMACORP";"haute"
"TOBRACORT 0,1/0,3G/100ML COLLYRE FL/5ML";"3120";"Médicament";"Dexamethasone + Tobramycine";"0,1/0,3g/100ml";"Collyre";"Liste I";"Antiinflammatoire steroidien, Antibiotique Antibacterien";"même marque dans la base PHARMACORP";"moyenne"
"TOBRADEX CY FL/5ML";"3690";"Médicament";"Dexamethasone + Tobramycine";"1mg/3mg";"Injectable";"Liste I";"Antiinflammatoire steroidien, Antibiotique Antibacterien";"base PHARMACORP";"haute"
"TOBRADEX POM OPHT T/3,5G";"3950";"Médicament";"Dexamethasone + Tobramycine";"3,5g";"Crème / pommade";"Liste I";"Antiinflammatoire steroidien, Antibiotique Antibacterien";"même marque dans la base PHARMACORP";"moyenne"
"TOBREX 0,3% CY FL/5ML";"2080";"Médicament";"Tobramycine";"0,3%";"";"Liste I";"Antiinfectieux, Antibacterien (Aminosides et apparentes)";"même marque dans la base PHARMACORP";"moyenne"
"TOCFIM 100MG/5ML PDRE SUSP BUV FL/60ML";"5555";"Médicament";"Cefixime";"100mg/5ml";"Suspension buvable";"Liste I";"Antibiotique Antibacterien (Cephalosporines 3 generation)";"même marque dans la base PHARMACORP";"moyenne"
"TOCID 20MG GEL B/10 DETAIL";"1065";"Médicament";"Omeprazole";"20mg";"Gélule";"Liste II";"Antiulcereux (IPP)";"même marque dans la base PHARMACORP";"moyenne"
"TOCID 20MG GEL B/100";"10565";"Médicament";"Omeprazole";"20mg";"Crème / pommade / gel";"Liste II";"Antiulcereux (IPP)";"base PHARMACORP";"haute"
"TOCO 500 CAPS B/30";"3370";"Médicament";"Alpha tocopherol (Vit E)";"";"Gélule";"ST";"Antioxydant, Carence en Vit E";"même marque dans la base PHARMACORP";"moyenne"
"TOCOVID 50MG CAPS B/30";"10950";"Médicament";"MULTIVITAMINES";"50mg";"Gélule";"ST";"Supplement vitaminique";"même marque dans la base PHARMACORP";"moyenne"
"TOFLOX 200 COMP. PELL B/10";"2985";"Médicament";"Ofloxacine";"";"Comprimé";"Liste I";"Antibiotique Antibacterien (Quinolone 2 generation)";"même marque dans la base PHARMACORP";"moyenne"
"TONIFER SIROP FL 200ML";"1940";"Médicament";"Citrate d'ammonium ferrique + Acide folique + Vitamine B12";"200ml";"Sirop";"ST";"Antianemique";"même marque dans la base PHARMACORP";"moyenne"
"TONIFIP GEL B/40";"8305";"Médicament";"Ginseng rouge + Gingembre + Vitamine C + Zinc + Gelee royale";"multidosage";"Crème / pommade / gel";"ST";"Complement alimentaire";"base PHARMACORP";"haute"
"TONLUM 20/120MG COMP.B/24";"3050";"Médicament";"Artemether + Lumefantrine";"20/120mg";"Comprimé";"Liste I";"Antipaludique";"même marque dans la base PHARMACORP";"moyenne"
"TONLUM 20MG/120MG COMP DISP B/6";"970";"Médicament";"Artemether + Lumefantrine";"20mg/120mg";"Comprimé";"Liste I";"Antipaludique";"même marque dans la base PHARMACORP";"moyenne"
"TONLUM 80/480MG CPR B/6";"3050";"Médicament";"Artemether + Lumefantrine";"80mg/480mg";"Comprimé";"Liste I";"Antipaludique";"base PHARMACORP";"haute"
"TOP 3 KIT CPR B/4";"6935";"Médicament";"Azithromycine + Fluconazole + Secnidazole";"1g/150mg/1g";"Comprimé";"Liste I";"Antifongique, Antiparasitaire, Antibiotique Antibacterien (Macrolides)";"base PHARMACORP";"haute"
"TOP VIRGIN GEL FL/60ML";"25000";"Médicament";"Azithromycine + Fluconazole + Secnidazole";"60ml";"Gel";"Liste I";"Antifongique, Antiparasitaire, Antibiotique Antibacterien (Macrolides)";"même marque dans la base PHARMACORP";"moyenne"
"TOPALGIC LP 100MG COMP.B/30 3400934314278";"7945";"Médicament";"Tramadol chlorhydrate";"100mg";"Comprimé";"Liste I";"Analgesique";"même marque dans la base PHARMACORP";"moyenne"
"TOPICREM AC CONTROL ANTI-IMPERF T/40ML";"11500";"Cosmétique / dermo";"";"40ml";"Injectable";"";"";"hors médicament";"haute"
"TOPICREM AC CONTROL SERUM INTENS FL/34ML";"13440";"Cosmétique / dermo";"";"34ml";"";"";"";"hors médicament";"haute"
"TOPICREM AC CTRL SOIN EQUILIBR CR T/40ML";"11500";"Cosmétique / dermo";"";"40ml";"Crème / pommade";"";"";"hors médicament";"haute"
"TOPICREM AC EAU MICEL PURIFIANT FL/200ML";"8300";"Cosmétique / dermo";"";"200ml";"";"";"";"hors médicament";"haute"
"TOPICREM AC EAU MICEL PURIFIANT FL/400ML";"9715";"Cosmétique / dermo";"";"400ml";"";"";"";"hors médicament";"haute"
"TOPICREM AC NETT PURIF GEL FL/200ML";"9585";"Cosmétique / dermo";"";"200ml";"Gel";"";"";"hors médicament";"haute"
"TOPICREM AC SER INTENS F/34ML";"13500";"Cosmétique / dermo";"";"34ml";"Injectable";"";"";"hors médicament";"haute"
"TOPICREM AC SOIN ACTIF CREME T/40ML";"11155";"Cosmétique / dermo";"";"40ml";"Crème / pommade";"";"";"hors médicament";"haute"
"TOPICREM BB 1ER LAIT ULTRA-HYDRAT F/500ML";"15500";"Cosmétique / dermo";"";"500ml";"";"";"";"hors médicament";"haute"
"TOPICREM BB CR CHANG BAR T/75ML";"7900";"Cosmétique / dermo";"";"75ml";"Crème / pommade";"";"";"hors médicament";"haute"
"TOPICREM BB GEL NETT 2EN1 FL/500ML";"9995";"Cosmétique / dermo";"";"500ml";"Gel";"";"";"hors médicament";"haute"
"TOPICREM BB LAIT HYDR PROTECTEUR FL/200ML";"8500";"Cosmétique / dermo";"";"200ml";"";"";"";"hors médicament";"haute"
"TOPICREM BB LINGET A EAU NET/60";"3980";"Cosmétique / dermo";"";"";"";"";"";"hors médicament";"haute"
"TOPICREM BB S.CROUT LT EXP/40ML";"11985";"Cosmétique / dermo";"";"40ml";"";"";"";"hors médicament";"haute"
"TOPICREM CICA CR APAISANTE T/100ML";"10880";"Cosmétique / dermo";"";"100ml";"Crème / pommade";"";"";"hors médicament";"haute"
"TOPICREM CICA CR REPA T/40ML";"9700";"Cosmétique / dermo";"";"40ml";"Crème / pommade";"";"";"hors médicament";"haute"
"TOPICREM CICA CREME APAIS T/40ML 3700281702682";"6850";"Cosmétique / dermo";"";"40ml";"Crème / pommade";"";"";"hors médicament";"haute"
"TOPICREM CICA HLE CONCENT T/100ML";"13400";"Cosmétique / dermo";"";"100ml";"";"";"";"hors médicament";"haute"
"TOPICREM CR PIED CAL UR10 T/75ML";"7025";"Cosmétique / dermo";"";"75ml";"Crème / pommade";"";"";"hors médicament";"haute"
"TOPICREM DA BAUME EMOLLIENT T/200ML";"13900";"Cosmétique / dermo";"";"200ml";"";"";"";"hors médicament";"haute"
"TOPICREM DA BME EMOLL FL/500ML";"21100";"Cosmétique / dermo";"";"500ml";"";"";"";"hors médicament";"haute"
"TOPICREM DA GEL SURGRAS FL/500ML";"13500";"Cosmétique / dermo";"";"500ml";"Gel";"";"";"hors médicament";"haute"
"TOPICREM DA HUILE LAV RELI 500ML";"13500";"Cosmétique / dermo";"";"500ml";"";"";"";"hors médicament";"haute"
"TOPICREM DEROM SPECIFIC UR-10 CR/500ML 3337871330255";"18655";"Cosmétique / dermo";"";"500ml";"Crème / pommade";"";"";"hors médicament";"haute"
"TOPICREM ECLAT CONT YEUX 15ML";"11350";"Cosmétique / dermo";"";"15ml";"";"";"";"hors médicament";"haute"
"TOPICREM ESS U.HYD LT CORPS FL/500ML";"12000";"Cosmétique / dermo";"";"500ml";"";"";"";"hors médicament";"haute"
"TOPICREM FLUIDE MATIFIANT T/40ML";"11125";"Cosmétique / dermo";"";"40ml";"";"";"";"hors médicament";"haute"
"TOPICREM GEL NETTOYANT DOUCEUR 200ML";"7000";"Cosmétique / dermo";"";"200ml";"Gel";"";"";"hors médicament";"haute"
"TOPICREM GEL NETTOYANT DOUCEUR 500ML";"11000";"Cosmétique / dermo";"";"500ml";"Gel";"";"";"hors médicament";"haute"
"TOPICREM GELEE A.SOLEIL 200ML";"12750";"Cosmétique / dermo";"";"200ml";"";"";"";"hors médicament";"haute"
"TOPICREM GOM DOUX 3EN 1 200ML 3700281705782";"12420";"Cosmétique / dermo";"";"200ml";"";"";"";"hors médicament";"haute"
"TOPICREM H+ CREME ECLAT LEGER T/40ML";"14935";"Cosmétique / dermo";"";"40ml";"Crème / pommade";"";"";"hors médicament";"haute"
"TOPICREM H+ CREME HYDR ECLAT RICH T/40ML";"14700";"Cosmétique / dermo";"";"40ml";"Crème / pommade";"";"";"hors médicament";"haute"
"TOPICREM HLE DCH ULT HYDR FL/500ML";"10000";"Cosmétique / dermo";"";"500ml";"";"";"";"hors médicament";"haute"
"TOPICREM HLE LAV RELIPID 500ML";"13100";"Cosmétique / dermo";"";"500ml";"";"";"";"hors médicament";"haute"
"TOPICREM HYDRA + EAU MICELL AIRE 200ML 3700281702378";"7530";"Cosmétique / dermo";"";"200ml";"";"";"";"hors médicament";"haute"
"TOPICREM KARITE CR NOURR FORTIF FL/200ML";"5000";"Cosmétique / dermo";"";"200ml";"Crème / pommade";"";"";"hors médicament";"haute"
"TOPICREM LT SOL HYD SPF50+200ML";"16915";"Cosmétique / dermo";"";"200ml";"";"";"";"hors médicament";"haute"
"TOPICREM LT SOL HYD SPF50+50ML";"8200";"Cosmétique / dermo";"";"50ml";"";"";"";"hors médicament";"haute"
"TOPICREM MELA CR CORRECT NUIT T/40ML";"22000";"Cosmétique / dermo";"";"40ml";"Crème / pommade";"";"";"hors médicament";"haute"
"TOPICREM MELA CR JOUR T/40ML";"23465";"Cosmétique / dermo";"";"40ml";"Crème / pommade";"";"";"hors médicament";"haute"
"TOPICREM MELA LAIT ECL ULT HYDR FL/200ML";"22000";"Cosmétique / dermo";"";"200ml";"";"";"";"hors médicament";"haute"
"TOPICREM MELA LAIT ECL ULT HYDR FL/500ML";"32750";"Cosmétique / dermo";"";"500ml";"";"";"";"hors médicament";"haute"
"TOPICREM MELA LAIT UNIF ULT HYDR FL/500ML";"34000";"Cosmétique / dermo";"";"500ml";"";"";"";"hors médicament";"haute"
"TOPICREM MELA MASQ MINUT F/50ML";"14875";"Cosmétique / dermo";"";"50ml";"";"";"";"hors médicament";"haute"
"TOPICREM MELA PAIN EXFOL UNIFIANT 150G";"7050";"Cosmétique / dermo";"";"150g";"";"";"";"hors médicament";"haute"
"TOPICREM MELA SERUM BOOSTER FL/30ML";"21700";"Cosmétique / dermo";"";"30ml";"";"";"";"hors médicament";"haute"
"TOPICREM MELA SPF50 CR JOUR UNIF T/40ML";"23465";"Cosmétique / dermo";"";"40ml";"Crème / pommade";"";"";"hors médicament";"haute"
"TOPICREM MON 1ER LAIT ULT HYDR FL/200ML";"8000";"Cosmétique / dermo";"";"200ml";"";"";"";"hors médicament";"haute"
"TOPICREM MON 1ER LAIT ULT HYDR FL/500ML";"14760";"Cosmétique / dermo";"";"500ml";"";"";"";"hors médicament";"haute"
"TOPICREM MON 1ER PAIN SURG DOUCEUR 150G";"4865";"Cosmétique / dermo";"";"150g";"";"";"";"hors médicament";"haute"
"TOPICREM PAIN EXFOL UNIF 150G";"6665";"Cosmétique / dermo";"";"150g";"";"";"";"hors médicament";"haute"
"TOPICREM PEAU NETTE GELULE B/60";"14445";"Cosmétique / dermo";"";"";"Gélule";"";"";"hors médicament";"haute"
"TOPICREM SERUM UH 30ML";"15800";"Cosmétique / dermo";"";"30ml";"";"";"";"hors médicament";"haute"
"TOPICREM STICK INV SPF50+ 15G";"10500";"Cosmétique / dermo";"";"15g";"";"";"";"hors médicament";"haute"
"TOPICREM STICK UL.HYD LEV 4G";"3800";"Cosmétique / dermo";"";"4g";"";"";"";"hors médicament";"haute"
"TOPICREM UH BAUM CORPS RE 380ML";"14405";"Cosmétique / dermo";"";"380ml";"";"";"";"hors médicament";"haute"
"TOPICREM UHC 500ML+UH GEL DOUCHE 500ML";"21000";"Cosmétique / dermo";"";"500ml";"Gel";"";"";"hors médicament";"haute"
"TOPICREM ULT HYD CORP FL/1L";"23055";"Cosmétique / dermo";"";"";"";"";"";"hors médicament";"haute"
"TOPICREM ULT HYDR LAIT DE DOUCHE 1L";"15000";"Cosmétique / dermo";"";"";"";"";"";"hors médicament";"haute"
"TOPICREM ULT HYDR LT CORP 200ML";"8065";"Cosmétique / dermo";"";"200ml";"";"";"";"hors médicament";"haute"
"TOPICREM ULT HYDRAT GEL DOUCHE FL/500ML 3700281702415";"6500";"Cosmétique / dermo";"";"500ml";"Gel";"";"";"hors médicament";"haute"
"TOPICREM ULTR HYDR GEL DOUCHE F/500ML";"6500";"Cosmétique / dermo";"";"500ml";"Gel";"";"";"hors médicament";"haute"
"TOPICREM ULTRA HYDR HUILE DOUCHE FL/1L 3800281705225";"21700";"Cosmétique / dermo";"";"";"";"";"";"hors médicament";"haute"
"TOPICREM ULTRA HYDR LAIT CORPS FL/1L";"23055";"Cosmétique / dermo";"";"";"";"";"";"hors médicament";"haute"
"TOPICREM ULTRA HYDR LAIT CORS FL/500ML/2";"24000";"Cosmétique / dermo";"";"500ml";"";"";"";"hors médicament";"haute"
"TOPICREM UR-10 CREME LISS FL/200ML";"12900";"Cosmétique / dermo";"";"200ml";"Crème / pommade";"";"";"hors médicament";"haute"
"TOPLEXIL SIROP FL/150ML 3400935957849";"2730";"Médicament";"Oxomemazine";"150ml";"Sirop";"ST";"Antitussif toux sèche";"même marque dans la base PHARMACORP";"moyenne"
"TOPSICAB 5% CREME T/30G";"20910";"Médicament";"Permethrine";"5%";"Crème / pommade";"";"";"identification manuelle (marque)";"moyenne"
"TORAS DENK 10MG COMP.B/30";"8460";"Médicament";"Torasemide";"10mg";"Comprimé";"Liste II";"Antihypertenseur (Diuretique de l'anse)";"même marque dans la base PHARMACORP";"moyenne"
"TORAS DENK 5MG CPR B/30";"4925";"Médicament";"Torasemide";"5mg";"Comprimé";"Liste II";"Antihypertenseur (Diuretique de l'anse)";"base PHARMACORP";"haute"
"TORO HOMME PARFUM FL/100ML";"12000";"Cosmétique / dermo";"";"100ml";"";"";"";"hors médicament (filtre)";"moyenne"
"TOTHEMA AMP BUV 10ML B/20";"4990";"Médicament";"Fer + Cuivre + Manganese";"10ml";"Injectable";"ST";"Antianemique";"même marque dans la base PHARMACORP";"moyenne"
"TOTYLEM 60MG/0,4MG CP PELL B/30 3614250000481";"5630";"";"";"60mg/0,4mg";"Comprimé";"";"";"non identifié";"à vérifier"
"TOUSEDAL SP FL/100ML";"1720";"Médicament";"Terbutaline sulfate + Bromhexine chlorhydrate+ Guaifenesine + Menthol";"100ml";"Sirop";"Liste I";"Expectorant";"même marque dans la base PHARMACORP";"moyenne"
"TOUX RELIEF PAST MENTH B/12 8939110459212";"2050";"Médicament";"Extraits de plantes";"";"";"ST";"phytotherapique";"même marque dans la base PHARMACORP";"moyenne"
"TOUX RELIEF SIROP F/100ML";"1805";"Médicament";"Extraits de plantes";"multidosage";"Sirop / solution buvable";"ST";"phytotherapique";"base PHARMACORP";"haute"
"TOVAXO 0.004% COLLYRE F/2.5ML";"13170";"Médicament";"Travoprost";"0.004%";"Collyre";"Liste I";"Antiglaucomateux";"même marque dans la base PHARMACORP";"moyenne"
"TRABAR 100MG INJ AMP B/5";"4575";"Médicament";"Tramadol chlorhydrate";"100mg";"Injectable";"Liste I";"Analgesique";"même marque dans la base PHARMACORP";"moyenne"
"TRABAR 100MG INJ.DETAIL";"915";"Médicament";"Tramadol chlorhydrate";"100mg";"Injectable";"Liste I";"Analgesique";"même marque dans la base PHARMACORP";"moyenne"
"TRABAR 50MG CAPS B/10";"3050";"Médicament";"Tramadol chlorhydrate";"50mg";"Gélule";"Liste I";"Analgesique";"même marque dans la base PHARMACORP";"moyenne"
"TRACEDOL 37,5MG/325MG COMP EFF B/16";"4160";"Médicament";"Tramadol chlorhydrate + Paracetamol";"37,5mg/325mg";"Comprimé";"Liste I";"Analgesique, Antalgique";"même marque dans la base PHARMACORP";"moyenne"
"TRACLAV 1000MG/125MG COMP B/14";"6255";"Médicament";"Amoxicilline + Acide clavulanique";"1000mg/125mg";"Comprimé";"Liste I";"Antibiotique Antibacterien (Penicillines)";"même marque dans la base PHARMACORP";"moyenne"
"TRACLAV 1G SACHET B/16";"7350";"Médicament";"Amoxicilline + Acide clavulanique";"1g";"Poudre / sachet";"Liste I";"Antibiotique Antibacterien (Penicillines)";"même marque dans la base PHARMACORP";"moyenne"
"TRACLAV 500MG/125MG COMP B/14";"3880";"Médicament";"Amoxicilline + Acide clavulanique";"500mg/125mg";"Comprimé";"Liste I";"Antibiotique Antibacterien (Penicillines)";"même marque dans la base PHARMACORP";"moyenne"
"TRAMACETAL 37,5MG/325MG COMP B/10";"2290";"Médicament";"Tramadol chlorhydrate + Paracetamol";"37,5mg/325mg";"Comprimé";"Liste I";"Analgesique, Antalgique";"même marque dans la base PHARMACORP";"moyenne"
"TRAMADIS 100MG/2ML AMP INJ B/5";"3480";"Médicament";"Tramadol chlorhydrate";"100mg/2mL";"Injectable";"Liste I";"Analgesique";"base PHARMACORP";"haute"
"TRAMADIS 100MG/2ML DETAIL";"695";"Médicament";"Tramadol chlorhydrate";"100mg/2ml";"";"Liste I";"Analgesique";"même marque dans la base PHARMACORP";"moyenne"
"TRAMADIS 50MG GEL B/10";"3270";"Médicament";"Tramadol chlorhydrate";"50mg";"Gélule";"Liste I";"Analgesique";"même marque dans la base PHARMACORP";"moyenne"
"TRAMADOL DENK 100MG/2ML B/5";"3400";"Médicament";"Tramadol chlorhydrate";"100mg/2ml";"";"";"";"DCI citée dans la désignation";"moyenne"
"TRAMADOL DENK 100MG/2ML DETAIL/1AMP";"650";"Médicament";"Tramadol chlorhydrate";"100mg/2ml";"Injectable";"";"";"DCI citée dans la désignation";"moyenne"
"TRAMADOL DENK 50MG CP EFFERV B/10";"2910";"Médicament";"Tramadol chlorhydrate";"50mg";"Comprimé";"";"";"DCI citée dans la désignation";"moyenne"
"TRAMAGEN 100MG SOL INJ B/5";"3120";"Médicament";"Tramadol chlorhydrate";"100mg";"Injectable";"Liste I";"Analgesique";"même marque dans la base PHARMACORP";"moyenne"
"TRAMAGEN 50MG CPR B/20";"2980";"Médicament";"Tramadol chlorhydrate";"50mg";"Comprimé";"Liste I";"Analgesique";"base PHARMACORP";"haute"
"TRAMAPA 37,5MG/325MG COMP SEC B/20";"1860";"Médicament";"Tramadol chlorhydrate + Paracetamol";"37,5mg/325mg";"Comprimé";"Liste I";"Analgesique, Antalgique";"même marque dans la base PHARMACORP";"moyenne"
"TRAMFIZ 50MG GELULE B/10";"3050";"Médicament";"Tramadol chlorhydrate";"50mg";"Gélule";"Liste I";"Analgesique";"même marque dans la base PHARMACORP";"moyenne"
"TRANDATE 200MG COMP B/30";"6280";"Médicament";"Labetalol chlorhydrate";"200mg";"Comprimé";"Liste I";"Antihypertenseur (Betabloquant)";"même marque dans la base PHARMACORP";"moyenne"
"TRANSFUSEUR LABELL SACH/1";"740";"Dispositif médical / consommable";"";"";"Poudre / sachet";"";"";"hors médicament";"haute"
"TRANSIC 250MG/5ML INJ B/10";"4435";"Médicament";"Acide tranexamique";"250mg/5ml";"Injectable";"Liste I";"Antihemorragique";"même marque dans la base PHARMACORP";"moyenne"
"TRANSIC 500MG/5ML INJ AMP DETAIL/1";"965";"Médicament";"Acide tranexamique";"500mg/5ml";"Injectable";"Liste I";"Antihemorragique";"même marque dans la base PHARMACORP";"moyenne"
"TRANSIC 500MG/5ML INJ B/10";"8320";"Médicament";"Acide tranexamique";"500mg/5ml";"Injectable";"Liste I";"Antihemorragique";"même marque dans la base PHARMACORP";"moyenne"
"TRANXENE 10MG GELULE B/30";"2245";"Médicament";"Clorazepate dipotassique";"10mg";"Gélule";"Liste I";"Hypnotique";"même marque dans la base PHARMACORP";"moyenne"
"TRANXENE 5MG GELULE B/30";"1360";"Médicament";"Clorazepate dipotassique";"5mg";"Gélule";"Liste I";"Hypnotique";"même marque dans la base PHARMACORP";"moyenne"
"TRAUSAN 100MG/ML SOL BUV FL/50ML";"14185";"Médicament";"Citicoline";"100mg";"";"Liste I";"Psychostimulant";"même marque dans la base PHARMACORP";"moyenne"
"TRAVATAN COLLYRE FL/2,5ML 3400935847638";"7170";"Médicament";"Travoprost";"2,5ml";"Collyre";"Liste I";"Antiglaucomateux";"même marque dans la base PHARMACORP";"moyenne"
"TRAVONORM 0,04MG/ML COLLYRE FL/5ML";"10995";"Médicament";"Travoprost";"0,04mg";"Collyre";"";"";"identification manuelle (marque)";"moyenne"
"TRAVONORM PLUS 40MCG/5MG COLLYRE FL/5ML";"11410";"Médicament";"Travoprost + Timolol";"40mcg/5mg";"Collyre";"";"";"identification manuelle (marque)";"moyenne"
"TRAVOPROST BGR 0,004% CY FL/2,5ML";"8320";"Médicament";"Travoprost";"0,004%";"";"";"";"DCI citée dans la désignation";"moyenne"
"TRAXOL 1G SOL INJ F/10ML";"2840";"Médicament";"Ceftriaxone";"1g";"Injectable";"Liste I";"Antibacterien (Cephalosporines 3 generation), Antibiotique";"base PHARMACORP";"haute"
"TRE-BON 100MG CPR B/10";"3575";"Médicament";"N acetylcysteine";"100mg";"Comprimé";"ST";"Cicatrisant oculaire, Fluidifiant bronchique";"base PHARMACORP";"haute"
"TREBON-N 200MG GR SOL BUV SACH B/10";"1805";"Médicament";"N acetylcysteine";"200mg";"Poudre / sachet";"ST";"Cicatrisant oculaire, Fluidifiant bronchique";"même marque dans la base PHARMACORP";"moyenne"
"TREBON-N 600MG GR SOL BUV SACH B/8";"3120";"Médicament";"N acetylcysteine";"600mg";"Poudre / sachet";"ST";"Cicatrisant oculaire, Fluidifiant bronchique";"même marque dans la base PHARMACORP";"moyenne"
"TREMADOL 50MG COMP B/20";"3535";"Médicament";"Tramadol chlorhydrate";"50mg";"Comprimé";"Liste I";"Analgesique";"même marque dans la base PHARMACORP";"moyenne"
"TRENAXA 500MG CPR B/30";"5895";"Médicament";"Acide tranexamique";"500mg";"Comprimé";"Liste I";"Antihemorragique";"même marque dans la base PHARMACORP";"moyenne"
"TRES ORIX FORTE GELULE B/20 3401020062608";"3550";"Médicament";"Cyproheptadine + Carnitine + Lysine chlorhydrate + Vit B1B6B12";"";"Gélule";"ST";"Stimulant de l'appetit";"même marque dans la base PHARMACORP";"moyenne"
"TRES ORIX FORTE SP FL/100ML";"2400";"Médicament";"Cyproheptadine + Carnitine + Lysine chlorhydrate + Vit B1B6B12";"1,5mg/150mg/150mg/10mg/10mg/100mcg";"Injectable";"ST";"Stimulant de l'appetit";"base PHARMACORP";"haute"
"TRES ORIX FORTE SP FL/250ML";"4520";"Médicament";"Cyproheptadine + Carnitine + Lysine chlorhydrate + Vit B1B6B12";"1,5mg/150mg/150mg/10mg/10mg/100mcg";"Injectable";"ST";"Stimulant de l'appetit";"base PHARMACORP";"haute"
"TRETINEX 0,05% CREME T/30G";"2425";"Médicament";"Tretinoine";"0,05%";"Crème / pommade";"Liste I";"Antiacnéique (Rétinoides)";"même marque dans la base PHARMACORP";"moyenne"
"TRIACEPHINE PH5 1G PSI IV B/1";"4855";"Médicament";"Ceftriaxone";"1g";"Injectable";"";"";"identification manuelle (marque)";"moyenne"
"TRIACEPHINE PH5 500MG PSI IV B/1";"3465";"Médicament";"Ceftriaxone";"500mg";"Injectable";"";"";"identification manuelle (marque)";"moyenne"
"TRIAF 1G IM/IV PDRE SOL INJ F/1+SOLV 10ML";"2290";"Médicament";"Ceftriaxone";"1g";"Injectable";"Liste I";"Antibacterien (Cephalosporines 3 generation), Antibiotique";"même marque dans la base PHARMACORP";"moyenne"
"TRIAFEN 325MG/200MG/30MG GELULE B/24";"1735";"Médicament";"Paracetamol + Ibuprofene + Cafeine";"325mg/200mg";"Gélule";"";"";"identification manuelle (marque)";"à vérifier"
"TRIAFEN GEL T/30G";"970";"Médicament";"Diclofenac + Huile de lin + Methyl salicylate + Menthol";"NR";"Crème / pommade / gel";"Liste II";"Antalgique, Antiinflammatoire non steroidien";"base PHARMACORP";"haute"
"TRIALGAN 100MG/500MG/15MG COMP.B/10";"1360";"";"";"100mg/500mg";"Comprimé";"";"";"non identifié";"à vérifier"
"TRIALGIC GEL B/24";"2080";"Médicament";"Ibuprofene + Paracetamol + Cafeine";"";"Gélule";"Liste II";"Antalgique, Antipyrétique, Antiinflammatoire non steroidien";"même marque dans la base PHARMACORP";"moyenne"
"TRIAM DENK 40 INJ AMP B/10";"20120";"Médicament";"Triamcinolone acetonide";"";"Injectable";"Liste I";"Antiinflammatoire steroidien";"même marque dans la base PHARMACORP";"moyenne"
"TRIAM DENK 40 INJ AMP/1 DETAIL";"2010";"Médicament";"Triamcinolone acetonide";"";"Injectable";"Liste I";"Antiinflammatoire steroidien";"même marque dans la base PHARMACORP";"moyenne"
"TRIATEC 10MG COMP.B/30";"19410";"Médicament";"Ramipril";"10mg";"Comprimé";"Liste I";"Antihypertenseur (IEC)";"même marque dans la base PHARMACORP";"moyenne"
"TRIATEC 2,5MG CP B/30";"11785";"Médicament";"Ramipril";"2,5mg";"Comprimé";"Liste I";"Antihypertenseur (IEC)";"base PHARMACORP";"haute"
"TRIATEC 5MG COMP B/30";"16985";"Médicament";"Ramipril";"5mg";"Comprimé";"Liste I";"Antihypertenseur (IEC)";"même marque dans la base PHARMACORP";"moyenne"
"TRIBIODERM POMM 1G SACHET B/144";"16640";"Médicament";"Polymyxine B sulfate + Neomycine sulfate + Bacitracine de Zinc";"1g";"Poudre / sachet";"Liste I";"Antibacterien, Cicatrisant";"même marque dans la base PHARMACORP";"moyenne"
"TRIBIODERM POMMADE 1G SACHET DETAIL/1";"115";"Médicament";"Polymyxine B sulfate + Neomycine sulfate + Bacitracine de Zinc";"1g";"Poudre / sachet";"Liste I";"Antibacterien, Cicatrisant";"même marque dans la base PHARMACORP";"moyenne"
"TRIBUTINE 0,787% SOL BUV FL/250ML";"2705";"Médicament";"Trimebutine";"0,787%";"";"Liste II";"Antispasmodique (Musculotrope)";"même marque dans la base PHARMACORP";"moyenne"
"TRIBUTINE 150MG GEL B/20";"3950";"Médicament";"Trimebutine";"150mg";"Gélule";"Liste II";"Antispasmodique (Musculotrope)";"même marque dans la base PHARMACORP";"moyenne"
"TRIBUTINE 150MG SACH B/20";"3950";"Médicament";"Trimebutine";"150mg";"Sachet / poudre";"Liste II";"Antispasmodique (Musculotrope)";"base PHARMACORP";"haute"
"TRICEF 20MG/ML PDRE SUSP BUV FL/60ML";"8735";"Médicament";"Cefixime";"20mg";"Suspension buvable";"";"";"identification manuelle (marque)";"moyenne"
"TRICOFLAM COMP B/20";"4595";"Médicament";"Paracetamol + Chlorzoxazone + Diclofenac";"";"Comprimé";"Liste II";"Antalgique, Antiinflammatoire, Relaxant musculaire";"même marque dans la base PHARMACORP";"moyenne"
"TRIDOX 0,5MG/10MG/1MG CREME T/15G";"3050";"Médicament";"Gentamicine + Betamethasone + Clotrimazole";"0,5mg/10mg";"Crème / pommade";"Liste I";"Antifongique, Antiinflammatoire, Antiprurigineux, Antibiotique";"même marque dans la base PHARMACORP";"moyenne"
"TRIFENE 100MG/5ML SUSP BUV FL/200ML";"1970";"Médicament";"Ibuprofene";"100mg/5ml";"Suspension buvable";"Liste II";"Antalgique, Antipyrétique, Antiinflammatoire non steroidien";"même marque dans la base PHARMACORP";"moyenne"
"TRIFENE 200MG CPR B/20";"1595";"Médicament";"Ibuprofene";"200mg";"Comprimé";"Liste II";"Antalgique, Antipyrétique, Antiinflammatoire non steroidien";"même marque dans la base PHARMACORP";"moyenne"
"TRIFENE 400MG CPR PELL B/20";"1665";"Médicament";"Ibuprofene";"400mg";"Comprimé";"Liste II";"Antalgique, Antipyrétique, Antiinflammatoire non steroidien";"même marque dans la base PHARMACORP";"moyenne"
"TRILLERG 0,4MG/0,5MG/ML COLLYRE FL/10ML";"3175";"Médicament";"Antazoline chlorhydrate + Tetryzoline chlorhydrate";"0,4mg/0,5mg";"Collyre";"Liste II";"Antiallergique";"même marque dans la base PHARMACORP";"moyenne"
"TRIMETABOL SOL BUV FL/150ML";"3800";"Médicament";"Cyproheptadine + Carnitine + Lysine chlorhydrate + Vit B1B6B12";"150ml";"";"ST";"Stimulant de l'appetit";"même marque dans la base PHARMACORP";"moyenne"
"TRIO WHITE CREME NUIT DEPIGMENT INTENS/30";"24595";"Cosmétique / dermo";"";"";"Crème / pommade";"";"";"hors médicament";"haute"
"TRIO WHITE EXPERT CREME JOUR SPF50+/40ML";"26960";"Cosmétique / dermo";"";"40ml";"Crème / pommade";"";"";"hors médicament";"haute"
"TRIO WHITE XP LAIT CORPS F/400ML";"27425";"Cosmétique / dermo";"";"400ml";"";"";"";"hors médicament";"haute"
"TRIO WHITE XP SERUM F.30ML";"35895";"Cosmétique / dermo";"";"30ml";"";"";"";"hors médicament";"haute"
"TRIOVARSAN 10/25/160MG COMP B/30";"15255";"Médicament";"Amlodipine + Hydrochlorothiazide + Valsartan";"10/25/160mg";"Comprimé";"Liste I";"Antihypertenseur (IC + DT + ARAII)";"même marque dans la base PHARMACORP";"moyenne"
"TRIOVARSAN 5/25/160MG COMP B/30";"14970";"Médicament";"Amlodipine + Hydrochlorothiazide + Valsartan";"5/25/160mg";"Comprimé";"Liste I";"Antihypertenseur (IC + DT + ARAII)";"même marque dans la base PHARMACORP";"moyenne"
"TRIPLIXAM 10MG/2,5MG/10MG COMP B/30";"23570";"Médicament";"Perindopril + Indapamide + Amlodipine";"10mg/2,5mg";"Comprimé";"";"";"identification manuelle (marque)";"moyenne"
"TRIPLIXAM 10MG/2,5MG/5MG COMP B/30";"22880";"Médicament";"Perindopril + Indapamide + Amlodipine";"10mg/2,5mg";"Comprimé";"";"";"identification manuelle (marque)";"moyenne"
"TRIPLIXAM 5MG/1,25MG/10MG COMP B/30";"16290";"Médicament";"Perindopril + Indapamide + Amlodipine";"5mg/1,25mg";"Comprimé";"";"";"identification manuelle (marque)";"moyenne"
"TRIPLIXAM 5MG/1,25MG/5MG COMP B/30";"15945";"Médicament";"Perindopril + Indapamide + Amlodipine";"5mg/1,25mg";"Comprimé";"";"";"identification manuelle (marque)";"moyenne"
"TRISPORIN 125MG/5ML PDRE SUS BUV FL/100ML";"8250";"Médicament";"Cefdinir";"125mg/5ml";"Poudre / sachet";"Liste I";"Antibiotique Antibacterien (Cephalosporines)";"même marque dans la base PHARMACORP";"moyenne"
"TRISPORIN 300MG CPR PELL B/10";"7710";"Médicament";"Cefdinir";"300mg";"Comprimé";"Liste I";"Antibiotique Antibacterien (Cephalosporines)";"base PHARMACORP";"haute"
"TRISTEN FORTE 100 PDR SUSP BUV FL/50ML";"4295";"";"";"50ml";"Suspension buvable";"";"";"non identifié";"à vérifier"
"TRITAZIDE 10MG/12,5MG COMP B/28";"9015";"Médicament";"Ramipril + Hydrochlorothiazide";"10mg/12,5mg";"Comprimé";"Liste I";"Antihypertenseur (IEC + DT)";"même marque dans la base PHARMACORP";"moyenne"
"TRITAZIDE 10MG/25MG COMP B/28";"10675";"Médicament";"Ramipril + Hydrochlorothiazide";"10mg/25mg";"Comprimé";"Liste I";"Antihypertenseur (IEC + DT)";"même marque dans la base PHARMACORP";"moyenne"
"TRITAZIDE 5/25MG COMP B/28";"8320";"Médicament";"Ramipril + Hydrochlorothiazide";"5/25mg";"Comprimé";"Liste I";"Antihypertenseur (IEC + DT)";"même marque dans la base PHARMACORP";"moyenne"
"TRITAZIDE 5MG/12,5MG COMP B/28";"5670";"Médicament";"Ramipril + Hydrochlorothiazide";"5mg/12,5mg";"Comprimé";"Liste I";"Antihypertenseur (IEC + DT)";"même marque dans la base PHARMACORP";"moyenne"
"TRIVASTAL 50MG LP CP ENR B/30";"9650";"Médicament";"Piribedil";"50mg";"Comprimé";"Liste II";"Antiparkinsonien";"même marque dans la base PHARMACORP";"moyenne"
"TRIXIM 100/5ML PDRE SUSP BUV F/60ML";"7750";"Médicament";"Cefixime";"100/5ml";"Suspension buvable";"Liste I";"Antibiotique Antibacterien (Cephalosporines 3 generation)";"même marque dans la base PHARMACORP";"moyenne"
"TRIXIM 200MG COMP.B/10";"7210";"Médicament";"Cefixime";"200mg";"Comprimé";"Liste I";"Antibiotique Antibacterien (Cephalosporines 3 generation)";"même marque dans la base PHARMACORP";"moyenne"
"TRIXON 1G PDRE S.INJ FL/10ML B/1";"2290";"Médicament";"Ceftriaxone";"1g";"Injectable";"Liste I";"Antibacterien (Cephalosporines 3 generation), Antibiotique";"même marque dans la base PHARMACORP";"moyenne"
"TRIXSON 1G IM/IV SOL INJ B/1";"2080";"Médicament";"Ceftriaxone";"1g";"Injectable";"";"";"identification manuelle (marque)";"moyenne"
"TRIXSON S 1G/500MG PDRE SOL INJ B/1";"4160";"Médicament";"Ceftriaxone + Sulbactam";"1g/500mg";"Injectable";"Liste I";"Antibiotique Antibacterien (Cephalosporines 3 generation)";"base PHARMACORP";"haute"
"TROFOCARD MAX 243MG GR SOL BUV STICK/12";"5895";"Médicament";"Magnesium tetrahydrate + L-aspartate";"243mg";"Sirop / solution buvable";"ST";"Supplement magnesique";"base PHARMACORP";"haute"
"TROUSSE DE SECOURS COMP FORMAT VOYAGEUR";"16900";"Dispositif médical / consommable";"";"";"Comprimé";"";"";"hors médicament";"haute"
"TROUSSE SECOURS ESSENTIELLE B/1";"10500";"Dispositif médical / consommable";"";"";"";"";"";"hors médicament";"haute"
"TROYFENAC MR 50MG/4MG COMP B/20";"4855";"Médicament";"Diclofenac + Thiocolchicoside";"50mg/4mg";"Comprimé";"Liste II";"Antiinflammatoire non steroidien, Myorelaxant";"même marque dans la base PHARMACORP";"moyenne"
"TROYNOXA 40MG/0,4ML SER PRE B/1";"4355";"Médicament";"Enoxaparine sodique";"40mg/0,4ml";"Injectable";"Liste I";"Antithrombotique";"même marque dans la base PHARMACORP";"moyenne"
"TRULAC SUSP BUV F/5ML B/10";"6935";"Médicament";"Lactobacillus acidophilus + Streptococcusb faecalis + Clostridium butyricum + Bacillus mesentericus + Inulin + FOS";"50Mcells/30Mcells/2Mczlls/1Mcells/100mg/200mg";"Sirop / solution buvable";"Liste II";"Antidiarrheique";"base PHARMACORP";"haute"
"TRUSOPT 20MG/ML COLL FL/5ML";"6455";"Médicament";"Dorzolamide chlorhydrate";"20mg";"Collyre";"Liste I";"Antiglaucomateux";"même marque dans la base PHARMACORP";"moyenne"
"TRUSTEN 200MG COMP B/10";"4575";"Médicament";"Cefixime";"200mg";"Comprimé";"Liste I";"Antibiotique Antibacterien (Cephalosporines 3 generation)";"même marque dans la base PHARMACORP";"moyenne"
"TRUSTEN FORTE 100 PDR SUSP BUV FL/50ML";"4300";"Médicament";"Cefixime";"50ml";"Suspension buvable";"Liste I";"Antibiotique Antibacterien (Cephalosporines 3 generation)";"même marque dans la base PHARMACORP";"moyenne"
"TULLE GRAS";"4115";"Dispositif médical / consommable";"";"";"";"";"";"hors médicament";"haute"
"TUSPEL PLUS SP F/100ML";"2120";"Médicament";"Salbutamol + Bromhexine + Chlorure d'ammonium + Menthol";"1,25mg/4mg/50mg/0,75mg";"Autre";"Liste I";"Mucolytique, Bronchodilatateur";"base PHARMACORP";"haute"
"TUSPRESS SUSP BUV F/100ML";"2360";"Médicament";"Chlorpheniramine maleate + dextromethorphane bromhydrate + phenylephrine chlorhydrate";"2mg/10mg/5mg";"Sirop / solution buvable";"ST";"Antitussif toux sèche";"base PHARMACORP";"haute"
"TUSSIDANE SS SUC 1,5MG/ML SOL BUV F/125ML";"1805";"Médicament";"Dextromethorphane";"1,5mg";"Suspension buvable";"ST";"Antitussif toux sèche";"même marque dans la base PHARMACORP";"moyenne"
"TUSSISEDAL SP FL/125ML";"1805";"";"";"125ml";"Sirop";"";"";"non identifié";"à vérifier"
"TUTINERVE-P 75MG/75MCG GELULE B/30";"8320";"Médicament";"Pregabaline + Methylcobalamine";"75mg/75mcg";"Gélule";"";"";"identification manuelle (marque)";"à vérifier"
"TUVERS 200MG SUSP BUV FL/10ML";"650";"Médicament";"Albendazole";"200mg";"Suspension buvable";"Liste II";"Antiparasitaire, Antihelminthique";"même marque dans la base PHARMACORP";"moyenne"
"TUVERS 400MG CPR CROQ B/3 DETAIL";"1455";"Médicament";"Albendazole";"400mg";"Comprimé";"Liste II";"Antiparasitaire, Antihelminthique";"même marque dans la base PHARMACORP";"moyenne"
"TUVERS 400MG CPR CROQ B/30";"14560";"Médicament";"Albendazole";"400mg";"Comprimé";"Liste II";"Antiparasitaire, Antihelminthique";"même marque dans la base PHARMACORP";"moyenne"
"TWINZOL COLL F/5ML";"7820";"Médicament";"Dorzolamide chlorhydrate + Timolol maleate";"5ml";"Collyre";"Liste I";"Antiglaucomateux";"même marque dans la base PHARMACORP";"moyenne"
"TWINZOL UNID COLLYRE B/30";"10400";"Médicament";"Dorzolamide chlorhydrate + Timolol maleate";"";"Collyre";"Liste I";"Antiglaucomateux";"même marque dans la base PHARMACORP";"moyenne"
"TYFLOX 500MG COMP B/10";"8665";"Médicament";"Ciprofloxacine";"500mg";"Comprimé";"Liste I";"Antibiotique Antibacterien (Quinolone 2 generation)";"même marque dans la base PHARMACORP";"moyenne"
"TYMER 0,3% COLL F/5ML";"5755";"Médicament";"Gatifloxacine";"0,3%";"Collyre";"Liste I";"Antibiotiqie Antibacterien (Quinolone 4 generation)";"même marque dans la base PHARMACORP";"moyenne"
"UCLAPRIM FORTE COMP B/10";"1665";"Médicament";"Sulfamethoxazole + Trimethoprime";"";"Comprimé";"Liste I";"Antibiotique, Antibacterien (Sulfamides)";"même marque dans la base PHARMACORP";"moyenne"
"UCLAPRIM SIMPLE COMP B/10";"1680";"Médicament";"Sulfamethoxazole + Trimethoprime";"";"Comprimé";"Liste I";"Antibiotique, Antibacterien (Sulfamides)";"même marque dans la base PHARMACORP";"moyenne"
"UCLAPRIM SUSP BUV FL/100ML";"2080";"Médicament";"Sulfamethoxazole + Trimethoprime";"100ml";"Suspension buvable";"Liste I";"Antibiotique, Antibacterien (Sulfamides)";"même marque dans la base PHARMACORP";"moyenne"
"ULCAR 1G SUSP BUV SACHET B/30 3400933283919";"7905";"Médicament";"Sucralfate";"1g";"Suspension buvable";"ST";"Antiulcereux (sucralfate)";"même marque dans la base PHARMACORP";"moyenne"
"ULCIZONE 20MG GEL B/14";"3465";"Médicament";"Omeprazole";"20mg";"Gélule";"Liste II";"Antiulcereux (IPP)";"même marque dans la base PHARMACORP";"moyenne"
"ULESTENE 0,05% SOL BUV GTTES FL/30ML";"2775";"";"";"0,05%";"Gouttes";"";"";"non identifié";"à vérifier"
"ULESTENE 2MG COMP B/20";"2775";"";"";"2mg";"Comprimé";"";"";"non identifié";"à vérifier"
"ULESTENE 4MG/1ML SOL INJ AMP 1ML B/3";"2775";"";"";"4mg/1ml";"Injectable";"";"";"non identifié";"à vérifier"
"ULIDA PERFORMANCE MASCULINE GELULE B/15";"11100";"Médicament";"Extraits de plantes";"";"Injectable";"ST";"phytotherapique";"même marque dans la base PHARMACORP";"moyenne"
"ULTRA LEVURE 50 GELULE B/20";"2260";"Médicament";"levure saccharomyces cerevisiae";"50g";"Gélule";"";"";"DCI citée dans la désignation";"moyenne"
"ULTRALEVURE 250 SACHET B/10";"3880";"Médicament";"Saccharomyces boulardii";"";"Poudre / sachet";"";"";"identification manuelle (marque)";"moyenne"
"ULZOCER 40MG INJ AMP B/1";"5545";"Médicament";"Esomeprazole";"40mg";"Injectable";"Liste II";"Antiulcereux (IPP)";"même marque dans la base PHARMACORP";"moyenne"
"ULZOCER CP B/28";"5545";"Médicament";"Esomeprazole";"40mg";"Comprimé";"Liste II";"Antiulcereux (IPP)";"base PHARMACORP";"haute"
"UMICEF 1G PDR INJ F/1+SOLV/1";"1595";"";"";"1g";"Injectable";"";"";"non identifié";"à vérifier"
"UNIMER ISOTONIQUE PED SOL NAS SPR F/100ML";"5610";"Dispositif médical / consommable";"Eau de mer isotonique";"100ml";"";"";"";"identification manuelle (marque)";"moyenne"
"UNIMER SERUM PHYSIOLO";"1500";"Dispositif médical / consommable";"Eau de mer isotonique";"";"";"";"";"identification manuelle (marque)";"moyenne"
"UNISPIRA 3MUI COMP PELL B/10";"5105";"Médicament";"Spiramycine";"3mui";"Comprimé";"Liste I";"Antiinfectieux, Antibacterien (Macrolides)";"même marque dans la base PHARMACORP";"moyenne"
"UNIVAGIL LP 150MG OVULE B/1";"2605";"Médicament";"Econazole";"150mg";"Ovule";"Liste I";"Antifongique, Antimycosique";"même marque dans la base PHARMACORP";"moyenne"
"UNIVIT SP FL/120ML";"2085";"Médicament";"Vitamines + Mineraux";"120ml";"Sirop";"ST";"Supplement vitaminique";"même marque dans la base PHARMACORP";"moyenne"
"UNIZITHRIN 500MG GELULE B/3";"4020";"Médicament";"Azithromycine";"500mg";"Gélule";"Liste I";"Antibiotique Antibacterien (Macrolides)";"même marque dans la base PHARMACORP";"moyenne"
"UPRACID 20MG COMP B/10";"2775";"Médicament";"Pantoprazole";"20mg";"Comprimé";"Liste II";"Antiulcereux (IPP)";"même marque dans la base PHARMACORP";"moyenne"
"UPRACID 40MG CPR B/14";"5545";"Médicament";"Pantoprazole";"40mg";"Comprimé";"Liste II";"Antiulcereux (IPP)";"même marque dans la base PHARMACORP";"moyenne"
"UPRADONE GEL B/30";"14700";"Médicament";"Pantoprazole + Domperidone";"";"Gélule";"Liste II";"Antiemetique, Antiulcereux (IPP)";"même marque dans la base PHARMACORP";"moyenne"
"UPRAJECT 40MG INJ B/1";"4855";"Médicament";"Pantoprazole";"40mg";"Injectable";"Liste II";"Antiulcereux (IPP)";"base PHARMACORP";"haute"
"UPSA VIT C COMP EFFERV B/10 3400932429042";"1220";"Médicament";"Acide ascorbique";"";"Comprimé";"ST";"Antiasthenique";"même marque dans la base PHARMACORP";"moyenne"
"URADOX 2MG CPR B/30";"6795";"Médicament";"Doxazocine";"2mg";"Comprimé";"Liste I";"Antiprostatite";"base PHARMACORP";"haute"
"URBANYL 10MG COMP B/30";"3035";"Médicament";"Clobazam";"10mg";"Comprimé";"Liste I";"Anxiolytique (BZD)";"même marque dans la base PHARMACORP";"moyenne"
"URBANYL 20MG COMP,B/30";"4190";"Médicament";"Clobazam";"20mg";"Comprimé";"Liste I";"Anxiolytique (BZD)";"même marque dans la base PHARMACORP";"moyenne"
"URBANYL 5MG GELULE B/30";"1580";"Médicament";"Clobazam";"5mg";"Gélule";"Liste I";"Anxiolytique (BZD)";"même marque dans la base PHARMACORP";"moyenne"
"URGO BRULURE TULLE 5CMX5CM B/6";"5065";"Dispositif médical / consommable";"";"";"";"";"";"hors médicament";"haute"
"URGO BRULURES 100X70 TLC B/4";"5275";"Dispositif médical / consommable";"";"";"";"";"";"hors médicament";"haute"
"URGO EXTENSIBLE B/30";"1930";"Dispositif médical / consommable";"";"";"";"";"";"hors médicament";"haute"
"URGO EXTENSIBLE B/48 3401047241956";"3250";"Dispositif médical / consommable";"";"";"";"";"";"hors médicament";"haute"
"URGO SPARAPLAIE 100X70 MV/10";"2540";"Dispositif médical / consommable";"";"";"";"";"";"hors médicament";"haute"
"URGOCOR PANS CORICIDE B/12";"1975";"Dispositif médical / consommable";"";"";"";"";"";"hors médicament";"haute"
"URIAGE BARIEDERM CICA REP 40ML";"9520";"Cosmétique / dermo";"";"40ml";"";"";"";"hors médicament";"haute"
"URIAGE BARIESUN CREM SOL SPF50+ 50ML";"12000";"Cosmétique / dermo";"";"50ml";"";"";"";"hors médicament";"haute"
"URIAGE BB 1ER LAIT HYDRAT.F/500ML";"17540";"Cosmétique / dermo";"";"500ml";"";"";"";"hors médicament";"haute"
"URIAGE BB 1ER SENTEUR FL/50ML";"16600";"Cosmétique / dermo";"";"50ml";"";"";"";"hors médicament";"haute"
"URIAGE BODY HYG SURGRAS FL/1L";"23500";"Cosmétique / dermo";"";"";"";"";"";"hors médicament";"haute"
"URIAGE CR LAVANTE 1000ML";"22000";"Cosmétique / dermo";"";"1000ml";"Crème / pommade";"";"";"hors médicament";"haute"
"URIAGE CR LAVANTE 500ML";"13000";"Cosmétique / dermo";"";"500ml";"Crème / pommade";"";"";"hors médicament";"haute"
"URIAGE EAU THERM LAIT VELOUT CORP F/500ML";"19760";"Cosmétique / dermo";"";"500ml";"";"";"";"hors médicament";"haute"
"URIAGE EAU THERMALE FL/300ML";"10000";"Cosmétique / dermo";"";"300ml";"";"";"";"hors médicament";"haute"
"URIAGE HYSEAC 3 REGUL 40ML";"11305";"Cosmétique / dermo";"";"40ml";"";"";"";"hors médicament";"haute"
"URIAGE HYSEAC GEL NETT FP 500ML";"16000";"Cosmétique / dermo";"";"500ml";"Gel";"";"";"hors médicament";"haute"
"URIAGE HYSEAC GEL NETT T/150ML";"9000";"Cosmétique / dermo";"";"150ml";"Gel";"";"";"hors médicament";"haute"
"URIAGE PAIN SURGRAS 100G";"6000";"Cosmétique / dermo";"";"100g";"";"";"";"hors médicament";"haute"
"URIAGE XEMOSE C8+ CREM RELIP FL/400ML";"23500";"Cosmétique / dermo";"";"400ml";"";"";"";"hors médicament";"haute"
"URIAGE XEMOSE C8+ HUILE LAVANTE FL/500ML";"17000";"Cosmétique / dermo";"";"500ml";"";"";"";"hors médicament";"haute"
"URIAGE XEMOSE CREME RELIPID F/400ML";"22600";"Cosmétique / dermo";"";"400ml";"Crème / pommade";"";"";"hors médicament";"haute"
"URIAGE XEMOSE HLE LAV 500ML";"22325";"Cosmétique / dermo";"";"500ml";"";"";"";"hors médicament";"haute"
"URIAGE XEMOSE HLE NETT FLP/1L";"21600";"Cosmétique / dermo";"";"";"";"";"";"hors médicament";"haute"
"URIMED CATH FOLEY NELATON CH16";"5100";"Dispositif médical / consommable";"";"";"";"";"";"hors médicament";"haute"
"URIMED CATH FOLEY NELATON CH18";"5100";"Dispositif médical / consommable";"";"";"";"";"";"hors médicament";"haute"
"UROFAST SACHET B/1";"6100";"Médicament";"Fosfomycine trometamol";"";"Poudre / sachet";"Liste I";"Antibiotique urinaire";"même marque dans la base PHARMACORP";"moyenne"
"UROREC 4MG GELULE B/30 3400937493888";"14085";"Médicament";"Silodosine";"4mg";"Gélule";"Liste I";"Antiprostatite";"même marque dans la base PHARMACORP";"moyenne"
"UROREC 8MG GEL B/30";"14270";"Médicament";"Silodosine";"8mg";"Crème / pommade / gel";"Liste I";"Antiprostatite";"base PHARMACORP";"haute"
"URSOLVAN 200MG GEL B/30 3400932340750";"13610";"Médicament";"Acide ursodesoxycholique";"200mg";"Gélule";"Liste I";"Cholestase Lthiase";"même marque dans la base PHARMACORP";"moyenne"
"UTERGIN 125MCG COMP B/30";"3050";"Médicament";"Methylergometrine maleate";"125mcg";"Comprimé";"Liste I";"Antihemorragique, Uterotonique";"même marque dans la base PHARMACORP";"moyenne"
"UTROGESTAN 100MG CAPS B/30";"6450";"Médicament";"Progesterone";"100mg";"Gélule";"Liste I";"Progestatif";"même marque dans la base PHARMACORP";"moyenne"
"UTROGESTAN 200MG CAPS B/15";"6655";"Médicament";"Progesterone";"200mg";"Gélule";"Liste I";"Progestatif";"même marque dans la base PHARMACORP";"moyenne"
"UVEDOSE 100 000 U,I";"1360";"Médicament";"Cholecalciferol (Vit D3)";"";"";"ST";"Carence en Vit D";"même marque dans la base PHARMACORP";"moyenne"
"UVESTEROL VIT ADEC F/10ML NF";"1915";"Médicament";"Rétinol (vit A) + Ergocalciférol (vit D2) + Alpha-tocophérol (vit E) + Acide ascorbique";"10ml";"";"ST";"Supplement vitaminique";"même marque dans la base PHARMACORP";"moyenne"
"UVIMAG B6 AMP BUV 10ML B/20";"4785";"Médicament";"Magnesium + Vit B6";"10ml";"Injectable";"ST";"Neuroregulateur";"même marque dans la base PHARMACORP";"moyenne"
"UZET 500MG CPR B/3";"5935";"Médicament";"Azithromycine";"500mg";"Comprimé";"Liste I";"Antibiotique Antibacterien (Macrolides)";"base PHARMACORP";"haute"
"VACCIN VERORAB SER 0,5ML B/1";"11910";"Médicament";"Vaccin rabique";"0,5ml";"Injectable";"";"";"identification manuelle (marque)";"moyenne"
"VAGICARE SOL DERMQ F/100ML";"4515";"Médicament";"Acide lactique";"1,2%";"Autre";"ST";"Antiseptique";"base PHARMACORP";"haute"
"VAGIGEL GEL VAG T/35G";"2775";"Hygiène";"";"35g";"Gel";"";"";"hors médicament";"haute"
"VAGILEN 500MG OVULE B/10";"2535";"Médicament";"Metronidazole";"500mg";"Suppositoire / ovule";"Liste I";"Antiparasitaire (Nitro imidazoles), Antibiotique Antibacterien";"base PHARMACORP";"haute"
"VAGIMILT CAPS VAG B/7";"3465";"Médicament";"Clindamycine + Clotrimazole";"100mg/100mg";"Gélule";"Liste I";"Antibacterien, Antifongique, Antimycosique";"base PHARMACORP";"haute"
"VAIANNA SKIN ECLAT DIVIN FL/200ML";"14000";"Cosmétique / dermo";"";"200ml";"";"";"";"hors médicament";"haute"
"VAIANNA SKIN ECLAT SUBLIME FL/200ML";"14000";"Cosmétique / dermo";"";"200ml";"";"";"";"hors médicament";"haute"
"VAIANNA SKIN ECLAT VIERGE FL/200ML";"14000";"Cosmétique / dermo";"";"200ml";"";"";"";"hors médicament";"haute"
"VALDA PATE SUCER B/60";"1665";"";"";"";"";"";"";"non identifié";"à vérifier"
"VALIUM 10MG AM INJ 2ML B/6";"2980";"Médicament";"Diazepam";"10mg";"Injectable";"Liste I";"Anxiolytique (BZD), Anxiolytique";"même marque dans la base PHARMACORP";"moyenne"
"VALIUM 10MG AM INJ 2ML DETAIL";"495";"Médicament";"Diazepam";"10mg";"Injectable";"Liste I";"Anxiolytique (BZD), Anxiolytique";"même marque dans la base PHARMACORP";"moyenne"
"VALIUM 10MG CP B/30";"1680";"Médicament";"Diazepam";"10mg";"Comprimé";"Liste I";"Anxiolytique (BZD), Anxiolytique";"même marque dans la base PHARMACORP";"moyenne"
"VALMAC 160MG CPR B/30";"12480";"Médicament";"Valsartan";"160mg";"Comprimé";"";"";"identification manuelle (marque)";"moyenne"
"VALMAC 80MG CPR B/30";"8320";"Médicament";"Valsartan";"80mg";"Comprimé";"";"";"identification manuelle (marque)";"moyenne"
"VALMAC H 160MG PLUS COMP B/30";"13865";"Médicament";"Valsartan + Hydrochlorothiazide";"160mg";"Comprimé";"";"";"identification manuelle (marque)";"moyenne"
"VALMAC H 80MG/12.5MG COMP.B/30";"12480";"Médicament";"Valsartan + Hydrochlorothiazide";"80mg/12.5mg";"Comprimé";"";"";"identification manuelle (marque)";"moyenne"
"VAROSUN 10MG COMP B/10";"9700";"Médicament";"Rivaroxaban";"10mg";"Comprimé";"Liste I";"Antithrombotique";"même marque dans la base PHARMACORP";"moyenne"
"VAROSUN 20MG COMP B/14";"12480";"Médicament";"Rivaroxaban";"20mg";"Comprimé";"Liste I";"Antithrombotique";"même marque dans la base PHARMACORP";"moyenne"
"VASCOR 20MG CPR B/60";"5645";"Médicament";"Trimetazidine dichlorhydrate";"20mg";"Comprimé";"Liste I";"Antivertigineux, Antiangoreux";"même marque dans la base PHARMACORP";"moyenne"
"VASELINE BAUME LEVRE 5,5G";"800";"Médicament";"vaseline";"5,5g";"";"";"";"DCI citée dans la désignation";"moyenne"
"VASELINE ESSENTIAL GLUTA HYA SERUM F/200";"10000";"Cosmétique / dermo";"";"";"";"";"";"hors médicament (filtre)";"moyenne"
"VASELINE GLUTA HYA NIACINAMIDE T/330ML";"15000";"Médicament";"vaseline + Niacinamide";"330ml";"";"";"";"DCI citée dans la désignation";"moyenne"
"VASELINE GLUTA HYA PRO RETINOL T/330ML";"15000";"Médicament";"vaseline + Retinol synthetique concentre huileux";"330ml";"";"";"";"DCI citée dans la désignation";"moyenne"
"VASELINE GLUTAGLOW BODYWASH 450ML";"13000";"Cosmétique / dermo";"";"450ml";"";"";"";"hors médicament (filtre)";"moyenne"
"VASELINE GLUTAGLOW SERUM DEODORANT";"6500";"Cosmétique / dermo";"";"";"";"";"";"hors médicament (filtre)";"moyenne"
"VASELINE INTENSIV VIT B3 HUILE CORP 200ML";"20000";"Médicament";"vaseline";"200ml";"";"";"";"DCI citée dans la désignation";"moyenne"
"VASELINE OFF COOPER T/20G";"1165";"Médicament";"vaseline";"20g";"";"";"";"DCI citée dans la désignation";"moyenne"
"VASELINE OFF STER COOP T/80G";"1745";"Médicament";"vaseline";"80g";"";"";"";"DCI citée dans la désignation";"moyenne"
"VASELINE OFF STER COOPER T/45G";"1345";"Médicament";"vaseline";"45g";"";"";"";"DCI citée dans la désignation";"moyenne"
"VASELINE RADIANT COCO HUILE FL/200ML";"15000";"Médicament";"vaseline";"200ml";"";"";"";"DCI citée dans la désignation";"moyenne"
"VASTAREL 20MG COMP B/60";"11935";"Médicament";"Trimetazidine dichlorhydrate";"20mg";"Comprimé";"Liste I";"Antivertigineux, Antiangoreux";"même marque dans la base PHARMACORP";"moyenne"
"VASTAREL LM 35MG CP B/60";"8915";"Médicament";"Trimetazidine dichlorhydrate";"35mg";"Comprimé";"Liste I";"Antivertigineux, Antiangoreux";"même marque dans la base PHARMACORP";"moyenne"
"VASTATOR 10MG CPR B/30";"6240";"Médicament";"Atorvastatine";"10mg";"Comprimé";"Liste I";"Hypocholesterolemiant (Statines)";"base PHARMACORP";"haute"
"VASTATOR 20MG CPR B/30";"6795";"Médicament";"Atorvastatine";"20mg";"Comprimé";"Liste I";"Hypocholesterolemiant (Statines)";"base PHARMACORP";"haute"
"VASTATOR 40MG CPR B/30";"7625";"Médicament";"Atorvastatine";"40mg";"Comprimé";"Liste I";"Hypocholesterolemiant (Statines)";"base PHARMACORP";"haute"
"VEGEBOM BB GEL LAV F/400ML";"10540";"Cosmétique / dermo";"";"400ml";"Gel";"";"";"hors médicament";"haute"
"VEGEBOM BB HYD CREME F/200ML";"9905";"Cosmétique / dermo";"";"200ml";"Crème / pommade";"";"";"hors médicament";"haute"
"VEGEBOM BB LAIT CORPS F/400ML";"13635";"Cosmétique / dermo";"";"400ml";"";"";"";"hors médicament";"haute"
"VEGEBOM BB LINIMENT F/250ML";"10750";"Cosmétique / dermo";"";"250ml";"";"";"";"hors médicament";"haute"
"VEGEBOM BME NN T/45G";"4640";"Cosmétique / dermo";"";"45g";"";"";"";"hors médicament";"haute"
"VEGEBOM BME SECOURS T/100G";"6000";"Médicament";"HE + Extraits de plantes";"multidosage";"Autre";"ST";"Antiinflammatoire";"base PHARMACORP";"haute"
"VEGEBOM BME SECOURS T/45G";"4000";"Médicament";"HE + Extraits de plantes";"multidosage";"Autre";"ST";"Antiinflammatoire";"base PHARMACORP";"haute"
"VEGEBOM BME SECOURS T/7,5G";"990";"Médicament";"HE + Extraits de plantes";"multidosage";"Autre";"ST";"Antiinflammatoire";"base PHARMACORP";"haute"
"VEGEBOM CR ADOUCISSANTE T/40G";"4850";"Cosmétique / dermo";"";"40g";"Crème / pommade";"";"";"hors médicament";"haute"
"VEGEBOM CREME TONIFIANTE T/40ML 3760008440105";"5900";"Cosmétique / dermo";"";"40ml";"Crème / pommade";"";"";"hors médicament";"haute"
"VEGEBOM FEMME GEL INT F/200ML";"9280";"Cosmétique / dermo";"";"200ml";"Gel";"";"";"hors médicament";"haute"
"VEGEBOM FEMME MOUSSE INT F/250ML";"8760";"Cosmétique / dermo";"";"250ml";"";"";"";"hors médicament";"haute"
"VEGEBOM GEL SECOURS T/45G";"3215";"Cosmétique / dermo";"";"45g";"Gel";"";"";"hors médicament";"haute"
"VEGEBOM LAIT ADOUC BK FL/250ML";"5665";"Cosmétique / dermo";"";"250ml";"";"";"";"hors médicament";"haute"
"VEGEBOM LAIT ADOUCISSANT FL/250ML";"5565";"Cosmétique / dermo";"";"250ml";"";"";"";"hors médicament";"haute"
"VEGEBOM SAV SURGRAS PAIN/100G";"2885";"Cosmétique / dermo";"";"100g";"";"";"";"hors médicament";"haute"
"VEGEBOM SAVON PURIFIANT 100G 3760233410058";"2675";"Cosmétique / dermo";"";"100g";"";"";"";"hors médicament";"haute"
"VEGEBOM SAVON TONIFIANT PAIN 1OOG";"2715";"Cosmétique / dermo";"";"";"";"";"";"hors médicament";"haute"
"VELITEN COMP B/30";"4990";"Médicament";"Acide ascorbique + Alpha tocopherol acetate + Rutoside";"";"Comprimé";"ST";"Veinotonique, Vasculoprotecteur";"même marque dans la base PHARMACORP";"moyenne"
"VELPEAU CREPE BND 20X";"1360";"Dispositif médical / consommable";"";"";"";"";"";"hors médicament";"haute"
"VELPEAU NYL BND 20X5";"500";"Dispositif médical / consommable";"";"";"";"";"";"hors médicament";"haute"
"VENFOL 5MG COMP B/100 8906007870207";"2000";"Médicament";"Acide folique";"5mg";"Comprimé";"";"";"identification manuelle (marque)";"moyenne"
"VENOSMIL 200MG GELULE B/60";"8365";"Médicament";"Hidrosmine";"200mg";"Gélule";"ST";"Antihemorroidaire, Veinotonique, Vasculoprotecteur";"même marque dans la base PHARMACORP";"moyenne"
"VENOSMIL GEL T/60G";"2800";"Médicament";"Hidrosmine";"60g";"Gel";"ST";"Antihemorroidaire, Veinotonique, Vasculoprotecteur";"même marque dans la base PHARMACORP";"moyenne"
"VENOSMIL GELU B/20";"4130";"Médicament";"Hidrosmine";"";"Gélule";"ST";"Antihemorroidaire, Veinotonique, Vasculoprotecteur";"même marque dans la base PHARMACORP";"moyenne"
"VENTESYL SP F/100ML";"2150";"Médicament";"Adhatoda vasica (Noix de malaar) + Glycyrrhiza glabra (Reglisse glabre) + Piper longum (Poivre long) + Vitis vinifera (Vigne sauvage) + Ocimum sanctum (Basilic sacre) +";"100ml";"Sirop";"ST";"Bronchodilatateur, Fluidifiant bronchique";"même marque dans la base PHARMACORP";"moyenne"
"VENTOLINE 2,5MG/2,5ML INH DOSE B/60";"11700";"Médicament";"Salbutamol";"2,5mg/2,5ml";"";"Liste I";"Bronchodilatateur";"même marque dans la base PHARMACORP";"moyenne"
"VENTOLINE INH 100MCG AEROSOL 200 DOSES";"3595";"Médicament";"Salbutamol";"100mcg";"Spray";"Liste I";"Bronchodilatateur";"même marque dans la base PHARMACORP";"moyenne"
"VENTOLINE INH 100MCG AEROSOL(FR) 2420020013183";"3590";"Médicament";"Salbutamol";"100mcg";"Spray";"Liste I";"Bronchodilatateur";"même marque dans la base PHARMACORP";"moyenne"
"VENTOLINE INJ 0,5MG/ML AMP B/5";"1445";"Médicament";"Salbutamol";"0,5mg";"Injectable";"Liste I";"Bronchodilatateur";"même marque dans la base PHARMACORP";"moyenne"
"VENTOLINE INJ.0.5MG/ML AMP.B/6 3595899675028";"1885";"Médicament";"Salbutamol";"0.5mg";"Injectable";"Liste I";"Bronchodilatateur";"même marque dans la base PHARMACORP";"moyenne"
"VEREX 400MG CPR B/1";"1220";"Médicament";"Albendazole";"400mg";"Comprimé";"Liste II";"Antiparasitaire, Antihelminthique";"même marque dans la base PHARMACORP";"moyenne"
"VEREX 400MG SUSP BUV FL/10ML";"1220";"Médicament";"Albendazole";"400mg";"Suspension buvable";"Liste II";"Antiparasitaire, Antihelminthique";"même marque dans la base PHARMACORP";"moyenne"
"VERGETEX CREME ANTI VERGETURES T/100G";"5345";"Cosmétique / dermo";"";"100g";"Crème / pommade";"";"";"hors médicament";"haute"
"VERICLAV 1000MG/125MG COMP PELL B/14";"5545";"Médicament";"Amoxicilline + Acide clavulanique";"1000mg/125mg";"Comprimé";"Liste I";"Antibiotique Antibacterien (Penicillines)";"même marque dans la base PHARMACORP";"moyenne"
"VERICLAV 100MG/12?5MG S.BUV.F/60ML";"3815";"Médicament";"Amoxicilline + Acide clavulanique";"100mg";"";"Liste I";"Antibiotique Antibacterien (Penicillines)";"même marque dans la base PHARMACORP";"moyenne"
"VERICLAV 250/31,25MG/5ML SUSP BUV FL/60ML";"4980";"Médicament";"Amoxicilline + Acide clavulanique";"250/31,25mg/5ml";"Suspension buvable";"Liste I";"Antibiotique Antibacterien (Penicillines)";"même marque dans la base PHARMACORP";"moyenne"
"VERMOX 100MG CP B/6";"1580";"Médicament";"Mebendazole";"100mg";"Comprimé";"Liste II";"Antiparasitaire, Antihelminthique";"même marque dans la base PHARMACORP";"moyenne"
"VERMOX 2% SUSP FL/30ML";"2010";"Médicament";"Mebendazole";"2%";"Suspension buvable";"Liste II";"Antiparasitaire, Antihelminthique";"même marque dans la base PHARMACORP";"moyenne"
"VERMOX 500MG CP B/1";"1375";"Médicament";"Mebendazole";"500mg";"Comprimé";"Liste II";"Antiparasitaire, Antihelminthique";"même marque dans la base PHARMACORP";"moyenne"
"VERRES PROGRESSIFS COMMANDE B/1";"45800";"Dispositif médical / consommable";"";"";"";"";"";"hors médicament";"haute"
"VERRES PROGRESSIFS STOCK B/1";"44500";"Dispositif médical / consommable";"";"";"";"";"";"hors médicament";"haute"
"VERRES SIMPLE FOYER ANTI-REFLET B/1";"36500";"Dispositif médical / consommable";"";"";"";"";"";"hors médicament";"haute"
"VERRES SIMPLE FOYER LUMIERE BLEUE B/1";"55000";"Dispositif médical / consommable";"";"";"";"";"";"hors médicament";"haute"
"VERRUMAL 0,5G/10G/8G SOL FL/13ML";"4505";"Médicament";"Fluoro-uracile + acide salicylique + dimethylsulfoxyde";"0,5g/10g";"";"Liste II";"Verrucide";"même marque dans la base PHARMACORP";"moyenne"
"VERZOL 4% SUSP BUV FL/10ML 3401020296409";"1110";"Médicament";"Albendazole";"4%";"Suspension buvable";"Liste II";"Antiparasitaire, Antihelminthique";"même marque dans la base PHARMACORP";"moyenne"
"VERZOL 400MG CP B/1";"1110";"Médicament";"Albendazole";"400mg";"Comprimé";"Liste II";"Antiparasitaire, Antihelminthique";"même marque dans la base PHARMACORP";"moyenne"
"VERZOL 400MG/10ML SUSS BUV SACHET B/20";"21715";"Médicament";"Albendazole";"400mg/10ml";"Poudre / sachet";"Liste II";"Antiparasitaire, Antihelminthique";"même marque dans la base PHARMACORP";"moyenne"
"VERZOL SUSP BUV SACHET DETAIL/1";"1080";"Médicament";"Albendazole";"";"Suspension buvable";"Liste II";"Antiparasitaire, Antihelminthique";"même marque dans la base PHARMACORP";"moyenne"
"VIAGRA 100MG COMP B/4 3400934843174";"22185";"Médicament";"Sildenafil";"100mg";"Comprimé";"Liste I";"Troubles de l'érection";"même marque dans la base PHARMACORP";"moyenne"
"VIAGRA 50MG B/1";"5545";"Médicament";"Sildenafil";"50mg";"";"Liste I";"Troubles de l'érection";"même marque dans la base PHARMACORP";"moyenne"
"VIAGRA 50MG COMP B/4 3400934842634";"16640";"Médicament";"Sildenafil";"50mg";"Comprimé";"Liste I";"Troubles de l'érection";"même marque dans la base PHARMACORP";"moyenne"
"VIBROCIL GTTE NAS FL/15ML";"2110";"Médicament";"Phenylephrine + dimetindene maleate";"15ml";"Gouttes";"ST";"Decongestif nasal";"même marque dans la base PHARMACORP";"moyenne"
"VICHY CAPITAL SOLAIRE SPF50+ 50ML";"8500";"Cosmétique / dermo";"";"50ml";"";"";"";"hors médicament";"haute"
"VICKS INHALER POCHE 0,5ML DETAIL";"2000";"Médicament";"Camphre + Menthol + Huile essentielle d'eucalyptus";"0,5ml";"";"";"";"identification manuelle (marque)";"moyenne"
"VICKS INHALER TUBE/1ML 3401097650753";"5710";"Médicament";"Camphre + Menthol + Huile essentielle d'eucalyptus";"1ml";"";"";"";"identification manuelle (marque)";"moyenne"
"VICKS PASTILLES 1,8G COFFRET DE 205 PCS";"20600";"Médicament";"Camphre + Menthol + Huile essentielle d'eucalyptus";"1,8g";"";"";"";"identification manuelle (marque)";"moyenne"
"VICKS PASTILLES 1,8G DETAIL";"100";"Médicament";"Camphre + Menthol + Huile essentielle d'eucalyptus";"1,8g";"";"";"";"identification manuelle (marque)";"moyenne"
"VICKS VAPORUB POM POT/50G";"13035";"Médicament";"Camphre + Menthol + Huile essentielle d'eucalyptus";"50g";"Crème / pommade";"";"";"identification manuelle (marque)";"moyenne"
"VICOMBIL 100% SIROP FL/250ML";"6935";"Nutrition / complément";"Multivitamines";"100%";"Sirop";"";"";"identification manuelle (marque)";"moyenne"
"VICOMBIL CPR B/60";"3550";"Nutrition / complément";"Multivitamines";"";"Comprimé";"";"";"identification manuelle (marque)";"moyenne"
"VICOMBIL JUNIOR SP F/200ML";"8800";"Médicament";"Vitamine B6 + Vitamine C + Niacine + Riboflavine + Thiamine";"20mg/600mg/200mg/20mg/20mg";"Autre";"ST";"Supplement vitaminique";"base PHARMACORP";"haute"
"VICRYL 0 UNITE";"4160";"Dispositif médical / consommable";"";"";"";"";"";"hors médicament";"haute"
"VICRYL 2 B/12";"6655";"Dispositif médical / consommable";"";"";"";"";"";"hors médicament";"haute"
"VICRYL 2 UNITE";"2495";"Dispositif médical / consommable";"";"";"";"";"";"hors médicament";"haute"
"VICRYL 3/0 B/12";"885";"Dispositif médical / consommable";"";"";"";"";"";"hors médicament";"haute"
"VICTORIA SECRET BRUME PARFUMEE FL/250ML";"12000";"Cosmétique / dermo";"";"250ml";"";"";"";"hors médicament";"haute"
"VICTORIA SECRET LOTION PARFUMEE T/250ML";"12500";"Cosmétique / dermo";"";"250ml";"";"";"";"hors médicament";"haute"
"VIFERON-B SOL BUV F/200ML";"2775";"Médicament";"Fer + acide folique + Vit B12";"multidosage";"Sirop / solution buvable";"ST";"Antianemique";"base PHARMACORP";"haute"
"VIFEX 1MG SP F/100ML";"2495";"Médicament";"Salbutamol + Bromhexine + Guaifenesine";"1mg";"Sirop";"Liste I";"Bronchodilatateur, Expectorant";"même marque dans la base PHARMACORP";"moyenne"
"VIKLEVO 500MG CPR B/10";"6935";"Médicament";"Levofloxacine";"500mg";"Comprimé";"Liste I";"Antibacterien (Quinolone 2 generation), Antibiotique";"base PHARMACORP";"haute"
"VIKTHRO 200MG/5ML SUSP BUV FL/15ML";"2775";"Médicament";"Azithromycine";"200mg/5ml";"Suspension buvable";"Liste I";"Antibiotique Antibacterien (Macrolides)";"même marque dans la base PHARMACORP";"moyenne"
"VIKTHRO 500MG CPR B/3";"4165";"Médicament";"Azithromycine";"500mg";"Comprimé";"Liste I";"Antibiotique Antibacterien (Macrolides)";"base PHARMACORP";"haute"
"VIKVIT-C 1000MG CPR EFFV B/20";"2910";"Médicament";"Acide ascorbique";"1000mg";"Comprimé";"ST";"Antiasthenique";"même marque dans la base PHARMACORP";"moyenne"
"VILDA DENK 50MG COMP B/28";"9015";"Médicament";"Vildagliptine";"50mg";"Comprimé";"Liste I";"Antidiabetique (Inhibiteur de la dipeptidylpeptidase)";"même marque dans la base PHARMACORP";"moyenne"
"VILDARIL 50MG CPR B/30";"8735";"Médicament";"Vildagliptine";"50mg";"Comprimé";"Liste I";"Antidiabetique (Inhibiteur de la dipeptidylpeptidase)";"base PHARMACORP";"haute"
"VILDARIL M 50MG /500MG CPR B/30";"9430";"Médicament";"Vildagliptine + Metformine";"50mg/500mg";"Comprimé";"Liste I";"Antidiabetique (Inhibiteur dipeptidyl peptidase + Biguanides)";"base PHARMACORP";"haute"
"VILDARIL M 50MG/1000MG CP B/30";"10120";"Médicament";"Metformine + Vildagliptine";"50mg/1000mg";"Comprimé";"";"";"identification manuelle (marque)";"moyenne"
"VILDARIL M 50MG/850MG CPR B/30";"9705";"Médicament";"Vildagliptine + Metformine";"50mg/850mg";"Comprimé";"Liste I";"Antidiabetique (Inhibiteur dipeptidyl peptidase + Biguanides)";"base PHARMACORP";"haute"
"VINCISEPTIL OTICO GTTE AURIC FL/5ML";"1940";"Médicament";"Fluocinolone acetonide + Benzydamine + Tetracaine + Polymyxyne B + Neomycine";"5ml";"Gouttes";"Liste I";"Antiinflammatoire, Antibiotique Antibacterien";"même marque dans la base PHARMACORP";"moyenne"
"VIONIC ALLAITEMENT GEL B/45";"5350";"";"";"";"Gélule";"";"";"non identifié";"à vérifier"
"VIRIMAX TONUS SEXUEL GELULE B/15";"7840";"Nutrition / complément";"";"";"Gélule";"";"";"hors médicament";"haute"
"VIRIMAX ULT TONIC STICK B/10";"10500";"Nutrition / complément";"";"";"";"";"";"hors médicament";"haute"
"VIRIMAX ULTRA TONIC AMP BUV B/5";"5800";"Nutrition / complément";"";"";"Injectable";"";"";"hors médicament";"haute"
"VIRIMAX VITALITE/PERF AMP BUV B/10";"10280";"Nutrition / complément";"";"";"Injectable";"";"";"hors médicament";"haute"
"VISCERALGINE 20MG SUPPO B/20";"1940";"Médicament";"Tiemonium methylsulfate";"20mg";"Suppositoire";"";"";"identification manuelle (marque)";"moyenne"
"VISCERALGINE 50MG COMP B/30";"2175";"Médicament";"Tiemonium methylsulfate";"50mg";"Comprimé";"";"";"identification manuelle (marque)";"moyenne"
"VISCERALGINE SP FL/150ML";"1940";"Médicament";"Tiemonium methylsulfate";"150ml";"Sirop";"";"";"identification manuelle (marque)";"moyenne"
"VISCID GEL SUSP BUV FL/200ML";"2660";"";"";"200ml";"Suspension buvable";"";"";"non identifié";"à vérifier"
"VISCID SUSP BUV SACHET B/20";"4230";"";"";"";"Suspension buvable";"";"";"non identifié";"à vérifier"
"VISCID SUSP BUV SACHET DETAIL/1";"210";"";"";"";"Suspension buvable";"";"";"non identifié";"à vérifier"
"VISCODRIL SP F/100ML";"2080";"";"";"100ml";"Sirop";"";"";"non identifié";"à vérifier"
"VISCOF S SP FL/100ML";"2910";"";"";"100ml";"Sirop";"";"";"non identifié";"à vérifier"
"VISCOF SIROP F/100ML";"2910";"";"";"100ml";"Sirop";"";"";"non identifié";"à vérifier"
"VISIODIS COLL F/10ML";"1000";"";"";"10ml";"Collyre";"";"";"non identifié";"à vérifier"
"VISMED MULTI GTTE FL/10ML";"13895";"Médicament";"Hyaluronate de sodium";"10ml";"Gouttes";"";"";"identification manuelle (marque)";"moyenne"
"VISMED UNIDOSE 0,3ML B/20";"8500";"Médicament";"Hyaluronate de sodium";"0,3ml";"";"";"";"identification manuelle (marque)";"moyenne"
"VISOYA PRO CAPS B/30";"4160";"Nutrition / complément";"";"";"Gélule";"";"";"hors médicament";"haute"
"VIT A POM OPHT T/10G";"5365";"Médicament";"Retinol";"10g";"Crème / pommade";"";"";"identification manuelle (marque)";"moyenne"
"VIT B 12 COLLYRE F/15ML";"6505";"Médicament";"Cyanocobalamine";"15ml";"Collyre";"";"";"identification manuelle (marque)";"moyenne"
"VIT B DENK COMP B/20";"2050";"Nutrition / complément";"";"";"Comprimé";"";"";"hors médicament";"haute"
"VIT B DENK CPR DETAIL";"890";"Nutrition / complément";"";"";"Comprimé";"";"";"hors médicament";"haute"
"VIT B DENK CPR/100 BL";"8875";"Nutrition / complément";"";"";"Comprimé";"";"";"hors médicament";"haute"
"VIT B12 1000 GERDA AMP B/6";"2230";"Médicament";"Cyanocobalamine";"1000g";"Injectable";"";"";"identification manuelle (marque)";"moyenne"
"VIT K1 CHEPL 2MG NN S INJ/BUV AMP0,2ML/1";"6530";"Médicament";"Phytomenadione";"2mg";"Injectable";"";"";"identification manuelle (marque)";"moyenne"
"VIT K1 CHEPLA 10MG INJ.BUV.B/5";"6420";"Médicament";"Phytomenadione";"10mg";"Injectable";"";"";"identification manuelle (marque)";"moyenne"
"VIT. B COMPLEXE PHI B1+B6+B12 INJ B/10";"2845";"Médicament";"Cyanocobalamine";"";"Injectable";"";"";"identification manuelle (marque)";"moyenne"
"VIT.B COMPLEXE PHI B1+B6+B12 DETAIL";"290";"Médicament";"Cyanocobalamine";"";"Comprimé";"";"";"identification manuelle (marque)";"moyenne"
"VITABACT 0,5% CY FL/1";"1275";"Médicament";"Picloxydine";"0,5%";"";"";"";"identification manuelle (marque)";"moyenne"
"VITADAR SP SS F/150ML";"2775";"Nutrition / complément";"";"150ml";"Sirop";"";"";"hors médicament";"haute"
"VITAFACT DHA PLUS GEL B/30";"10490";"Nutrition / complément";"";"";"Gélule";"";"";"hors médicament";"haute"
"VITAFACT JUNIOR GOMMES B/30";"3465";"Nutrition / complément";"";"";"";"";"";"hors médicament";"haute"
"VITAFACT SIROP F/200ML";"3900";"Nutrition / complément";"";"200ml";"Sirop";"";"";"hors médicament";"haute"
"VITAFER CAPS 150MG/0,5MG B/30";"2635";"Nutrition / complément";"Fer + Vitamines";"150mg/0,5mg";"Gélule";"";"";"identification manuelle (marque)";"moyenne"
"VITAFER FORTE SP F/200ML";"4200";"Nutrition / complément";"Fer + Vitamines";"200ml";"Sirop";"";"";"identification manuelle (marque)";"moyenne"
"VITAFER FORTE SP FL/100ML";"2525";"Nutrition / complément";"Fer + Vitamines";"100ml";"Sirop";"";"";"identification manuelle (marque)";"moyenne"
"VITAL DERMACNE CREME T/45G";"3770";"Cosmétique / dermo";"";"45g";"Crème / pommade";"";"";"hors médicament";"haute"
"VITAL FONGIDERM SAVON PAIN 90G";"2150";"Cosmétique / dermo";"";"90g";"";"";"";"hors médicament";"haute"
"VITAMAX DBLESHOT COFFE HOMME DETAIL/1";"1855";"Nutrition / complément";"";"";"";"";"";"hors médicament";"haute"
"VITAMAX DBLESHOT COFFEE FEMME S/10";"18100";"Nutrition / complément";"";"";"";"";"";"hors médicament";"haute"
"VITAMAX DBLESHOT COFFEE HOMME B/10";"18060";"Nutrition / complément";"";"";"";"";"";"hors médicament";"haute"
"VITAMAX DBLESHOT ENER TEA B/10";"18060";"Nutrition / complément";"";"";"";"";"";"hors médicament";"haute"
"VITAMAX DBLESHOT HON FEMME B/10";"18050";"Nutrition / complément";"";"";"";"";"";"hors médicament";"haute"
"VITAMAX DBLESHOT HON FEMME DETAIL";"1805";"Nutrition / complément";"";"";"";"";"";"hors médicament";"haute"
"VITAMAX DBLESHOT HONEY HOM DETAIL/1";"1855";"Nutrition / complément";"";"";"";"";"";"hors médicament";"haute"
"VITAMAX DBLESHOT HONEY HOMME B/10";"18060";"Nutrition / complément";"";"";"";"";"";"hors médicament";"haute"
"VITAMAX DBLSHOT COFFEE FEMME B/10";"17325";"Nutrition / complément";"";"";"";"";"";"hors médicament";"haute"
"VITAMAX SO SLIM SACHET B/10";"12220";"Nutrition / complément";"";"";"Poudre / sachet";"";"";"hors médicament";"haute"
"VITAMAX SO SLIM SACHET DETAIL/1";"1200";"Nutrition / complément";"";"";"Poudre / sachet";"";"";"hors médicament";"haute"
"VITAMAX THE SACHET DETAIL/1";"1855";"Nutrition / complément";"";"";"Poudre / sachet";"";"";"hors médicament";"haute"
"VITAMIN 22 SPECIFIC FEMME GEL B/60";"14055";"Nutrition / complément";"";"";"Gélule";"";"";"hors médicament";"haute"
"VITAMIN 22 SPECIFIC HOMME GEL B/60";"14045";"Nutrition / complément";"";"";"Gélule";"";"";"hors médicament";"haute"
"VITAMINE E FORTE MEPACO GELULE B/20";"3590";"Nutrition / complément";"Vitamine E";"";"Gélule";"";"";"identification manuelle (marque)";"moyenne"
"VITAPETINE GEL B/16";"4750";"Nutrition / complément";"";"";"Gélule";"";"";"hors médicament";"haute"
"VITAPETINE SP F/125ML";"5475";"Nutrition / complément";"";"125ml";"Sirop";"";"";"hors médicament";"haute"
"VITAPLUS CACAO PDRE DETAIL";"1195";"Nutrition / complément";"";"";"Poudre / sachet";"";"";"hors médicament";"haute"
"VITAPLUS CACAO POUDRE SACHET B/12";"13260";"Nutrition / complément";"";"";"Poudre / sachet";"";"";"hors médicament";"haute"
"VITAPLUS SACHET DETAIL/1";"1200";"Nutrition / complément";"";"";"Poudre / sachet";"";"";"hors médicament";"haute"
"VITAPLUS SACHET.B/12";"14345";"Nutrition / complément";"";"";"Poudre / sachet";"";"";"hors médicament";"haute"
"VITARID-C 1000MG COMP EFFERV B/20";"3850";"Nutrition / complément";"Acide ascorbique";"1000mg";"Comprimé";"";"";"identification manuelle (marque)";"moyenne"
"VITARUSH C SACHET B/10";"3440";"Nutrition / complément";"Acide ascorbique";"";"Poudre / sachet";"";"";"identification manuelle (marque)";"moyenne"
"VITASCORBOL 1G CP EFF B/2X10";"2260";"Médicament";"Acide ascorbique";"1g";"Comprimé";"";"";"identification manuelle (marque)";"moyenne"
"VITASCORBOL 500 SS COMP B/12";"1565";"Médicament";"Acide ascorbique";"";"Suspension buvable";"";"";"identification manuelle (marque)";"moyenne"
"VITASCORBOL GOMMES VIT C POT/60";"8000";"Médicament";"Acide ascorbique";"";"";"";"";"identification manuelle (marque)";"moyenne"
"VITAVIT SP F/100ML";"4350";"Nutrition / complément";"";"100ml";"Sirop";"";"";"hors médicament";"haute"
"VITFOR SP F/200ML";"3985";"Nutrition / complément";"";"200ml";"Sirop";"";"";"hors médicament";"haute"
"VITONIC ALLAITEMENT GEL B/45";"7705";"Nutrition / complément";"";"";"Gélule";"";"";"hors médicament";"haute"
"VIVAGEST CAPS MOLLE B/30";"9685";"Nutrition / complément";"";"";"Gélule";"";"";"hors médicament";"haute"
"VIVAL 0,4L EAU MINERALE";"100";"Nutrition / complément";"";"";"";"";"";"hors médicament";"haute"
"VIVAL 0,6L EAU MINERALE";"200";"Nutrition / complément";"";"";"";"";"";"hors médicament";"haute"
"VIVAL 1,5L EAU MINERALE";"400";"Nutrition / complément";"";"";"";"";"";"hors médicament";"haute"
"VIVAL PREMIUM 1.5L EAU MINERALE";"400";"Nutrition / complément";"";"";"";"";"";"hors médicament";"haute"
"VIVIRON PLUS SP F/250ML";"2425";"";"";"250ml";"Sirop";"";"";"non identifié";"à vérifier"
"VOGALENE 0,4% GTE BUV FL/30ML";"1815";"Médicament";"Metopimazine";"0,4%";"";"";"";"identification manuelle (marque)";"moyenne"
"VOGALENE 10MG INJ AMP DETAIL/1";"350";"Médicament";"Metopimazine";"10mg";"Injectable";"";"";"identification manuelle (marque)";"moyenne"
"VOGALENE 10MG INJ AMP1ML B/10";"3465";"Médicament";"Metopimazine";"10mg";"Injectable";"";"";"identification manuelle (marque)";"moyenne"
"VOGALENE 15MG GELULE B/20";"5285";"Médicament";"Metopimazine";"15mg";"Gélule";"";"";"identification manuelle (marque)";"moyenne"
"VOGALENE 5MG SUPPO B/10";"1080";"Médicament";"Metopimazine";"5mg";"Suppositoire";"";"";"identification manuelle (marque)";"moyenne"
"VOGALENE LYOC 7,5MG B/16";"3535";"Médicament";"Metopimazine";"7,5mg";"";"";"";"identification manuelle (marque)";"moyenne"
"VOGALENE SOL BUV 5MG/5ML FL/150ML";"2745";"Médicament";"Metopimazine";"5mg/5ml";"";"";"";"identification manuelle (marque)";"moyenne"
"VOLINI GEL T/30G";"1485";"Médicament";"Diclofenac + Salicylate de methyle + Menthol + Huile de lin";"30g";"Gel";"";"";"identification manuelle (marque)";"moyenne"
"VOLTARENE 100MG SUPPO B/10";"3855";"Médicament";"Diclofenac";"100mg";"Suppositoire";"";"";"identification manuelle (marque)";"moyenne"
"VOLTARENE 25MG COMP B/30 3400931895299";"2370";"Médicament";"Diclofenac";"25mg";"Comprimé";"";"";"identification manuelle (marque)";"moyenne"
"VOLTARENE 50MG COMP B/30 3400932351176";"3480";"Médicament";"Diclofenac";"50mg";"Comprimé";"";"";"identification manuelle (marque)";"moyenne"
"VOLTARENE EMULGEL 1% T/50G";"2120";"Médicament";"Diclofenac";"1%";"";"";"";"identification manuelle (marque)";"moyenne"
"VOLTARENE LP 100MG COMP B/15";"4605";"Médicament";"Diclofenac";"100mg";"Comprimé";"";"";"identification manuelle (marque)";"moyenne"
"VOLTARENE LP 75MG COMP B/30 4026358031882";"5780";"Médicament";"Diclofenac";"75mg";"Comprimé";"";"";"identification manuelle (marque)";"moyenne"
"VOV SOL APPL LOC SPRAY FL/55G";"5545";"Médicament";"Diclofenac";"55g";"Spray";"";"";"identification manuelle (marque)";"moyenne"
"VOVGEL GEL T/30G";"2080";"Médicament";"Diclofenac";"30g";"Gel";"";"";"identification manuelle (marque)";"moyenne"
"VOVNAC 100MG CPR B/30";"4160";"Médicament";"Diclofenac";"100mg";"Comprimé";"";"";"identification manuelle (marque)";"moyenne"
"WARIMAZOL 200MG CP VAG B/3";"2650";"Médicament";"Clotrimazole";"200mg";"Comprimé";"";"";"identification manuelle (marque)";"moyenne"
"WARIMAZOL CR DERM 1% T/20G";"3135";"Médicament";"Clotrimazole";"1%";"Crème / pommade";"";"";"identification manuelle (marque)";"moyenne"
"WARIVIRON 400MG CPR B/35";"17885";"Médicament";"Aciclovir";"400mg";"Comprimé";"";"";"identification manuelle (marque)";"à vérifier"
"WARIVIRON 400MG CPR DETAIL";"2555";"Médicament";"Aciclovir";"400mg";"Comprimé";"";"";"identification manuelle (marque)";"à vérifier"
"WELVIT PLUS COMP B/30";"4160";"Nutrition / complément";"Multivitamines";"";"Comprimé";"";"";"identification manuelle (marque)";"moyenne"
"WOMEN SECRET BRUME PARFUMEE 250ML";"12500";"Cosmétique / dermo";"";"250ml";"";"";"";"hors médicament";"haute"
"WORMIN 100MG CPR B/6";"885";"Médicament";"Mebendazole";"100mg";"Comprimé";"";"";"identification manuelle (marque)";"moyenne"
"WORMIN 100MG SUSP F/30ML";"1040";"Médicament";"Mebendazole";"100mg";"Suspension buvable";"";"";"identification manuelle (marque)";"moyenne"
"WORMIN 500MG CPR B/1";"415";"Médicament";"Mebendazole";"500mg";"Comprimé";"";"";"identification manuelle (marque)";"moyenne"
"X-PLENDED 10MG COMP B/30";"4490";"";"";"10mg";"Comprimé";"";"";"non identifié";"à vérifier"
"X-PLENDED 5MG COMP B/30";"2760";"";"";"5mg";"Comprimé";"";"";"non identifié";"à vérifier"
"XALACOM CY F/2,5ML";"20800";"Médicament";"Latanoprost + Timolol";"2,5ml";"";"";"";"identification manuelle (marque)";"moyenne"
"XALATAN 0,005% COLL FL/2,5ML";"20580";"Médicament";"Latanoprost";"0,005%";"Collyre";"";"";"identification manuelle (marque)";"moyenne"
"XANTERNET GEL UNIDOSE/0,4ML B/20";"13865";"Médicament";"Netilmicine + Hyaluronate de sodium + Xanthane gomme";"0,3%";"Crème / pommade / gel";"ST";"Pansement des plaies";"base PHARMACORP";"haute"
"XARELTO 10MG CPR PELL B/10";"13865";"Médicament";"Rivaroxaban";"10mg";"Comprimé";"Liste I";"Antithrombotique";"même marque dans la base PHARMACORP";"moyenne"
"XARELTO 15MG COMP B/14 3400921922516";"19410";"Médicament";"Rivaroxaban";"15mg";"Comprimé";"Liste I";"Antithrombotique";"même marque dans la base PHARMACORP";"moyenne"
"XARELTO 20MG CP B/28";"77647";"Médicament";"Rivaroxaban";"20mg";"Comprimé";"Liste I";"Antithrombotique";"même marque dans la base PHARMACORP";"moyenne"
"XARELTO 20MG CPR PELL B/14";"19410";"Médicament";"Rivaroxaban";"20mg";"Comprimé";"Liste I";"Antithrombotique";"même marque dans la base PHARMACORP";"moyenne"
"XATRAL 2,5MG CP B/30";"8750";"Médicament";"Alfuzosine chlorhydrate";"2,5mg";"Comprimé";"Liste I";"Hypertrophie benigne de la prostate";"base PHARMACORP";"haute"
"XATRAL LP 10MG COMP B/30";"25485";"Médicament";"Alfuzosine chlorhydrate";"10mg";"Comprimé";"Liste I";"Hypertrophie benigne de la prostate";"même marque dans la base PHARMACORP";"moyenne"
"XATRAL LP 5MG CP B/56";"25830";"Médicament";"Alfuzosine chlorhydrate";"5mg";"Comprimé";"Liste I";"Hypertrophie benigne de la prostate";"base PHARMACORP";"haute"
"XELIPROST 10MG CP B/10";"3880";"";"";"10mg";"Comprimé";"";"";"non identifié";"à vérifier"
"XELIPROST 5MG CP B/10";"2775";"";"";"5mg";"Comprimé";"";"";"non identifié";"à vérifier"
"XIMCLAV 200MG/125MG COMP B/10";"5895";"Médicament";"Cefixime + Acide clavulanique";"200mg/125mg";"Comprimé";"Liste I";"Antibacterien (Cephalosporines 3 generation), Antibiotique Antibacterien (Penicillines)";"même marque dans la base PHARMACORP";"moyenne"
"XL POWER L APHRODISIAQUE 4 EN 1 GEL B/10";"21255";"Hygiène";"";"1g";"Gélule";"";"";"hors médicament";"haute"
"XOLA COLL F/5ML";"6820";"Médicament";"Dorzolamide chlorhydrate";"5ml";"Collyre";"Liste I";"Antiglaucomateux";"même marque dans la base PHARMACORP";"moyenne"
"XOLAMOL COLL F/5ML";"10400";"Médicament";"Dorzolamide chlorhydrate + Timolol maleate";"5ml";"Collyre";"Liste I";"Antiglaucomateux";"même marque dans la base PHARMACORP";"moyenne"
"XONE 1G INJ IM/IV PDR INJ FL/10ML";"1650";"Médicament";"Ceftriaxone";"1g";"Injectable";"Liste I";"Antibacterien (Cephalosporines 3 generation), Antibiotique";"même marque dans la base PHARMACORP";"moyenne"
"XYKAA EXTEND 1000MG COMP B/20";"3050";"Médicament";"Paracetamol";"1000mg";"Comprimé";"";"";"identification manuelle (marque)";"moyenne"
"XYKAA MR 500MG/4MG COMP B/30";"4160";"Médicament";"Paracetamol + Thiocolchicoside";"500mg/4mg";"Comprimé";"";"";"identification manuelle (marque)";"à vérifier"
"XYKAA RAPID 500MG COMP B/20";"1040";"Médicament";"Paracetamol";"500mg";"Comprimé";"";"";"identification manuelle (marque)";"moyenne"
"XYLOCAINE 2% SS CONS F/20ML 3400934224058";"2150";"Médicament";"Lidocaine";"2%";"Suspension buvable";"";"";"identification manuelle (marque)";"moyenne"
"XYLOCAINE ADREN 2% FL/20ML B/1";"3145";"Médicament";"Lidocaine + Adrenaline";"2%";"";"";"";"identification manuelle (marque)";"moyenne"
"XYLOCAINE VISQ.GELEE T/100G";"2650";"Médicament";"Lidocaine";"100g";"";"";"";"identification manuelle (marque)";"moyenne"
"XYLOMEX 0,05% GOUTTES NASALES FL/10ML";"1385";"Médicament";"Xylometazoline chlorhydrate";"0,05%";"Gouttes";"Liste II";"Decongestif nasal";"même marque dans la base PHARMACORP";"moyenne"
"XYLOMEX 0,1% GOUTTES NASALES FL/10ML";"1390";"Médicament";"Xylometazoline chlorhydrate";"0,1%";"Gouttes";"Liste II";"Decongestif nasal";"même marque dans la base PHARMACORP";"moyenne"
"XYRA 75MG GEL B/28";"10410";"Médicament";"Pregabaline";"75mg";"Crème / pommade / gel";"Liste I";"Antiepileptique, Douleurs neuropathiques";"base PHARMACORP";"haute"
"XYZALL 5MG COMP B/14";"6115";"Médicament";"Levocetirizine dichlorhydrate";"5mg";"Comprimé";"Liste II";"Antihistaminique, Antiallergique";"même marque dans la base PHARMACORP";"moyenne"
"YANG CHUN GEL B/6";"11095";"Médicament";"Extraits de phyto koreanum, ginseng, orobanchecoerulescens, cistanches herba, ganoderma du mont kumga, cuscuta chinensis,epimedum koreanum, eleutherococcus, pleurapterus multiforum, ginkgo biloba, Vit E";"multidosage";"Crème / pommade / gel";"Liste I";"Aphrodisiaque";"base PHARMACORP";"haute"
"YEMAY KIT COMP B/4";"3815";"Médicament";"Fluconazole + Azithromycine + Secnidazole";"";"Comprimé";"Liste I";"Antifongique Antibiotique Antibacterien (Macrolides) Antiparasitaire";"même marque dans la base PHARMACORP";"moyenne"
"YENDOL N SACHETS B/10";"3205";"Médicament";"Paracetamol + Cafeine + Chlorphenamine";"";"Poudre / sachet";"ST";"Antigrippal";"même marque dans la base PHARMACORP";"moyenne"
"YODAFAR 200 COMP";"3260";"Médicament";"Iodure de potassium";"";"Comprimé";"ST";"Supplementation potassique";"même marque dans la base PHARMACORP";"moyenne"
"YODOCEFOL 200MCG/400MCG/2MCG COMP B/28";"2775";"Médicament";"Acide folique + Iode + Vit B12";"200mcg/400mcg";"Comprimé";"ST";"Complement alimentaire";"même marque dans la base PHARMACORP";"moyenne"
"Z COT 10 MG COMP.B/30";"8505";"";"";"10mg";"Comprimé";"";"";"non identifié";"à vérifier"
"Z COT 15MG COMP B/30";"11090";"";"";"15mg";"Comprimé";"";"";"non identifié";"à vérifier"
"Z COT 20MG COMP.B/30";"13865";"";"";"20mg";"Comprimé";"";"";"non identifié";"à vérifier"
"Z ZOLE 4G/100ML F/10ML";"1690";"";"";"4g/100ml";"";"";"";"non identifié";"à vérifier"
"ZALAIN 300MG OVULE B/1";"4300";"Médicament";"Sertaconazole";"300mg";"Ovule";"Liste I";"Antifongique, Antimycosique";"même marque dans la base PHARMACORP";"moyenne"
"ZAMOX 1000MG/125MG SACHET B/12";"6655";"Médicament";"Amoxicilline + Acide clavulanique";"1000mg/125mg";"Poudre / sachet";"Liste I";"Antibiotique Antibacterien (Penicillines)";"même marque dans la base PHARMACORP";"moyenne"
"ZAMOX 100MG/12.5 SIROP F/60ML";"4590";"Médicament";"Amoxicilline + Acide clavulanique";"100mg";"Sirop";"Liste I";"Antibiotique Antibacterien (Penicillines)";"même marque dans la base PHARMACORP";"moyenne"
"ZAMUDOL LP 100MG GEL/10";"6100";"Médicament";"Tramadol chlorhydrate";"100mg";"Gélule";"Liste I";"Analgesique";"même marque dans la base PHARMACORP";"moyenne"
"ZAMUDOL LP 50MG GEL B/10";"3050";"Médicament";"Tramadol chlorhydrate";"50mg";"Gélule";"Liste I";"Analgesique";"même marque dans la base PHARMACORP";"moyenne"
"ZANEXTRA 20MG/10MG COMP PELL B/30";"14085";"Médicament";"Enalapril + Lercanidipine";"20mg/10mg";"Comprimé";"Liste I";"Antihypertenseur (IEC + IC)";"même marque dans la base PHARMACORP";"moyenne"
"ZANEXTRA 20MG/20MG COMP PELL B/30";"14085";"Médicament";"Enalapril + Lercanidipine";"20mg/20mg";"Comprimé";"Liste I";"Antihypertenseur (IEC + IC)";"même marque dans la base PHARMACORP";"moyenne"
"ZANIDIP 10MG COMP B/30";"6115";"Médicament";"Lercanidipine";"10mg";"Comprimé";"Liste I";"Antihypertenseur (IC)";"même marque dans la base PHARMACORP";"moyenne"
"ZANIDIP 20MG COMP B/30";"6310";"Médicament";"Lercanidipine";"20mg";"Comprimé";"Liste I";"Antihypertenseur (IC)";"même marque dans la base PHARMACORP";"moyenne"
"ZAVAFEN 100MG COMP B/10";"2775";"Médicament";"Aceclofenac";"100mg";"Comprimé";"Liste II";"Antiinflammatoire non steroidien";"même marque dans la base PHARMACORP";"moyenne"
"ZEBEN 400MG CPR B/1";"695";"Médicament";"Albendazole";"400mg";"Comprimé";"Liste II";"Antiparasitaire, Antihelminthique";"même marque dans la base PHARMACORP";"moyenne"
"ZECLAR 25MG GRAN SUSP BUV FL/100ML";"6100";"Médicament";"Clarithromycine";"25mg";"Suspension buvable";"Liste I";"Antibacterien, Antiinfectieux, Antibacterien (Macrolides)";"même marque dans la base PHARMACORP";"moyenne"
"ZECLAR 500MG COMP B/14 3400933828066";"7210";"Médicament";"Clarithromycine";"500mg";"Comprimé";"Liste I";"Antibacterien, Antiinfectieux, Antibacterien (Macrolides)";"même marque dans la base PHARMACORP";"moyenne"
"ZEFLET 100MG/5ML PDRE SUSP BUV FL/30ML";"3620";"Médicament";"Cefixime";"100mg/5ml";"Suspension buvable";"Liste I";"Antibiotique Antibacterien (Cephalosporines 3 generation)";"même marque dans la base PHARMACORP";"moyenne"
"ZEFLET 200MG COMP B/10";"4575";"Médicament";"Cefixime";"200mg";"Comprimé";"Liste I";"Antibiotique Antibacterien (Cephalosporines 3 generation)";"même marque dans la base PHARMACORP";"moyenne"
"ZELITREX 500MG COMP B/10";"18610";"Médicament";"Valaciclovir";"500mg";"Comprimé";"Liste I";"Antiviral";"même marque dans la base PHARMACORP";"moyenne"
"ZEMCLAV 1125MG/1000MG/125MG COMP B/14";"6240";"Médicament";"Amoxicilline + Acide clavulanique";"1125mg/1000mg";"Comprimé";"Liste I";"Antibiotique Antibacterien (Penicillines)";"même marque dans la base PHARMACORP";"moyenne"
"ZEMFER 60MG/1MG SIROP FL/200ML";"2775";"Médicament";"Fer + Acide ascorbique";"60mg/1mg";"Sirop";"ST";"Antianemique";"même marque dans la base PHARMACORP";"moyenne"
"ZEMFORTE 100MG/325MG/15MG COMP DETAIL";"2080";"Médicament";"Aceclofenac + Paracetamol + Serratiopeptidase";"100mg/325mg";"Comprimé";"Liste II";"Antalgique, Antipyrétique, Antiinflammatoire non steroidien";"même marque dans la base PHARMACORP";"moyenne"
"ZEMFORTE 100MG/325MG/15MG COMP.B/10X1X10";"20800";"Médicament";"Aceclofenac + Paracetamol + Serratiopeptidase";"100mg/325mg";"Comprimé";"Liste II";"Antalgique, Antipyrétique, Antiinflammatoire non steroidien";"même marque dans la base PHARMACORP";"moyenne"
"ZEMGRIPE 500/10/2,5/30MG COMP POCHETTE/4";"275";"Médicament";"Paracetamol + Phenylephrine + Chlorpheniramine + Cafeine";"500/10/2,5/30mg";"Comprimé";"ST";"Antigrippal";"même marque dans la base PHARMACORP";"moyenne"
"ZEMGRIPE 500/10/2.5/30MG B/100 3605870001088";"6935";"Médicament";"Paracetamol + Phenylephrine + Chlorpheniramine + Cafeine";"500/10/2.5/30mg";"";"ST";"Antigrippal";"même marque dans la base PHARMACORP";"moyenne"
"ZEMTOUX GOUT GINGEMBRE/CITRON PAST B/6";"550";"Médicament";"Shudha ghugui + Draksha + Vishnupirya + Jufa + Guduchi + Vasaka + Jatipatra + Yashtimadhu + Gojiha + Neelpshpa + Triphala + Trikatu + Vidang + Kantakan + Taja + Navasadar + Menthol";"";"";"ST";"Antitussif toux sèche";"même marque dans la base PHARMACORP";"moyenne"
"ZEMTOUX SIROP F/150ML";"1805";"Médicament";"Shudha ghugui + Draksha + Vishnupirya + Jufa + Guduchi + Vasaka + Jatipatra + Yashtimadhu + Gojiha + Neelpshpa + Triphala + Trikatu + Vidang + Kantakan + Taja + Navasadar + Menthol";"150ml";"Sirop";"ST";"Antitussif toux sèche";"même marque dans la base PHARMACORP";"moyenne"
"ZENAVAN 50MG GEL T/40G";"3645";"Médicament";"Etofenamate";"50mg";"Gel";"ST";"Antiinflammatoire non steroidien";"même marque dans la base PHARMACORP";"moyenne"
"ZENIFER SUSP BUV F/200ML";"2495";"Médicament";"Fer + Acide folique + Vit B12 + Zinc";"30mg/500mcg/6mg/11mg";"Sirop / solution buvable";"ST";"Antianemique";"base PHARMACORP";"haute"
"ZENTEL 4% SUSP BUV FL/10ML";"2300";"Médicament";"Albendazole";"4%";"Suspension buvable";"Liste II";"Antiparasitaire, Antihelminthique";"même marque dans la base PHARMACORP";"moyenne"
"ZENTEL 400MG CPR B/1";"2025";"Médicament";"Albendazole";"400mg";"Comprimé";"Liste II";"Antiparasitaire, Antihelminthique";"même marque dans la base PHARMACORP";"moyenne"
"ZEPOTIL 200MG CPR PELL B/10";"5545";"Médicament";"Cefpodoxime proxetil";"200mg";"Comprimé";"Liste I";"Antibacterien, Antiinfectieux, Antibacterien (Cephalosporines 3 generation)";"même marque dans la base PHARMACORP";"moyenne"
"ZEPOTIL 50MG/5ML PDRE SUSP BUV FL/60ML";"5545";"Médicament";"Cefpodoxime proxetil";"50mg/5ml";"Suspension buvable";"Liste I";"Antibacterien, Antiinfectieux, Antibacterien (Cephalosporines 3 generation)";"même marque dans la base PHARMACORP";"moyenne"
"ZEPOTIL DT 100MG CPR DISP B/10";"4855";"Médicament";"Cefpodoxime proxetil";"100mg";"Comprimé";"Liste I";"Antibacterien, Antiinfectieux, Antibacterien (Cephalosporines 3 generation)";"même marque dans la base PHARMACORP";"moyenne"
"ZERODOL 100MG CPR 1BL10";"2535";"Médicament";"Aceclofenac";"100mg";"Comprimé";"";"";"identification manuelle (marque)";"moyenne"
"ZERODOL CR 200MG COMP/B/30";"8320";"Médicament";"Aceclofenac";"200mg";"Comprimé";"";"";"identification manuelle (marque)";"moyenne"
"ZERODOL LP 200MG CR CPR 1BL10";"3330";"Médicament";"Aceclofenac";"200mg";"Comprimé";"";"";"identification manuelle (marque)";"moyenne"
"ZERODOL P CPR 1BL10";"2910";"Médicament";"Aceclofenac + Paracetamol";"";"Comprimé";"";"";"identification manuelle (marque)";"moyenne"
"ZERODOL P CPR 3BL10";"6935";"Médicament";"Aceclofenac + Paracetamol";"";"Comprimé";"";"";"identification manuelle (marque)";"moyenne"
"ZEXIM 100MG PDR S.BUV F/30ML";"5825";"Médicament";"Cefixime";"100mg";"";"";"";"identification manuelle (marque)";"moyenne"
"ZEXIM 200MG PDR S.BUV F/30ML";"6310";"Médicament";"Cefixime";"200mg";"";"";"";"identification manuelle (marque)";"moyenne"
"ZEXIM 400MG GEL B/5";"5825";"Médicament";"Cefixime";"400mg";"Gélule";"";"";"identification manuelle (marque)";"moyenne"
"ZIMFIL-ODS 10MG LANGUET ORODISP SACH B/10";"2635";"Médicament";"Tadalafil";"10mg";"Poudre / sachet";"Liste I";"Troubles de l'érection";"même marque dans la base PHARMACORP";"moyenne"
"ZIMFIL-ODS 20MG LANGUET ORODISP SACH B/10";"5545";"Médicament";"Tadalafil";"20mg";"Poudre / sachet";"Liste I";"Troubles de l'érection";"même marque dans la base PHARMACORP";"moyenne"
"ZIMYTRON 500MG COMP DISP B/3";"2775";"Médicament";"Azithromycine";"500mg";"Comprimé";"";"";"identification manuelle (marque)";"moyenne"
"ZINNAT 125MG GRAN SUSP BUV FL/40ML";"6405";"Médicament";"Cefuroxime";"125mg";"Suspension buvable";"Liste I";"Antibacterien (Cephalosporines 2 generation), Antibiotique";"même marque dans la base PHARMACORP";"moyenne"
"ZINNAT 125MG SUSP BUV FL/80ML";"6960";"Médicament";"Cefuroxime";"125mg";"Suspension buvable";"Liste I";"Antibacterien (Cephalosporines 2 generation), Antibiotique";"même marque dans la base PHARMACORP";"moyenne"
"ZINNAT 250MG COMP B/8";"6865";"Médicament";"Cefuroxime";"250mg";"Comprimé";"Liste I";"Antibacterien (Cephalosporines 2 generation), Antibiotique";"même marque dans la base PHARMACORP";"moyenne"
"ZINOCET 5MG COMP.B/20";"3465";"Médicament";"Cetirizine";"5mg";"Comprimé";"";"";"identification manuelle (marque)";"moyenne"
"ZITHROMAX 200MG PDRE SUSP BUV F/22.5ML 3700677765192";"7975";"Médicament";"Azithromycine";"200mg";"Suspension buvable";"Liste I";"Antibiotique Antibacterien (Macrolides)";"même marque dans la base PHARMACORP";"moyenne"
"ZITHROMAX 200MG/5ML SUSP BUV FL/15ML 3401020252863";"5310";"Médicament";"Azithromycine";"200mg/5ml";"Suspension buvable";"Liste I";"Antibiotique Antibacterien (Macrolides)";"même marque dans la base PHARMACORP";"moyenne"
"ZITHROMAX 500MG COMP B/3";"10910";"Médicament";"Azithromycine";"500mg";"Comprimé";"Liste I";"Antibiotique Antibacterien (Macrolides)";"même marque dans la base PHARMACORP";"moyenne"
"ZITMYC 500MG CP B/3";"2775";"Médicament";"Azithromycine";"500mg";"Comprimé";"Liste I";"Antibiotique Antibacterien (Macrolides)";"même marque dans la base PHARMACORP";"moyenne"
"ZOCIN 500MG CPR B/3";"5545";"Médicament";"Azithromycine";"500mg";"Comprimé";"Liste I";"Antibiotique Antibacterien (Macrolides)";"même marque dans la base PHARMACORP";"moyenne"
"ZOCIN SUSP FL/15ML";"3815";"Médicament";"Azithromycine";"15ml";"Suspension buvable";"Liste I";"Antibiotique Antibacterien (Macrolides)";"même marque dans la base PHARMACORP";"moyenne"
"ZOCOR 20MG COMP.B/28";"6350";"Médicament";"Simvastatine";"20mg";"Comprimé";"Liste I";"Hypocholesterolemiant (Statines), Hypolipemiant";"même marque dans la base PHARMACORP";"moyenne"
"ZOFLOX 500MG CP B/10";"2775";"Médicament";"Ofloxacine";"500mg";"Comprimé";"";"";"identification manuelle (marque)";"moyenne"
"ZOFLOX 750MG CP B/10";"4160";"Médicament";"Ofloxacine";"750mg";"Comprimé";"";"";"identification manuelle (marque)";"moyenne"
"ZOLADEX 10,8MG IMPLANT INJ SER PREP SC/1 3400933963811";"257605";"Médicament";"Gosereline";"10,8mg";"Injectable";"Liste I";"Maladies de la prostate et des os";"même marque dans la base PHARMACORP";"moyenne"
"ZOLCER KIT B/42";"16640";"Médicament";"Omeprazole + Tinidazole + Clarithromycine";"20mg/500mg/250mg/";"Autre";"Liste I";"Antiulcereux, Antibiotique Antibacterien";"base PHARMACORP";"haute"
"ZOLCER KIT COMP DETAIL";"2380";"Médicament";"Omeprazole + Tinidazole + Clarithromycine";"";"Comprimé";"Liste I";"Antiulcereux, Antibiotique Antibacterien";"même marque dans la base PHARMACORP";"moyenne"
"ZOLINE 500MG CP B/10";"6935";"Médicament";"Levofloxacine";"500mg";"Comprimé";"Liste I";"Antibacterien (Quinolone 2 generation), Antibiotique";"base PHARMACORP";"haute"
"ZOLMITRIPTAN BIOGARAN 2,5MG COMP OROD B/6 3400949247127";"6975";"Médicament";"Zolmitriptan";"2,5mg";"Comprimé";"";"";"DCI citée dans la désignation";"moyenne"
"ZOUCEF 1G PDRE SOL INJ+SOLV B/1";"2775";"Médicament";"Ceftriaxone";"1g";"Injectable";"Liste I";"Antibacterien (Cephalosporines 3 generation), Antibiotique";"base PHARMACORP";"haute"
"ZOVIRAX 200MG COMP B/25";"23045";"Médicament";"Aciclovir";"200mg";"Comprimé";"Liste I";"Antiviral";"même marque dans la base PHARMACORP";"moyenne"
"ZOVIRAX 200MG COMP UN";"7840";"Médicament";"Aciclovir";"200mg";"Comprimé";"Liste I";"Antiviral";"même marque dans la base PHARMACORP";"moyenne"
"ZUVENDINE 5% SOL DERMIQUE FL/100ML";"1455";"Médicament";"Povidone iodee";"5%";"";"ST";"Antiseptique externe";"même marque dans la base PHARMACORP";"moyenne"
"ZYLORIC 100MG COMP B/28";"1595";"Médicament";"Allopurinol";"100mg";"Comprimé";"Liste I";"Antigoutteux, Hypo uricemiant";"même marque dans la base PHARMACORP";"moyenne"
"ZYLORIC 200MG COMP B/28";"2510";"Médicament";"Allopurinol";"200mg";"Comprimé";"Liste I";"Antigoutteux, Hypo uricemiant";"même marque dans la base PHARMACORP";"moyenne"
"ZYLORIC 300MG COMP B/28";"3230";"Médicament";"Allopurinol";"300mg";"Comprimé";"Liste I";"Antigoutteux, Hypo uricemiant";"même marque dans la base PHARMACORP";"moyenne"
"ZYLPREX 10MG COMP.SEC B/10";"2955";"Médicament";"Cetirizine";"10mg";"Comprimé";"Liste II";"Antihistaminique";"même marque dans la base PHARMACORP";"moyenne"
"ZYLPREX CPR PELL B/10";"2955";"Médicament";"Cetirizine";"";"Comprimé";"Liste II";"Antihistaminique";"même marque dans la base PHARMACORP";"moyenne"
"ZYLPREX SP F/30ML";"1385";"Médicament";"Cetirizine";"30ml";"Sirop";"Liste II";"Antihistaminique";"même marque dans la base PHARMACORP";"moyenne"
"ZYNOCET 5MG COMP.B20";"3465";"Médicament";"Cetirizine";"5mg";"Comprimé";"";"";"identification manuelle (marque)";"moyenne"
"ZYRTEC 10MG COMP B/10";"4245";"Médicament";"Cetirizine";"10mg";"Comprimé";"Liste II";"Antihistaminique";"même marque dans la base PHARMACORP";"moyenne"